snapshot_date,coin_id,symbol,name,market_cap_rank,price_usd,market_cap_usd,volume_24h_usd
2026-05-31,bitcoin,btc,Bitcoin,,73820.303853,1479111074457.094,18374444051.152412
2026-06-01,bitcoin,btc,Bitcoin,,73598.668124,1474670238472.3772,16617912637.659142
2026-06-02,bitcoin,btc,Bitcoin,,71320.293065,1429084366219.4146,48870728373.42597
2026-06-03,bitcoin,btc,Bitcoin,,66727.264155,1337077983137.808,61786877126.25958
2026-06-04,bitcoin,btc,Bitcoin,,64046.610646,1283384941923.1694,43649392701.85552
2026-06-05,bitcoin,btc,Bitcoin,,63810.659238,1278676276214.779,60995145201.16938
2026-06-06,bitcoin,btc,Bitcoin,,60960.1014,1221584775490.4983,45506430145.38753
2026-06-07,bitcoin,btc,Bitcoin,,60855.254265,1219483734629.1333,31010313650.452156
2026-06-08,bitcoin,btc,Bitcoin,,63273.537431,1267943921370.2615,33326211424.640003
2026-06-09,bitcoin,btc,Bitcoin,,63069.147793,1263848139632.9338,32495793038.066757
2026-06-10,bitcoin,btc,Bitcoin,,61669.763842,1235805762898.2478,35017939157.83543
2026-06-11,bitcoin,btc,Bitcoin,,61480.144433,1232005963062.1147,26327022779.7125
2026-06-12,bitcoin,btc,Bitcoin,,63555.661811,1273749779296.1104,28342001883.939762
2026-06-13,bitcoin,btc,Bitcoin,,63532.277825,1273309909632.204,26198317555.20565
2026-06-14,bitcoin,btc,Bitcoin,,64408.809754,1290903457306.5925,16875136749.718493
2026-06-15,bitcoin,btc,Bitcoin,,65709.310946,1316997723207.2698,21124197393.114784
2026-06-16,bitcoin,btc,Bitcoin,,66292.501179,1328716312457.8525,30758717645.22543
2026-06-17,bitcoin,btc,Bitcoin,,65619.2808,1315255606491.9746,25251031908.02844
2026-06-18,bitcoin,btc,Bitcoin,,64444.54533,1291736519936.9531,31384852552.080708
2026-06-19,bitcoin,btc,Bitcoin,,62897.238555,1260755460004.2776,30204028640.80352
2026-06-20,bitcoin,btc,Bitcoin,,63489.810948,1272662339486.1091,23645282131.211132
2026-06-21,bitcoin,btc,Bitcoin,,64253.398695,1287998314407.3254,18855396681.673313
2026-06-22,bitcoin,btc,Bitcoin,,63255.485253,1268020785738.6846,16915246357.834028
2026-06-23,bitcoin,btc,Bitcoin,,63937.285264,1281722561349.0657,27569840544.502632
2026-06-24,bitcoin,btc,Bitcoin,,62662.292019,1256197234338.4941,30689271786.405464
2026-06-25,bitcoin,btc,Bitcoin,,60989.573522,1222695488973.654,43171393360.53368
2026-06-26,bitcoin,btc,Bitcoin,,59726.736535,1197409796612.7463,41007492811.17548
2026-06-27,bitcoin,btc,Bitcoin,,60022.325666,1203364318622.97,39614814581.667755
2026-06-28,bitcoin,btc,Bitcoin,,59953.443344,1202013480250.0635,16056335655.741009
2026-06-29,bitcoin,btc,Bitcoin,,59494.606386,1192836694280.2336,17361816169.775818
2026-06-30,bitcoin,btc,Bitcoin,,60152.358721,1206050822293.0742,32075473636.027355
2026-07-01,bitcoin,btc,Bitcoin,,58566.091992,1174271521060.0322,32381442094.945057
2026-07-02,bitcoin,btc,Bitcoin,,59967.685042,1202400598943.6472,39101214529.08516
2026-07-03,bitcoin,btc,Bitcoin,,61490.214485,1232955847657.318,40481809940.94352
2026-07-04,bitcoin,btc,Bitcoin,,62553.612892,1254308594105.5916,26816869526.90458
2026-07-05,bitcoin,btc,Bitcoin,,63088.406754,1265061539174.8157,19151546833.425976
2026-07-06,bitcoin,btc,Bitcoin,,63586.102141,1275068261445.5964,18666512398.727943
2026-07-07,bitcoin,btc,Bitcoin,,64001.235424,1283414917919.9055,36365921502.667404
2026-07-08,bitcoin,btc,Bitcoin,,63335.309291,1270088861350.0464,31452448064.454205
2026-07-09,bitcoin,btc,Bitcoin,,62247.130482,1248292438971.084,27882580909.181175
2026-07-10,bitcoin,btc,Bitcoin,,63192.878972,1267284402881.5332,26707343178.318974
2026-07-11,bitcoin,btc,Bitcoin,,64110.974822,1285721301995.1152,27782860991.65925
2026-07-12,bitcoin,btc,Bitcoin,,63791.353053,1279338966428.7214,14235365169.719538
2026-07-13,bitcoin,btc,Bitcoin,,63746.655958,1278471632284.2085,19015013213.72812
2026-07-14,bitcoin,btc,Bitcoin,,62278.963016,1249064515645.423,31361911542.918644
2026-07-15,bitcoin,btc,Bitcoin,,64983.519074,1303338246252.6511,32016409409.06845
2026-07-16,bitcoin,btc,Bitcoin,,64717.168891,1298025137560.8176,28397592354.339935
2026-07-17,bitcoin,btc,Bitcoin,,63792.287427,1279500217318.545,27825917044.490063
2026-07-18,bitcoin,btc,Bitcoin,,63904.954015,1281784159472.132,28871351366.178684
2026-07-19,bitcoin,btc,Bitcoin,,64795.703823,1299683566530.6624,15451966881.20787
2026-07-20,bitcoin,btc,Bitcoin,,64670.401175,1297204952087.9087,16372745607.748148
2026-07-21,bitcoin,btc,Bitcoin,,65184.921443,1307555290285.9756,32520098295.98486
2026-07-22,bitcoin,btc,Bitcoin,,66520.981646,1334382819959.6755,30875118859.101532
2026-07-23,bitcoin,btc,Bitcoin,,66077.056465,1325502184529.7004,28939202566.320488
2026-07-24,bitcoin,btc,Bitcoin,,65052.476671,1304974799855.8557,25573855466.75085
2026-07-25,bitcoin,btc,Bitcoin,,64092.647398,1285752729182.6663,26949656279.25039
2026-07-26,bitcoin,btc,Bitcoin,,64318.245201,1290305361316.3142,14475620140.07091
2026-07-27,bitcoin,btc,Bitcoin,,65343.824511,1310910033816.3235,14859985103.945753
2026-07-28,bitcoin,btc,Bitcoin,,63701.352881,1277986670016.6462,25830118462.162563
2026-07-29,bitcoin,btc,Bitcoin,,63881.943279,1281635447724.1555,24427415031.02056
2026-07-30,bitcoin,btc,Bitcoin,,63916.597949,1282357106740.2524,28201903973.511047
2026-07-31,bitcoin,btc,Bitcoin,,64743.337146,1298974060219.3184,26380169353.78833
2026-08-01,bitcoin,btc,Bitcoin,,62820.086138,1260419444191.851,29578746588.718693
2026-08-02,bitcoin,btc,Bitcoin,,62772.577264,1259498179475.967,13867068846.899143
2026-08-03,bitcoin,btc,Bitcoin,,63504.415598,1274211082116.0454,15928756965.753572
2026-08-04,bitcoin,btc,Bitcoin,,63465.199689,1273453221607.5356,25488990096.917442
2026-08-05,bitcoin,btc,Bitcoin,,64062.17373,1285462929668.2993,22979346232.877865
2026-08-06,bitcoin,btc,Bitcoin,,64608.705388,1296457212673.4585,23456084571.954884
2026-08-07,bitcoin,btc,Bitcoin,,64262.74831,1289540648880.6145,18543020925.31411
2026-08-08,bitcoin,btc,Bitcoin,,64879.756086,1301953613966.186,21708815799.29666
2026-08-09,bitcoin,btc,Bitcoin,,64917.239293,1302733775497.4954,12399729091.279987
2026-08-10,bitcoin,btc,Bitcoin,,64856.097825,1301536386806.1301,12957668413.087194
2026-08-11,bitcoin,btc,Bitcoin,,63915.712136,1282693235981.1963,20628873466.305775
2026-08-12,bitcoin,btc,Bitcoin,,63537.55989,1275130714721.0269,20095612608.80128
2026-08-13,bitcoin,btc,Bitcoin,,63408.625697,1272571233715.507,22071166502.05402
2026-08-14,bitcoin,btc,Bitcoin,,63429.179063,1273011889393.6423,18868048226.436295
2026-08-15,bitcoin,btc,Bitcoin,,62984.289596,1264110816166.4216,20141227880.901295
2026-08-16,bitcoin,btc,Bitcoin,,63031.04826,1265078583959.118,10409218158.399632
2026-08-17,bitcoin,btc,Bitcoin,,62843.703685,1261349110988.947,9661851536.935368
2026-08-18,bitcoin,btc,Bitcoin,,64491.345283,1294439197690.8708,21603650491.523956
2026-08-19,bitcoin,btc,Bitcoin,,64686.257826,1298351388299.5034,18173594957.816174
2026-08-20,bitcoin,btc,Bitcoin,,69291.01043,1390775763079.549,43990704909.19695
2026-08-21,bitcoin,btc,Bitcoin,,73020.945634,1465641224678.0603,54562051680.33916
2026-08-22,bitcoin,btc,Bitcoin,,78317.777163,1571956674056.353,71451157994.9994
2026-08-23,bitcoin,btc,Bitcoin,,77081.02299,1547133140402.384,36689774596.6109
2026-08-24,bitcoin,btc,Bitcoin,,77712.320092,1559804231557.777,29643785728.58765
2026-08-25,bitcoin,btc,Bitcoin,,78973.886936,1585379062421.7615,51335516518.744095
2026-08-26,bitcoin,btc,Bitcoin,,78511.233112,1576126744181.299,42844457202.96398
2026-08-27,bitcoin,btc,Bitcoin,,79018.034058,1586333891398.6638,28508064828.85475
2026-08-28,bitcoin,btc,Bitcoin,,80268.374747,1611476640675.1921,33271382525.81097
2026-05-31,ethereum,eth,Ethereum,,2021.665391,243985261872.80014,7309721337.815556
2026-06-01,ethereum,eth,Ethereum,,2005.052057,241980194646.4275,8798577983.65509
2026-06-02,ethereum,eth,Ethereum,,2003.579447,241802405659.34933,17641251039.019615
2026-06-03,ethereum,eth,Ethereum,,1858.364048,224276922375.7809,22398056413.249477
2026-06-04,ethereum,eth,Ethereum,,1811.714991,218646847414.9501,22460032720.27168
2026-06-05,ethereum,eth,Ethereum,,1769.031733,213495452809.0861,25717635461.02949
2026-06-06,ethereum,eth,Ethereum,,1582.458829,190978752181.88416,38205353386.90695
2026-06-07,ethereum,eth,Ethereum,,1568.702795,189318197707.50336,18640275407.494694
2026-06-08,ethereum,eth,Ethereum,,1687.882685,203701307543.392,16062772861.618362
2026-06-09,ethereum,eth,Ethereum,,1690.495085,204016538883.978,17032455956.759356
2026-06-10,ethereum,eth,Ethereum,,1638.750414,197771660387.75195,14438363030.352573
2026-06-11,ethereum,eth,Ethereum,,1620.917391,195619412992.2519,12687812229.500313
2026-06-12,ethereum,eth,Ethereum,,1671.869047,201768387468.37537,12635592497.522842
2026-06-13,ethereum,eth,Ethereum,,1665.555125,201006326715.53604,10271188237.766333
2026-06-14,ethereum,eth,Ethereum,,1680.305552,202786394956.7776,6441342040.178422
2026-06-15,ethereum,eth,Ethereum,,1725.448928,208234439253.2255,8722419528.693426
2026-06-16,ethereum,eth,Ethereum,,1794.95766,216622998493.3419,17421141494.745083
2026-06-17,ethereum,eth,Ethereum,,1791.388678,216192147348.88727,14895312465.041277
2026-06-18,ethereum,eth,Ethereum,,1748.754974,211046873391.0524,14238667168.314316
2026-06-19,ethereum,eth,Ethereum,,1710.079111,206379242687.9148,13166567999.261673
2026-06-20,ethereum,eth,Ethereum,,1708.878554,206234250069.17407,8744393544.88749
2026-06-21,ethereum,eth,Ethereum,,1739.276935,209902786728.71887,8660156114.59372
2026-06-22,ethereum,eth,Ethereum,,1704.913014,205755555330.1328,9501777100.678152
2026-06-23,ethereum,eth,Ethereum,,1725.162021,208199241296.49207,14844534842.973106
2026-06-24,ethereum,eth,Ethereum,,1665.716241,201025025282.61243,11028765091.96417
2026-06-25,ethereum,eth,Ethereum,,1620.643408,195585379105.89435,14564492017.893734
2026-06-26,ethereum,eth,Ethereum,,1566.00813,188991665755.70743,15715979048.939772
2026-06-27,ethereum,eth,Ethereum,,1576.917648,190308081815.48938,15385677746.031172
2026-06-28,ethereum,eth,Ethereum,,1571.937127,189706894652.55972,6488596779.477047
2026-06-29,ethereum,eth,Ethereum,,1570.080552,189482804157.67572,6688950133.242254
2026-06-30,ethereum,eth,Ethereum,,1609.751186,194270370492.90536,12257591853.273031
2026-07-01,ethereum,eth,Ethereum,,1569.827175,189452148354.94492,9776507854.22924
2026-07-02,ethereum,eth,Ethereum,,1608.254387,194089602864.7811,11965520976.255758
2026-07-03,ethereum,eth,Ethereum,,1698.561052,204988032961.64233,13732855612.657272
2026-07-04,ethereum,eth,Ethereum,,1756.980464,212038138510.35922,10305574832.445166
2026-07-05,ethereum,eth,Ethereum,,1779.908385,214805111963.64227,8250450293.077493
2026-07-06,ethereum,eth,Ethereum,,1784.262299,215330521708.11813,10890625673.403336
2026-07-07,ethereum,eth,Ethereum,,1798.557105,217055626708.547,16362634630.524921
2026-07-08,ethereum,eth,Ethereum,,1771.222395,213756723632.7925,9863305816.642056
2026-07-09,ethereum,eth,Ethereum,,1742.249454,210260122320.1991,10424310698.384363
2026-07-10,ethereum,eth,Ethereum,,1744.695388,210555249028.31128,7463353201.529596
2026-07-11,ethereum,eth,Ethereum,,1795.239466,216655030211.1195,8967123815.261372
2026-07-12,ethereum,eth,Ethereum,,1787.948594,215775095411.18936,6693222695.327211
2026-07-13,ethereum,eth,Ethereum,,1805.486285,217891552265.4176,6029403660.551113
2026-07-14,ethereum,eth,Ethereum,,1774.090925,214102634317.62497,10937935597.693302
2026-07-15,ethereum,eth,Ethereum,,1890.309392,228128182150.20947,13672614153.992453
2026-07-16,ethereum,eth,Ethereum,,1916.758646,231320074235.7647,11778781495.282999
2026-07-17,ethereum,eth,Ethereum,,1863.006501,224833051309.7742,10783158385.916962
2026-07-18,ethereum,eth,Ethereum,,1840.768119,222149185555.00424,10022919662.432865
2026-07-19,ethereum,eth,Ethereum,,1862.322348,224750368580.7533,4987957002.308284
2026-07-20,ethereum,eth,Ethereum,,1870.817035,225775502701.29886,6954436039.274067
2026-07-21,ethereum,eth,Ethereum,,1901.773515,229511401059.90768,11562172058.259706
2026-07-22,ethereum,eth,Ethereum,,1928.655896,232755599657.75903,11705227603.004368
2026-07-23,ethereum,eth,Ethereum,,1933.413258,233329678635.40228,10248156689.026426
2026-07-24,ethereum,eth,Ethereum,,1877.460608,226577108826.6929,9329058790.648285
2026-07-25,ethereum,eth,Ethereum,,1860.442501,224523247342.9193,8648456718.721657
2026-07-26,ethereum,eth,Ethereum,,1874.457277,226214537314.7256,4560080660.27285
2026-07-27,ethereum,eth,Ethereum,,1952.902007,235681418276.19308,6005093960.158514
2026-07-28,ethereum,eth,Ethereum,,1890.452321,228144769040.5725,11880592085.099258
2026-07-29,ethereum,eth,Ethereum,,1920.488866,231769590224.5733,10140108111.11028
2026-07-30,ethereum,eth,Ethereum,,1908.741733,230351833088.13193,10381004662.332052
2026-07-31,ethereum,eth,Ethereum,,1917.571364,231417322457.43652,7233808983.066724
2026-08-01,ethereum,eth,Ethereum,,1860.592327,224540624044.67694,8983553463.1014
2026-08-02,ethereum,eth,Ethereum,,1843.443563,222470943765.64313,4357579694.724913
2026-08-03,ethereum,eth,Ethereum,,1882.930559,227236303688.18417,5173055599.256301
2026-08-04,ethereum,eth,Ethereum,,1858.537697,224292495927.8464,6905850664.836938
2026-08-05,ethereum,eth,Ethereum,,1868.621382,225509357776.2601,7025816689.849928
2026-08-06,ethereum,eth,Ethereum,,1907.436044,230193525056.68658,8719148747.985065
2026-08-07,ethereum,eth,Ethereum,,1902.162272,229557018282.317,7041288910.521751
2026-08-08,ethereum,eth,Ethereum,,1912.985157,230863088055.06393,7937017648.61706
2026-08-09,ethereum,eth,Ethereum,,1915.447811,231160234746.49893,3398047722.2540674
2026-08-10,ethereum,eth,Ethereum,,1908.940734,230374924394.0449,4015296300.504261
2026-08-11,ethereum,eth,Ethereum,,1871.397655,225844119567.10123,7444257808.359959
2026-08-12,ethereum,eth,Ethereum,,1880.486201,226940902767.18845,7012585474.087628
2026-08-13,ethereum,eth,Ethereum,,1877.74353,226609870971.63812,6676533766.105008
2026-08-14,ethereum,eth,Ethereum,,1884.394158,227412442314.981,6176486165.813991
2026-08-15,ethereum,eth,Ethereum,,1880.328528,226921756396.83118,4955816205.526191
2026-08-16,ethereum,eth,Ethereum,,1880.959156,226997824776.81827,2840242427.939262
2026-08-17,ethereum,eth,Ethereum,,1874.401898,226206460858.21567,3309436095.6191325
2026-08-18,ethereum,eth,Ethereum,,1912.273469,230776857469.4575,6844360576.180716
2026-08-19,ethereum,eth,Ethereum,,1916.39989,231274812706.7942,5993977856.00991
2026-08-20,ethereum,eth,Ethereum,,2251.734614,271743603539.60367,27730489153.053757
2026-08-21,ethereum,eth,Ethereum,,2326.528233,280769475212.28674,25176787742.312656
2026-08-22,ethereum,eth,Ethereum,,2514.967578,303510532650.1589,31043603228.171097
2026-08-23,ethereum,eth,Ethereum,,2423.412741,292461262953.4871,20488463662.617588
2026-08-24,ethereum,eth,Ethereum,,2462.403925,297166690282.8374,16424823875.772726
2026-08-25,ethereum,eth,Ethereum,,2481.879431,299516952709.2971,20089039982.502842
2026-08-26,ethereum,eth,Ethereum,,2442.011112,294705081780.14966,15300244959.640041
2026-08-27,ethereum,eth,Ethereum,,2506.343106,302468671992.12006,12215102857.703117
2026-08-28,ethereum,eth,Ethereum,,2511.461241,303086274935.40906,15416430976.148985
2026-05-31,tether,usdt,Tether,,0.998915,188271244789.8981,34571078398.20647
2026-06-01,tether,usdt,Tether,,0.999069,188300269845.82544,31971012932.770535
2026-06-02,tether,usdt,Tether,,0.998753,188009318509.2949,75623956543.3647
2026-06-03,tether,usdt,Tether,,0.998805,187881927847.35202,90820104178.43733
2026-06-04,tether,usdt,Tether,,0.99889,187321621171.81268,75606994674.03108
2026-06-05,tether,usdt,Tether,,0.999201,187379926255.53918,93013093588.7428
2026-06-06,tether,usdt,Tether,,0.999643,187462739575.95532,94280913583.51859
2026-06-07,tether,usdt,Tether,,0.999664,186896490424.1474,53390516312.574066
2026-06-08,tether,usdt,Tether,,0.999555,186876278140.82138,54275914404.901436
2026-06-09,tether,usdt,Tether,,0.999673,186898254952.29993,55924222234.84678
2026-06-10,tether,usdt,Tether,,0.999519,186864455955.69714,56732095337.92297
2026-06-11,tether,usdt,Tether,,0.999286,186798533822.71457,45251530390.73981
2026-06-12,tether,usdt,Tether,,0.999357,186811789422.39334,48350690047.906815
2026-06-13,tether,usdt,Tether,,0.99951,186814019928.4579,133546820415.9625
2026-06-14,tether,usdt,Tether,,0.999605,186511022491.1083,28842300915.190365
2026-06-15,tether,usdt,Tether,,0.999456,186447684400.65305,34481098661.46893
2026-06-16,tether,usdt,Tether,,0.999476,186451430954.01538,109161849572.78658
2026-06-17,tether,usdt,Tether,,0.999176,186395466451.6171,47603700748.52951
2026-06-18,tether,usdt,Tether,,0.999223,186404114940.86697,52224876005.524826
2026-06-19,tether,usdt,Tether,,0.999063,186297081519.21744,50174262503.762
2026-06-20,tether,usdt,Tether,,0.999163,186280646727.10217,38070199553.53081
2026-06-21,tether,usdt,Tether,,0.998927,186236551697.34927,32345705293.313004
2026-06-22,tether,usdt,Tether,,0.999058,186254243725.67383,44971615199.64385
2026-06-23,tether,usdt,Tether,,0.99891,186233426496.38315,48122501160.84561
2026-06-24,tether,usdt,Tether,,0.99892,186134170262.9395,48268241669.37575
2026-06-25,tether,usdt,Tether,,0.998704,186093985928.29172,61965763419.786964
2026-06-26,tether,usdt,Tether,,0.998809,186113461034.19437,63309135764.3131
2026-06-27,tether,usdt,Tether,,0.998839,186119039817.40268,58737473426.491035
2026-06-28,tether,usdt,Tether,,0.998748,186102212171.46564,25110669291.62614
2026-06-29,tether,usdt,Tether,,0.998719,186096767420.326,26806671807.546234
2026-06-30,tether,usdt,Tether,,0.998747,186101956068.52075,52868624957.88791
2026-07-01,tether,usdt,Tether,,0.998702,184750753210.90396,48553136984.66119
2026-07-02,tether,usdt,Tether,,0.999074,184497230086.92432,56679496842.292946
2026-07-03,tether,usdt,Tether,,0.999016,184108441706.35312,60019363803.315735
2026-07-04,tether,usdt,Tether,,0.999183,184139317930.21973,44150659796.16933
2026-07-05,tether,usdt,Tether,,0.999182,184132683545.52667,33266105944.622467
2026-07-06,tether,usdt,Tether,,0.999282,184152226762.85202,33154773156.25337
2026-07-07,tether,usdt,Tether,,0.999392,184222467381.39597,58455528222.99124
2026-07-08,tether,usdt,Tether,,0.999414,184256874192.47968,48302090870.3879
2026-07-09,tether,usdt,Tether,,0.999274,184231069793.7568,44809082521.42853
2026-07-10,tether,usdt,Tether,,0.999373,184179564543.65012,39395213422.15783
2026-07-11,tether,usdt,Tether,,0.999458,184209776543.44696,42742200536.98372
2026-07-12,tether,usdt,Tether,,0.999541,184225147072.99786,26492278499.972717
2026-07-13,tether,usdt,Tether,,0.999478,184213511950.68954,28393657512.240974
2026-07-14,tether,usdt,Tether,,0.99907,184129206201.43576,45688292752.96693
2026-07-15,tether,usdt,Tether,,0.999426,184246093288.36765,48880390847.191986
2026-07-16,tether,usdt,Tether,,0.999441,184248842062.4758,44416771870.90734
2026-07-17,tether,usdt,Tether,,0.99941,184096038202.40305,42297884647.07743
2026-07-18,tether,usdt,Tether,,0.999437,184101102248.12677,42758562706.73838
2026-07-19,tether,usdt,Tether,,0.999434,184119079094.9687,23079059077.40297
2026-07-20,tether,usdt,Tether,,0.999298,184094162024.208,26096573588.1207
2026-07-21,tether,usdt,Tether,,0.999362,184105834414.15338,47745255954.27471
2026-07-22,tether,usdt,Tether,,0.999426,184113741838.11426,47216386940.746346
2026-07-23,tether,usdt,Tether,,0.999539,184140814161.94302,44918342654.54411
2026-07-24,tether,usdt,Tether,,0.999356,184042662452.38855,40292913230.05876
2026-07-25,tether,usdt,Tether,,0.999239,184016752860.22278,42754800367.76348
2026-07-26,tether,usdt,Tether,,0.999259,184020432596.49002,25878927461.27789
2026-07-27,tether,usdt,Tether,,0.99926,184020719427.29303,27950678738.155697
2026-07-28,tether,usdt,Tether,,0.999191,183977843037.19217,44686259458.86995
2026-07-29,tether,usdt,Tether,,0.999191,183944864994.09357,41360741732.08938
2026-07-30,tether,usdt,Tether,,0.99905,183873252766.77,43967353393.41171
2026-07-31,tether,usdt,Tether,,0.99934,183818305322.13602,39939104553.25279
2026-08-01,tether,usdt,Tether,,0.999116,183651548659.66534,44612018501.591675
2026-08-02,tether,usdt,Tether,,0.99926,183321966571.41373,22215456886.575558
2026-08-03,tether,usdt,Tether,,0.999106,183293706039.68402,25363628941.84143
2026-08-04,tether,usdt,Tether,,0.999174,183261387462.7015,37465572110.60087
2026-08-05,tether,usdt,Tether,,0.999365,183169289325.79156,35262572612.3638
2026-08-06,tether,usdt,Tether,,0.999182,183104732314.80243,38041614114.62243
2026-08-07,tether,usdt,Tether,,0.999244,183415709925.95316,31838578718.868927
2026-08-08,tether,usdt,Tether,,0.999478,183410505028.94028,35286513360.906586
2026-08-09,tether,usdt,Tether,,0.999401,183136174552.4219,20337549042.629322
2026-08-10,tether,usdt,Tether,,0.999347,183126286056.1657,21989067360.349686
2026-08-11,tether,usdt,Tether,,0.999178,183095396895.77423,33454098803.75097
2026-08-12,tether,usdt,Tether,,0.99922,183075804840.06546,33504916722.17771
2026-08-13,tether,usdt,Tether,,0.999114,183016228206.96475,32689198272.724068
2026-08-14,tether,usdt,Tether,,0.999134,183020332154.15933,29497820478.883896
2026-08-15,tether,usdt,Tether,,0.99916,183024999493.16324,30990172123.019264
2026-08-16,tether,usdt,Tether,,0.999193,183031076393.64062,17657059742.892754
2026-08-17,tether,usdt,Tether,,0.999205,183009053257.30176,16791336205.070097
2026-08-18,tether,usdt,Tether,,0.999246,183016644903.6276,33840561627.20812
2026-08-19,tether,usdt,Tether,,0.999412,183020041548.78415,29952367230.39314
2026-08-20,tether,usdt,Tether,,0.999517,182999132164.3275,74317118069.82993
2026-08-21,tether,usdt,Tether,,0.999691,183043340616.93134,88705240154.64702
2026-08-22,tether,usdt,Tether,,0.999825,183073288580.88797,116496487373.88016
2026-08-23,tether,usdt,Tether,,0.999785,183191166998.24222,82325500809.04222
2026-08-24,tether,usdt,Tether,,0.999864,183205596735.23727,57381084792.64617
2026-08-25,tether,usdt,Tether,,0.99985,183203112419.52945,85494566126.44376
2026-08-26,tether,usdt,Tether,,0.999878,183208313399.77405,70198596910.6536
2026-08-27,tether,usdt,Tether,,0.999997,183362526665.12915,52269779739.20012
2026-08-28,tether,usdt,Tether,,1.000112,183383642309.89886,63275316606.258224
2026-05-31,binancecoin,bnb,BNB,,719.283954,96948405964.44954,3023540828.7856355
2026-06-01,binancecoin,bnb,BNB,,709.746128,95662818778.99333,2332580187.806059
2026-06-02,binancecoin,bnb,BNB,,692.062202,93279241842.16821,2855801826.7145696
2026-06-03,binancecoin,bnb,BNB,,650.24358,87642698316.21786,1695246992.3858135
2026-06-04,binancecoin,bnb,BNB,,619.783537,83537123667.94281,1547612969.639068
2026-06-05,binancecoin,bnb,BNB,,603.831477,81386999863.93068,1841188744.1402452
2026-06-06,binancecoin,bnb,BNB,,571.969892,77092512923.944,2189028577.726696
2026-06-07,binancecoin,bnb,BNB,,574.285392,77404581482.47667,1071936492.0219905
2026-06-08,binancecoin,bnb,BNB,,603.898437,81395923708.0082,975856394.6962734
2026-06-09,binancecoin,bnb,BNB,,601.536872,81077574692.92725,732202105.5849842
2026-06-10,binancecoin,bnb,BNB,,593.065631,79935744108.10219,760821872.9165803
2026-06-11,binancecoin,bnb,BNB,,586.191504,79009189727.44032,632233147.6926358
2026-06-12,binancecoin,bnb,BNB,,605.018835,81546773780.92807,707513873.9736501
2026-06-13,binancecoin,bnb,BNB,,603.506522,81342904942.12349,640431618.0855484
2026-06-14,binancecoin,bnb,BNB,,609.315394,82125816506.64233,448701220.1386858
2026-06-15,binancecoin,bnb,BNB,,616.291372,83066035408.76973,700474861.135077
2026-06-16,binancecoin,bnb,BNB,,617.38232,83213044501.28632,976792944.0494448
2026-06-17,binancecoin,bnb,BNB,,604.427085,81466861926.48677,1019990890.3571506
2026-06-18,binancecoin,bnb,BNB,,601.003554,81005390542.53128,929898758.0408244
2026-06-19,binancecoin,bnb,BNB,,578.094114,77917545336.62881,832300833.7821821
2026-06-20,binancecoin,bnb,BNB,,580.549879,78248519418.78792,820767495.0285072
2026-06-21,binancecoin,bnb,BNB,,587.601926,79198993838.31635,545476186.3433158
2026-06-22,binancecoin,bnb,BNB,,583.738224,78678211969.23083,444917626.3731382
2026-06-23,binancecoin,bnb,BNB,,589.268692,79423507770.47118,647217221.7808495
2026-06-24,binancecoin,bnb,BNB,,577.377998,77820817390.73474,665569928.3140544
2026-06-25,binancecoin,bnb,BNB,,563.970478,76013682314.2601,879073630.0056224
2026-06-26,binancecoin,bnb,BNB,,560.008806,75479689391.88594,906634032.0050521
2026-06-27,binancecoin,bnb,BNB,,566.939559,76413771634.91876,1009782544.3796959
2026-06-28,binancecoin,bnb,BNB,,556.587949,75018515887.8142,534197413.49363786
2026-06-29,binancecoin,bnb,BNB,,550.411183,74185972583.7256,548188471.9736614
2026-06-30,binancecoin,bnb,BNB,,558.622784,75292728860.74406,718661742.5639383
2026-07-01,binancecoin,bnb,BNB,,545.864131,73573050289.31685,651373345.1448185
2026-07-02,binancecoin,bnb,BNB,,549.951065,74123870450.47614,829574411.965121
2026-07-03,binancecoin,bnb,BNB,,558.11965,75224827285.86072,773405988.7150784
2026-07-04,binancecoin,bnb,BNB,,573.364188,77279502163.02582,571590166.7728373
2026-07-05,binancecoin,bnb,BNB,,574.775716,77469728581.28255,579393157.3626353
2026-07-06,binancecoin,bnb,BNB,,589.182654,79411485641.80626,771243171.9948889
2026-07-07,binancecoin,bnb,BNB,,585.537755,78920175313.78323,781901371.4521284
2026-07-08,binancecoin,bnb,BNB,,576.607968,77716554243.43585,567565935.0240753
2026-07-09,binancecoin,bnb,BNB,,568.193396,76582382620.36751,583965755.2454429
2026-07-10,binancecoin,bnb,BNB,,568.336903,76601696822.6001,501876710.9289571
2026-07-11,binancecoin,bnb,BNB,,575.091602,77512085406.8321,500652160.2680719
2026-07-12,binancecoin,bnb,BNB,,574.540612,77437791544.40038,408352136.6638572
2026-07-13,binancecoin,bnb,BNB,,573.706797,77325384509.99037,469850224.97166246
2026-07-14,binancecoin,bnb,BNB,,566.806737,76395357646.05295,497238635.89428836
2026-07-15,binancecoin,bnb,BNB,,581.34777,78355201747.16164,655353571.4606063
2026-07-16,binancecoin,bnb,BNB,,580.091481,77248524552.69281,647371164.0681708
2026-07-17,binancecoin,bnb,BNB,,572.113965,76186168543.60698,546684745.2207435
2026-07-18,binancecoin,bnb,BNB,,567.758314,75606122811.11246,711024408.3762873
2026-07-19,binancecoin,bnb,BNB,,570.303387,75945018450.80635,415784249.1658708
2026-07-20,binancecoin,bnb,BNB,,570.528371,75974956090.2896,400960800.4891499
2026-07-21,binancecoin,bnb,BNB,,570.620389,75987186581.96228,597070152.9450812
2026-07-22,binancecoin,bnb,BNB,,573.579865,76381265603.30496,608965267.7881643
2026-07-23,binancecoin,bnb,BNB,,570.726831,76001306200.89668,509693980.7567789
2026-07-24,binancecoin,bnb,BNB,,566.979485,75502260999.46046,466744423.75130564
2026-07-25,binancecoin,bnb,BNB,,564.420897,75161520102.47684,542366515.6860274
2026-07-26,binancecoin,bnb,BNB,,568.490439,75703423214.1959,374159252.1731424
2026-07-27,binancecoin,bnb,BNB,,574.76851,76539425599.13585,394350598.88441646
2026-07-28,binancecoin,bnb,BNB,,565.73494,75336437940.50511,492801583.7270127
2026-07-29,binancecoin,bnb,BNB,,570.745017,76003579327.56421,527396029.22000146
2026-07-30,binancecoin,bnb,BNB,,571.388148,76089196160.83435,497000262.6864978
2026-07-31,binancecoin,bnb,BNB,,591.696782,78793550463.08768,821148313.7084645
2026-08-01,binancecoin,bnb,BNB,,586.460927,78096243728.62369,706075088.4534281
2026-08-02,binancecoin,bnb,BNB,,574.719791,76532663224.65858,639864889.6838568
2026-08-03,binancecoin,bnb,BNB,,587.816539,78276628849.27635,486028266.21033466
2026-08-04,binancecoin,bnb,BNB,,588.785729,78405608250.00664,524439747.4997456
2026-08-05,binancecoin,bnb,BNB,,592.734055,78931324915.13223,479940119.83536404
2026-08-06,binancecoin,bnb,BNB,,593.333966,79011149243.78566,750782314.1341459
2026-08-07,binancecoin,bnb,BNB,,591.711109,78794994881.90898,489740497.14934194
2026-08-08,binancecoin,bnb,BNB,,592.184744,78858021399.17555,544658160.3429927
2026-08-09,binancecoin,bnb,BNB,,600.327438,79942295292.19493,588786606.689316
2026-08-10,binancecoin,bnb,BNB,,601.837278,80143309715.78165,504582022.9236146
2026-08-11,binancecoin,bnb,BNB,,598.61969,79714775795.66309,542636856.7991792
2026-08-12,binancecoin,bnb,BNB,,616.279209,82066338870.56691,765899840.2232938
2026-08-13,binancecoin,bnb,BNB,,609.751836,81197069157.94038,674215606.4286289
2026-08-14,binancecoin,bnb,BNB,,610.102009,81243646680.20961,506456662.3495249
2026-08-15,binancecoin,bnb,BNB,,607.378658,80880950464.85667,447795168.47232664
2026-08-16,binancecoin,bnb,BNB,,607.2085,80858237011.43767,430014534.59934187
2026-08-17,binancecoin,bnb,BNB,,602.462922,80226236712.24767,503458061.68467003
2026-08-18,binancecoin,bnb,BNB,,605.26809,80599713656.30406,536207757.4214448
2026-08-19,binancecoin,bnb,BNB,,603.502133,80364477290.6195,501246989.42282546
2026-08-20,binancecoin,bnb,BNB,,627.053411,83500579548.04039,1172717665.4946473
2026-08-21,binancecoin,bnb,BNB,,654.58824,87167128808.79243,1516396112.437653
2026-08-22,binancecoin,bnb,BNB,,686.791303,91455323092.65411,2004370064.8102992
2026-08-23,binancecoin,bnb,BNB,,695.370758,92597724688.71184,2208689349.8565183
2026-08-24,binancecoin,bnb,BNB,,702.207998,93508128286.72488,1071629097.7978227
2026-08-25,binancecoin,bnb,BNB,,704.093585,93759158273.3195,1194308954.1269264
2026-08-26,binancecoin,bnb,BNB,,694.169926,92437627899.72333,1060275413.3570011
2026-08-27,binancecoin,bnb,BNB,,707.479637,94209926824.00847,904952428.6765887
2026-08-28,binancecoin,bnb,BNB,,712.050388,94818515286.79863,800964460.9141492
2026-05-31,ripple,xrp,XRP,,1.339793,83037461902.47023,1645267808.5690072
2026-06-01,ripple,xrp,XRP,,1.331509,82524062872.58284,1164295942.8589847
2026-06-02,ripple,xrp,XRP,,1.295466,80290191488.00375,1831879993.1924312
2026-06-03,ripple,xrp,XRP,,1.210223,75007022060.6747,2808786547.579418
2026-06-04,ripple,xrp,XRP,,1.199872,74365477420.88692,2312768031.2975297
2026-06-05,ripple,xrp,XRP,,1.167661,72369114484.1268,3134853920.0251436
2026-06-06,ripple,xrp,XRP,,1.097284,68090777202.89725,4157762667.0645604
2026-06-07,ripple,xrp,XRP,,1.092975,67823345759.30258,2112505694.7093952
2026-06-08,ripple,xrp,XRP,,1.154852,71663056236.51035,2010546066.5698698
2026-06-09,ripple,xrp,XRP,,1.167753,72463602850.90843,2103882956.1796708
2026-06-10,ripple,xrp,XRP,,1.136868,70547120518.39922,1862270482.1402798
2026-06-11,ripple,xrp,XRP,,1.096886,68066080413.333725,1909699727.0101113
2026-06-12,ripple,xrp,XRP,,1.141123,70811140167.02057,1719096680.843338
2026-06-13,ripple,xrp,XRP,,1.131722,70227759860.14035,1489339884.4178603
2026-06-14,ripple,xrp,XRP,,1.150195,71374059811.88467,986313094.145977
2026-06-15,ripple,xrp,XRP,,1.185772,73581809081.91905,1302997963.6227057
2026-06-16,ripple,xrp,XRP,,1.23766,76801634771.74158,3097520362.8626714
2026-06-17,ripple,xrp,XRP,,1.216442,75484978493.23227,1799365537.549333
2026-06-18,ripple,xrp,XRP,,1.185825,73585052590.4416,1988226360.1335871
2026-06-19,ripple,xrp,XRP,,1.145702,71095249019.23973,1902183485.330534
2026-06-20,ripple,xrp,XRP,,1.135208,70444078830.82268,1418755822.7524796
2026-06-21,ripple,xrp,XRP,,1.149135,71308306842.98557,1019972928.7837105
2026-06-22,ripple,xrp,XRP,,1.124057,69752143695.24998,983637216.1864166
2026-06-23,ripple,xrp,XRP,,1.127846,69987218487.22565,1484508576.7450202
2026-06-24,ripple,xrp,XRP,,1.10906,68821482173.39038,1455232730.4323268
2026-06-25,ripple,xrp,XRP,,1.072806,66571796928.55414,2113909082.8017957
2026-06-26,ripple,xrp,XRP,,1.042428,64882284606.32865,2204766060.374263
2026-06-27,ripple,xrp,XRP,,1.046648,65144935885.920494,1167448630.4842312
2026-06-28,ripple,xrp,XRP,,1.045161,65052374137.682304,352661244.64196867
2026-06-29,ripple,xrp,XRP,,1.046315,65124253478.27255,463971922.8435673
2026-06-30,ripple,xrp,XRP,,1.054774,65650710751.242455,586001286.0128037
2026-07-01,ripple,xrp,XRP,,1.038103,64613082839.54666,1117152886.3904057
2026-07-02,ripple,xrp,XRP,,1.050862,65407248413.61253,1433867706.133708
2026-07-03,ripple,xrp,XRP,,1.086949,67653336895.00093,1756975101.8633578
2026-07-04,ripple,xrp,XRP,,1.134133,70590169689.86604,1710327059.70597
2026-07-05,ripple,xrp,XRP,,1.156427,71977774568.45467,1785424567.159435
2026-07-06,ripple,xrp,XRP,,1.156421,71977379775.56868,1270570254.583816
2026-07-07,ripple,xrp,XRP,,1.144112,71211245122.42865,1709872551.241296
2026-07-08,ripple,xrp,XRP,,1.112005,69463072197.541,1348002962.005787
2026-07-09,ripple,xrp,XRP,,1.090174,68099362105.4562,1523820196.186068
2026-07-10,ripple,xrp,XRP,,1.092714,68258035314.93663,873960769.6370426
2026-07-11,ripple,xrp,XRP,,1.104005,68963355336.25288,992775180.4444014
2026-07-12,ripple,xrp,XRP,,1.096197,68475615165.26354,633226329.9235072
2026-07-13,ripple,xrp,XRP,,1.085493,67806976967.8064,690066150.4337656
2026-07-14,ripple,xrp,XRP,,1.066491,66619968511.66785,1119722818.7992048
2026-07-15,ripple,xrp,XRP,,1.111117,69407579301.06172,1250577906.30019
2026-07-16,ripple,xrp,XRP,,1.112728,69508253702.39912,1146435196.149918
2026-07-17,ripple,xrp,XRP,,1.08638,67862352426.79311,1033182124.7603062
2026-07-18,ripple,xrp,XRP,,1.088514,67995636127.149376,1008788777.7315315
2026-07-19,ripple,xrp,XRP,,1.092246,68228811420.81992,628234919.0261549
2026-07-20,ripple,xrp,XRP,,1.096803,68513479263.1005,661262984.2836158
2026-07-21,ripple,xrp,XRP,,1.11124,69415253799.2925,1209500140.076105
2026-07-22,ripple,xrp,XRP,,1.142433,71363781615.92427,1460696536.4892385
2026-07-23,ripple,xrp,XRP,,1.141419,71300444044.14946,1037341494.8986783
2026-07-24,ripple,xrp,XRP,,1.107223,69164329757.694,1014935515.9053533
2026-07-25,ripple,xrp,XRP,,1.091283,68241526216.58522,1001688218.8470391
2026-07-26,ripple,xrp,XRP,,1.097356,68621242007.88385,610399090.2647156
2026-07-27,ripple,xrp,XRP,,1.11198,69535773445.89133,597506774.6683857
2026-07-28,ripple,xrp,XRP,,1.065116,66605158880.89126,1156616425.6920612
2026-07-29,ripple,xrp,XRP,,1.06802,66786766067.40419,1201503586.5613673
2026-07-30,ripple,xrp,XRP,,1.072622,67074537531.37931,1317525505.9457545
2026-07-31,ripple,xrp,XRP,,1.082102,67667362254.142105,981721241.1761746
2026-08-01,ripple,xrp,XRP,,1.060603,66322950693.05454,1076036179.213201
2026-08-02,ripple,xrp,XRP,,1.059904,66279268145.89036,582014062.5285059
2026-08-03,ripple,xrp,XRP,,1.085582,67884997334.602875,812706136.669937
2026-08-04,ripple,xrp,XRP,,1.074619,67199464051.493706,1015375745.766194
2026-08-05,ripple,xrp,XRP,,1.072998,67098103663.91963,919508794.1132715
2026-08-06,ripple,xrp,XRP,,1.061263,66364275330.947754,1015313433.8962331
2026-08-07,ripple,xrp,XRP,,1.033866,64651046433.712685,1428219247.068218
2026-08-08,ripple,xrp,XRP,,1.020586,63820605559.790565,1562193664.467323
2026-08-09,ripple,xrp,XRP,,1.038934,64967937745.699066,741306471.896341
2026-08-10,ripple,xrp,XRP,,1.029059,64350396458.265656,628838812.6930692
2026-08-11,ripple,xrp,XRP,,1.011291,63239343560.109116,1020475456.1891595
2026-08-12,ripple,xrp,XRP,,1.021798,64043147233.178566,1325001635.0299733
2026-08-13,ripple,xrp,XRP,,1.004539,62961442608.17304,910494773.9408547
2026-08-14,ripple,xrp,XRP,,1.008408,63203917123.55338,833646703.4277709
2026-08-15,ripple,xrp,XRP,,0.998646,62592061459.19626,974435976.6481216
2026-08-16,ripple,xrp,XRP,,1.001844,62792499679.468506,458599167.0229421
2026-08-17,ripple,xrp,XRP,,0.992707,62219853372.20536,475452897.1349322
2026-08-18,ripple,xrp,XRP,,1.002413,62828189088.54473,833509753.6714206
2026-08-19,ripple,xrp,XRP,,1.001143,62748573751.62766,777916324.3318717
2026-08-20,ripple,xrp,XRP,,1.105149,69267328689.10408,2887273875.3716908
2026-08-21,ripple,xrp,XRP,,1.26818,79485625864.85136,6369333637.955181
2026-08-22,ripple,xrp,XRP,,1.454299,91249301678.28331,8539102819.971826
2026-08-23,ripple,xrp,XRP,,1.463784,91844425938.97223,11336138918.97461
2026-08-24,ripple,xrp,XRP,,1.520505,95403322550.64264,5320758107.229973
2026-08-25,ripple,xrp,XRP,,1.480402,92887067886.53874,5800396926.643807
2026-08-26,ripple,xrp,XRP,,1.43405,89978745851.45009,4082824742.7934737
2026-08-27,ripple,xrp,XRP,,1.422487,89253237803.58641,3766977001.261257
2026-08-28,ripple,xrp,XRP,,1.453606,91205798642.62878,3578007306.0460496
2026-05-31,usd-coin,usdc,USDC,,0.999477,75838473676.47017,5871888195.678267
2026-06-01,usd-coin,usdc,USDC,,1.000166,75822135601.42317,5408825260.139009
2026-06-02,usd-coin,usdc,USDC,,1.000007,75912223186.69719,14312446931.769243
2026-06-03,usd-coin,usdc,USDC,,1.001235,76042771663.55434,16969110367.641853
2026-06-04,usd-coin,usdc,USDC,,0.999876,75916054331.06512,15863024292.991169
2026-06-05,usd-coin,usdc,USDC,,1.002408,75825642197.4626,19814176233.82919
2026-06-06,usd-coin,usdc,USDC,,1.000645,75611648457.73265,21787353577.735245
2026-06-07,usd-coin,usdc,USDC,,1.000603,75447702882.35934,10643022805.754114
2026-06-08,usd-coin,usdc,USDC,,1.000729,75678967282.3735,9457067261.05898
2026-06-09,usd-coin,usdc,USDC,,0.999827,75986453790.69221,12181573972.654428
2026-06-10,usd-coin,usdc,USDC,,1.000592,75133122461.81566,11232207086.27334
2026-06-11,usd-coin,usdc,USDC,,0.99995,74962858333.85675,10892054496.07646
2026-06-12,usd-coin,usdc,USDC,,0.999745,74816495368.67642,11425986535.489437
2026-06-13,usd-coin,usdc,USDC,,1.000353,74887542552.1292,11287543981.539436
2026-06-14,usd-coin,usdc,USDC,,0.999818,74801999046.06749,4932730188.593803
2026-06-15,usd-coin,usdc,USDC,,1.000199,74816889445.26118,5657630153.136063
2026-06-16,usd-coin,usdc,USDC,,1.001058,75049561968.27544,12282041965.723087
2026-06-17,usd-coin,usdc,USDC,,1.001023,75025108464.6182,10365746389.229643
2026-06-18,usd-coin,usdc,USDC,,0.999459,74691691045.2132,12114627690.702988
2026-06-19,usd-coin,usdc,USDC,,0.999473,74787273155.91402,11728636241.785702
2026-06-20,usd-coin,usdc,USDC,,0.999381,74812774919.16556,8556684491.39058
2026-06-21,usd-coin,usdc,USDC,,0.99928,74804485734.18085,6466037831.640363
2026-06-22,usd-coin,usdc,USDC,,0.999373,74752827729.96764,5669361611.935266
2026-06-23,usd-coin,usdc,USDC,,0.999534,74374378863.14621,11406622633.12703
2026-06-24,usd-coin,usdc,USDC,,0.999404,74056685405.7201,11623502531.545181
2026-06-25,usd-coin,usdc,USDC,,0.999184,73751984807.4236,15114401850.973686
2026-06-26,usd-coin,usdc,USDC,,0.999267,73690384487.00162,16642113564.894802
2026-06-27,usd-coin,usdc,USDC,,0.99939,73730068438.4437,15247982057.090864
2026-06-28,usd-coin,usdc,USDC,,0.999276,73717455333.68349,5179889197.198327
2026-06-29,usd-coin,usdc,USDC,,0.999108,73697492604.97707,5660431796.621355
2026-06-30,usd-coin,usdc,USDC,,0.999387,73692009569.17111,14733152038.580864
2026-07-01,usd-coin,usdc,USDC,,0.999374,73451539195.90175,12850374238.308437
2026-07-02,usd-coin,usdc,USDC,,0.999581,73257719621.02115,12668121861.133678
2026-07-03,usd-coin,usdc,USDC,,0.999484,73171867207.31088,12059586906.7359
2026-07-04,usd-coin,usdc,USDC,,0.999662,72964679823.10455,8417496139.749194
2026-07-05,usd-coin,usdc,USDC,,0.999491,72920880100.89143,5778771519.789801
2026-07-06,usd-coin,usdc,USDC,,0.999542,72899737383.89363,5489376203.372782
2026-07-07,usd-coin,usdc,USDC,,0.99978,73139423042.49182,11551549500.9547
2026-07-08,usd-coin,usdc,USDC,,0.999845,73245228434.47502,11366030869.18679
2026-07-09,usd-coin,usdc,USDC,,0.999646,73182874699.2219,10682663339.302053
2026-07-10,usd-coin,usdc,USDC,,0.999696,73314391765.71721,10151194650.580233
2026-07-11,usd-coin,usdc,USDC,,0.99981,73268600245.17906,10500572627.48452
2026-07-12,usd-coin,usdc,USDC,,0.999849,73334753385.31897,6626881102.432328
2026-07-13,usd-coin,usdc,USDC,,0.999648,73387685838.09048,5157624797.908935
2026-07-14,usd-coin,usdc,USDC,,0.999637,72989347558.30032,11717207788.90495
2026-07-15,usd-coin,usdc,USDC,,0.999747,73076694525.50273,12725574825.408356
2026-07-16,usd-coin,usdc,USDC,,0.999742,73100725486.4849,10942772987.710602
2026-07-17,usd-coin,usdc,USDC,,0.999818,73220003018.09991,9807203776.840078
2026-07-18,usd-coin,usdc,USDC,,0.999797,73279489384.67917,9716838859.940132
2026-07-19,usd-coin,usdc,USDC,,0.999716,73294218268.19481,3954383036.7253976
2026-07-20,usd-coin,usdc,USDC,,0.99959,73252534229.92648,4646489477.663333
2026-07-21,usd-coin,usdc,USDC,,0.999701,73212001634.46178,11226231417.138996
2026-07-22,usd-coin,usdc,USDC,,0.999587,73238079989.2932,10871216062.173412
2026-07-23,usd-coin,usdc,USDC,,0.999827,73256980220.28897,10115212886.9049
2026-07-24,usd-coin,usdc,USDC,,0.999765,72990149646.79002,10565030024.015787
2026-07-25,usd-coin,usdc,USDC,,0.999738,72594577890.08395,12302896531.997374
2026-07-26,usd-coin,usdc,USDC,,0.999794,72535886753.23627,5742240083.644256
2026-07-27,usd-coin,usdc,USDC,,0.99974,72561513936.41898,6813737272.120569
2026-07-28,usd-coin,usdc,USDC,,0.999626,72444611508.82205,12346526463.080004
2026-07-29,usd-coin,usdc,USDC,,0.999767,72311896474.46315,11773598136.067938
2026-07-30,usd-coin,usdc,USDC,,0.999547,72090992250.60008,12534761471.390516
2026-07-31,usd-coin,usdc,USDC,,0.999693,71944392222.87561,10254621588.363161
2026-08-01,usd-coin,usdc,USDC,,0.999636,71918716074.79926,11324525365.205526
2026-08-02,usd-coin,usdc,USDC,,0.999567,71957529944.68068,4347954588.544026
2026-08-03,usd-coin,usdc,USDC,,0.999471,71924645170.1802,5209759223.401023
2026-08-04,usd-coin,usdc,USDC,,0.999555,72085804914.2356,10412630537.949
2026-08-05,usd-coin,usdc,USDC,,0.999733,72174103313.64581,10363210426.491957
2026-08-06,usd-coin,usdc,USDC,,0.999587,71728760059.536,10548907963.826012
2026-08-07,usd-coin,usdc,USDC,,0.999629,71900689582.13223,8294848042.440183
2026-08-08,usd-coin,usdc,USDC,,0.999696,72127253961.60252,9168767559.11074
2026-08-09,usd-coin,usdc,USDC,,0.99967,72152862575.2104,4074002790.845739
2026-08-10,usd-coin,usdc,USDC,,0.999646,72174929048.02403,4756203275.939809
2026-08-11,usd-coin,usdc,USDC,,0.999651,72231795398.6715,8696169029.864643
2026-08-12,usd-coin,usdc,USDC,,0.999623,72136441601.04942,8214918277.88866
2026-08-13,usd-coin,usdc,USDC,,0.999546,72018588892.5412,9493764170.163013
2026-08-14,usd-coin,usdc,USDC,,0.999568,71945321261.72159,7719083449.8336735
2026-08-15,usd-coin,usdc,USDC,,0.999634,71881258576.96391,7966544531.718106
2026-08-16,usd-coin,usdc,USDC,,0.999643,71863730924.27634,3129552276.7266097
2026-08-17,usd-coin,usdc,USDC,,0.999546,71813298246.90097,3040541335.6899643
2026-08-18,usd-coin,usdc,USDC,,0.999669,71859590686.97253,9169820012.26455
2026-08-19,usd-coin,usdc,USDC,,0.999758,71839087072.00536,7875563627.033034
2026-08-20,usd-coin,usdc,USDC,,0.999676,72311528767.95805,20964633122.53175
2026-08-21,usd-coin,usdc,USDC,,0.999794,72784580790.30608,22274955154.315132
2026-08-22,usd-coin,usdc,USDC,,0.999916,73447690841.9725,29978816650.518406
2026-08-23,usd-coin,usdc,USDC,,0.999881,73506675328.58556,19559782084.86358
2026-08-24,usd-coin,usdc,USDC,,0.999897,73561581905.51375,13847503287.959185
2026-08-25,usd-coin,usdc,USDC,,0.999919,73629547868.30847,22951326195.622093
2026-08-26,usd-coin,usdc,USDC,,0.999866,73558309317.03587,19620623553.340363
2026-08-27,usd-coin,usdc,USDC,,0.999977,73794471750.93918,15359117720.121473
2026-08-28,usd-coin,usdc,USDC,,1.000032,73814809402.50471,18558281957.905598
2026-05-31,solana,sol,Solana,,82.686497,47830171320.03477,1377376877.9563878
2026-06-01,solana,sol,Solana,,82.337625,47638112086.279015,1344660031.4575894
2026-06-02,solana,sol,Solana,,81.160963,46937390243.63532,2750502933.2222457
2026-06-03,solana,sol,Solana,,74.139015,42885187245.11338,3680255553.8008966
2026-06-04,solana,sol,Solana,,71.543685,41383885800.11384,3696685803.9439883
2026-06-05,solana,sol,Solana,,68.810868,39811227259.98783,5064102121.535027
2026-06-06,solana,sol,Solana,,63.633131,36815546115.86572,6676438823.787654
2026-06-07,solana,sol,Solana,,62.179183,35981679210.05437,3577863213.6780424
2026-06-08,solana,sol,Solana,,66.424758,38480144220.633545,3136535778.934595
2026-06-09,solana,sol,Solana,,66.802561,38706889898.17908,3165296761.7515407
2026-06-10,solana,sol,Solana,,64.92376,37616147035.943245,2984743786.127204
2026-06-11,solana,sol,Solana,,63.182122,36614496967.74654,2915668831.8778567
2026-06-12,solana,sol,Solana,,66.816604,38734037859.60971,2800664428.8383875
2026-06-13,solana,sol,Solana,,66.776749,38718794394.00756,2667985489.0141864
2026-06-14,solana,sol,Solana,,68.879949,39938235528.10983,1570972400.7552242
2026-06-15,solana,sol,Solana,,71.21817,41302375511.16598,1787610919.2006843
2026-06-16,solana,sol,Solana,,73.949066,42886081046.16554,3029066101.9198065
2026-06-17,solana,sol,Solana,,73.463116,42612895578.23611,2333870477.2213845
2026-06-18,solana,sol,Solana,,71.984351,41754973369.46756,2718013844.532121
2026-06-19,solana,sol,Solana,,69.648754,40408399128.20716,2477277075.7462106
2026-06-20,solana,sol,Solana,,69.675106,40423637128.5939,1944665336.4723547
2026-06-21,solana,sol,Solana,,73.180005,42465706434.49679,2276338717.7167253
2026-06-22,solana,sol,Solana,,72.422615,42026125560.66186,2052347755.8736546
2026-06-23,solana,sol,Solana,,71.848254,41701275965.356384,2564318280.8954406
2026-06-24,solana,sol,Solana,,69.608638,40400963779.9402,2237316369.5899425
2026-06-25,solana,sol,Solana,,67.94878,39445550402.63168,3263229987.707027
2026-06-26,solana,sol,Solana,,67.631975,39261589126.28676,3481478952.3798857
2026-06-27,solana,sol,Solana,,71.814244,41697905662.04016,4562551012.342848
2026-06-28,solana,sol,Solana,,70.404818,40879492017.40393,1858983984.0053177
2026-06-29,solana,sol,Solana,,71.272459,41391613578.902794,1815015636.4389396
2026-06-30,solana,sol,Solana,,75.014997,43566231846.29124,4222616480.428232
2026-07-01,solana,sol,Solana,,73.564819,42732612580.56446,2690535956.3937716
2026-07-02,solana,sol,Solana,,77.361477,44939092000.96649,3754552448.9840846
2026-07-03,solana,sol,Solana,,80.619651,46841180219.067215,3887626249.521208
2026-07-04,solana,sol,Solana,,82.291231,47812330484.64846,2062341004.3981605
2026-07-05,solana,sol,Solana,,81.703497,47480391856.62143,2002372603.9912698
2026-07-06,solana,sol,Solana,,81.515631,47371157650.909485,1690405895.2732563
2026-07-07,solana,sol,Solana,,81.888431,47597380143.591705,2617314582.434274
2026-07-08,solana,sol,Solana,,80.586014,46877949813.676575,2163625524.631806
2026-07-09,solana,sol,Solana,,77.788863,45259937301.13004,2347806059.4267416
2026-07-10,solana,sol,Solana,,77.992193,45378842482.56204,1631018066.1333897
2026-07-11,solana,sol,Solana,,78.068786,45432531655.03275,1914269300.4583545
2026-07-12,solana,sol,Solana,,76.715623,44660479258.80964,1308043425.3729627
2026-07-13,solana,sol,Solana,,76.869852,44759250763.392586,1265493143.236287
2026-07-14,solana,sol,Solana,,74.931283,43630417252.56394,1783620278.6555724
2026-07-15,solana,sol,Solana,,77.808648,45316534903.23006,1989092377.0496368
2026-07-16,solana,sol,Solana,,77.238648,44984526776.86344,1999993344.3857157
2026-07-17,solana,sol,Solana,,75.269247,43845679077.281105,1729323923.3697355
2026-07-18,solana,sol,Solana,,75.002003,43689926142.810616,1610029431.7482316
2026-07-19,solana,sol,Solana,,75.481055,43977792651.52891,922299097.9510707
2026-07-20,solana,sol,Solana,,76.311804,44461747413.47417,1278086721.6860094
2026-07-21,solana,sol,Solana,,77.748861,45308077986.08869,2112385884.318784
2026-07-22,solana,sol,Solana,,78.088245,45505856670.67133,1539454721.505869
2026-07-23,solana,sol,Solana,,77.939264,45428158754.7264,1650751334.383584
2026-07-24,solana,sol,Solana,,75.851348,44211112415.46874,1541306083.9436622
2026-07-25,solana,sol,Solana,,73.907767,43078056552.33285,1587849189.404116
2026-07-26,solana,sol,Solana,,74.477115,43418591267.13314,930447471.033939
2026-07-27,solana,sol,Solana,,76.690202,44708717154.84808,1069305751.8836575
2026-07-28,solana,sol,Solana,,74.143059,43232391883.646835,1747866798.3937674
2026-07-29,solana,sol,Solana,,73.772257,43015882415.3651,1787192244.872714
2026-07-30,solana,sol,Solana,,73.611245,42664164866.506294,1773230984.6181424
2026-07-31,solana,sol,Solana,,74.463049,43157802900.53979,1395192977.7453763
2026-08-01,solana,sol,Solana,,72.794983,42199449530.87055,1530803803.6779802
2026-08-02,solana,sol,Solana,,71.894125,41776118382.13836,1152699492.7220883
2026-08-03,solana,sol,Solana,,73.546647,42744839950.32771,1055745990.3947438
2026-08-04,solana,sol,Solana,,73.488618,42711038749.872505,1401915388.5730863
2026-08-05,solana,sol,Solana,,73.713241,42850053286.97023,1405107740.5192373
2026-08-06,solana,sol,Solana,,73.985631,43008332005.53158,1661480491.5740733
2026-08-07,solana,sol,Solana,,72.63054,42228941517.17326,1434979784.3542812
2026-08-08,solana,sol,Solana,,73.617486,42849171264.52056,1515326505.7161973
2026-08-09,solana,sol,Solana,,75.9598,44221246388.37914,1411313618.6806538
2026-08-10,solana,sol,Solana,,76.213695,44368992541.41147,1091586238.5562603
2026-08-11,solana,sol,Solana,,75.924775,44209512993.63219,1404101603.2585404
2026-08-12,solana,sol,Solana,,76.216205,44394499308.18516,1379559378.010563
2026-08-13,solana,sol,Solana,,75.558776,44012931702.97556,1222417236.9441097
2026-08-14,solana,sol,Solana,,76.202107,44396403054.23995,1161301279.1811674
2026-08-15,solana,sol,Solana,,75.335497,43891442681.25692,1076928576.0939782
2026-08-16,solana,sol,Solana,,75.279834,43867653904.234116,646905911.5452769
2026-08-17,solana,sol,Solana,,74.547746,43445247273.99058,715071398.221322
2026-08-18,solana,sol,Solana,,75.972995,44284342203.94819,1276977894.5709734
2026-08-19,solana,sol,Solana,,77.001904,44883800154.35045,1412565436.337034
2026-08-20,solana,sol,Solana,,85.333103,49749755023.989136,4360934967.240113
2026-08-21,solana,sol,Solana,,87.651981,51101597745.51273,3930542872.6276217
2026-08-22,solana,sol,Solana,,93.693804,54640118804.067635,6702620876.126011
2026-08-23,solana,sol,Solana,,93.884708,54751367435.30988,7502388828.235717
2026-08-24,solana,sol,Solana,,95.407565,55649001339.64617,4417663499.940523
2026-08-25,solana,sol,Solana,,98.867219,57666847361.58331,5719876487.785737
2026-08-26,solana,sol,Solana,,96.576331,56340274572.3693,5910519195.888127
2026-08-27,solana,sol,Solana,,102.048904,59603010963.97329,3598639899.81599
2026-08-28,solana,sol,Solana,,109.177306,63766345969.68578,7039203255.370629
2026-05-31,tron,trx,TRON,,0.347735,32969596441.05197,504324173.2922418
2026-06-01,tron,trx,TRON,,0.351055,33284360674.907185,442183211.0053429
2026-06-02,tron,trx,TRON,,0.34329,32549430636.885998,548639245.551662
2026-06-03,tron,trx,TRON,,0.332334,31510685784.17416,669572051.7010506
2026-06-04,tron,trx,TRON,,0.332868,31561561788.832645,608650532.8586001
2026-06-05,tron,trx,TRON,,0.332224,31500856286.930958,867188496.769318
2026-06-06,tron,trx,TRON,,0.320146,30355874373.588158,1034140716.2315859
2026-06-07,tron,trx,TRON,,0.324065,30727440009.644207,596073752.3432997
2026-06-08,tron,trx,TRON,,0.326663,30973806034.711708,523003800.0686591
2026-06-09,tron,trx,TRON,,0.326615,30970787398.14518,481956578.20956767
2026-06-10,tron,trx,TRON,,0.32272,30601642153.398052,496416538.49105465
2026-06-11,tron,trx,TRON,,0.320897,30429058502.077316,441904426.5765693
2026-06-12,tron,trx,TRON,,0.316584,30020340396.584923,691230393.7802134
2026-06-13,tron,trx,TRON,,0.315208,29890197149.639038,563897876.2226471
2026-06-14,tron,trx,TRON,,0.317053,30065163182.15955,378451825.3100601
2026-06-15,tron,trx,TRON,,0.32151,30487773338.833378,496768930.9310694
2026-06-16,tron,trx,TRON,,0.318218,30176795492.21328,604893906.7458961
2026-06-17,tron,trx,TRON,,0.316701,30033200208.78185,551349934.0676054
2026-06-18,tron,trx,TRON,,0.321502,30488757661.051636,599745144.8254323
2026-06-19,tron,trx,TRON,,0.320496,30393665175.546062,489271132.72429854
2026-06-20,tron,trx,TRON,,0.323581,30686586761.897446,587930809.6777894
2026-06-21,tron,trx,TRON,,0.326424,30956189668.5218,639925397.4997606
2026-06-22,tron,trx,TRON,,0.327369,31045901219.83313,371580233.6487032
2026-06-23,tron,trx,TRON,,0.333674,31645543632.15635,592887977.0496812
2026-06-24,tron,trx,TRON,,0.328932,31196075451.03148,503038170.2187263
2026-06-25,tron,trx,TRON,,0.326938,31007403920.174103,702426153.8279305
2026-06-26,tron,trx,TRON,,0.323521,30683685268.10162,716323257.0276875
2026-06-27,tron,trx,TRON,,0.320212,30370290876.321777,543152578.8245013
2026-06-28,tron,trx,TRON,,0.320969,30442445387.05561,368533111.33640563
2026-06-29,tron,trx,TRON,,0.32185,30525948681.27575,469899063.8286276
2026-06-30,tron,trx,TRON,,0.321003,30446783361.6297,549696166.1580274
2026-07-01,tron,trx,TRON,,0.315047,29882141758.819096,530812012.5846043
2026-07-02,tron,trx,TRON,,0.315744,29948530514.43644,470331380.76644355
2026-07-03,tron,trx,TRON,,0.317271,30093607157.34546,381087180.9165856
2026-07-04,tron,trx,TRON,,0.323121,30648926004.143864,461834004.77758473
2026-07-05,tron,trx,TRON,,0.325064,30833186022.77639,349259154.2242507
2026-07-06,tron,trx,TRON,,0.329023,31209880516.11152,439358990.7958276
2026-07-07,tron,trx,TRON,,0.329466,31252393811.42806,484947726.65213084
2026-07-08,tron,trx,TRON,,0.331454,31441272277.48705,394523588.0744924
2026-07-09,tron,trx,TRON,,0.328241,31136860791.42927,440225394.7305717
2026-07-10,tron,trx,TRON,,0.331972,31491050701.874935,373062438.8233739
2026-07-11,tron,trx,TRON,,0.330239,31326951698.062584,372049241.5388548
2026-07-12,tron,trx,TRON,,0.329658,31271884527.09815,283536316.1964161
2026-07-13,tron,trx,TRON,,0.331334,31430785367.779373,294948807.5365651
2026-07-14,tron,trx,TRON,,0.324185,30754133311.041798,443287990.67298466
2026-07-15,tron,trx,TRON,,0.325711,30899122474.74149,378418326.335145
2026-07-16,tron,trx,TRON,,0.324331,30768461335.324554,419092215.06473345
2026-07-17,tron,trx,TRON,,0.323049,30647097096.257034,322261050.90230966
2026-07-18,tron,trx,TRON,,0.322568,30601824816.192894,333901771.6124988
2026-07-19,tron,trx,TRON,,0.325632,30892470921.582253,317996122.53550106
2026-07-20,tron,trx,TRON,,0.326711,30994842706.917072,270348597.38803613
2026-07-21,tron,trx,TRON,,0.326662,30991782833.637573,352582690.585362
2026-07-22,tron,trx,TRON,,0.329437,31255417799.68577,350026533.3131987
2026-07-23,tron,trx,TRON,,0.328757,31191262767.40121,304462711.6014426
2026-07-24,tron,trx,TRON,,0.328678,31184199991.71061,348735237.4166253
2026-07-25,tron,trx,TRON,,0.33063,31369954613.74842,362398885.52363926
2026-07-26,tron,trx,TRON,,0.331333,31436677834.001083,298230825.4526577
2026-07-27,tron,trx,TRON,,0.332091,31508582051.19787,267054561.23413643
2026-07-28,tron,trx,TRON,,0.324869,30824891359.89284,401529204.01978844
2026-07-29,tron,trx,TRON,,0.324492,30789324219.853554,371596535.407404
2026-07-30,tron,trx,TRON,,0.325425,30878210351.75683,344867748.3163251
2026-07-31,tron,trx,TRON,,0.328459,31166330217.18959,337560367.0939826
2026-08-01,tron,trx,TRON,,0.325729,30907543698.12428,387666711.668419
2026-08-02,tron,trx,TRON,,0.327662,31090894785.122787,337665071.0882337
2026-08-03,tron,trx,TRON,,0.326483,30979049736.997864,292338436.935052
2026-08-04,tron,trx,TRON,,0.328557,31177068933.053776,370946713.06371117
2026-08-05,tron,trx,TRON,,0.327079,31037047393.868057,444791188.88934773
2026-08-06,tron,trx,TRON,,0.32714,31042953060.70589,384211757.124713
2026-08-07,tron,trx,TRON,,0.326889,31019379597.09541,346906789.5698556
2026-08-08,tron,trx,TRON,,0.327427,31070726973.514423,313769814.27669305
2026-08-09,tron,trx,TRON,,0.328854,31206105857.26553,237360135.46210784
2026-08-10,tron,trx,TRON,,0.329649,31281523839.42401,239788731.768007
2026-08-11,tron,trx,TRON,,0.330561,31369458414.08328,383392554.667427
2026-08-12,tron,trx,TRON,,0.334887,31780218513.776302,432974450.13070583
2026-08-13,tron,trx,TRON,,0.335913,31878002383.380386,342715090.5040847
2026-08-14,tron,trx,TRON,,0.334259,31721469770.134438,350229858.4416652
2026-08-15,tron,trx,TRON,,0.332389,31544495315.66832,297518832.60495806
2026-08-16,tron,trx,TRON,,0.330953,31408185379.70789,271803870.60306406
2026-08-17,tron,trx,TRON,,0.330994,31412881216.792324,228072254.36130014
2026-08-18,tron,trx,TRON,,0.331027,31416970302.511223,332653422.98711187
2026-08-19,tron,trx,TRON,,0.332656,31572028139.750996,367712586.85360324
2026-08-20,tron,trx,TRON,,0.334322,31730547559.099495,389211969.8326626
2026-08-21,tron,trx,TRON,,0.337438,32026718941.170513,572158819.5118786
2026-08-22,tron,trx,TRON,,0.343334,32586731409.28731,505119901.5340613
2026-08-23,tron,trx,TRON,,0.344267,32675292455.186382,725046694.5977659
2026-08-24,tron,trx,TRON,,0.344043,32653999577.128857,374647955.75147414
2026-08-25,tron,trx,TRON,,0.34479,32726803187.4749,422278762.2504396
2026-08-26,tron,trx,TRON,,0.336221,31913925333.74153,538051230.1506507
2026-08-27,tron,trx,TRON,,0.336055,31898629178.065723,513099702.7345169
2026-08-28,tron,trx,TRON,,0.337732,32058251356.40926,441201811.99670637
2026-05-31,figure-heloc,figr_heloc,Figure Heloc,,1.018326,18621272861.71165,8395325.930886546
2026-06-01,figure-heloc,figr_heloc,Figure Heloc,,1.018053,18612982164.17138,16786149.467129543
2026-06-02,figure-heloc,figr_heloc,Figure Heloc,,1.042927,19066273226.31853,80915014.56505895
2026-06-03,figure-heloc,figr_heloc,Figure Heloc,,1.036331,19047310940.867893,62449835.435080975
2026-06-04,figure-heloc,figr_heloc,Figure Heloc,,1.001938,18475735010.499043,750652810.3624189
2026-06-05,figure-heloc,figr_heloc,Figure Heloc,,1.019549,18849388592.833626,42258276.47937957
2026-06-06,figure-heloc,figr_heloc,Figure Heloc,,1.028924,19055189781.075737,105449256.76343773
2026-06-07,figure-heloc,figr_heloc,Figure Heloc,,1.033772,19190667170.4662,77556509.64953011
2026-06-08,figure-heloc,figr_heloc,Figure Heloc,,1.005617,18663681062.592754,235182.00264089066
2026-06-09,figure-heloc,figr_heloc,Figure Heloc,,1.027418,19063231462.459663,19001602.86908593
2026-06-10,figure-heloc,figr_heloc,Figure Heloc,,1.033146,19260075262.03217,37546273.87071799
2026-06-11,figure-heloc,figr_heloc,Figure Heloc,,1.025182,19165361667.587833,29044253.078668226
2026-06-12,figure-heloc,figr_heloc,Figure Heloc,,1.031154,19331658163.765354,103114466.79196739
2026-06-13,figure-heloc,figr_heloc,Figure Heloc,,1.035634,19461210844.979218,113878514.9096118
2026-06-15,figure-heloc,figr_heloc,Figure Heloc,,1.014768,19103155163.22824,79582.01489014152
2026-06-16,figure-heloc,figr_heloc,Figure Heloc,,1.027725,19343033675.20986,19441037.446962625
2026-06-17,figure-heloc,figr_heloc,Figure Heloc,,1.035754,19560907427.606644,32568033.763887987
2026-06-18,figure-heloc,figr_heloc,Figure Heloc,,1.022343,19362746211.563732,34102631.609135196
2026-06-19,figure-heloc,figr_heloc,Figure Heloc,,1.004293,19087836395.593227,450708306.04540557
2026-06-20,figure-heloc,figr_heloc,Figure Heloc,,1.037687,19753932216.7061,182060972.38784146
2026-06-22,figure-heloc,figr_heloc,Figure Heloc,,1.020946,19428578241.82432,79044.45317405049
2026-06-23,figure-heloc,figr_heloc,Figure Heloc,,1.03617,19716647582.21488,15504372.987604233
2026-06-24,figure-heloc,figr_heloc,Figure Heloc,,1.034514,19769891692.17875,39947544.04197905
2026-06-25,figure-heloc,figr_heloc,Figure Heloc,,1.028119,19704367981.84679,40125324.65929151
2026-06-26,figure-heloc,figr_heloc,Figure Heloc,,1.034245,19884136953.80974,32120605.70492363
2026-06-27,figure-heloc,figr_heloc,Figure Heloc,,1.020434,19669338302.037884,224101706.67756146
2026-06-28,figure-heloc,figr_heloc,Figure Heloc,,1.044993,20189114069.64208,129730436.07765512
2026-06-29,figure-heloc,figr_heloc,Figure Heloc,,1.01987,19699670419.99543,404293.299427044
2026-06-30,figure-heloc,figr_heloc,Figure Heloc,,1.046381,20207319031.777225,60130800.63532845
2026-07-01,figure-heloc,figr_heloc,Figure Heloc,,1.015704,19680318941.77506,1037392505.0307593
2026-07-02,figure-heloc,figr_heloc,Figure Heloc,,1.028677,19956699924.04698,66539636.14110938
2026-07-03,figure-heloc,figr_heloc,Figure Heloc,,1.039655,20277079363.92422,69557901.99297561
2026-07-04,figure-heloc,figr_heloc,Figure Heloc,,1.009395,19715793132.32422,286246.9027623782
2026-07-06,figure-heloc,figr_heloc,Figure Heloc,,1.035882,20222354652.341618,560906.0089564007
2026-07-07,figure-heloc,figr_heloc,Figure Heloc,,1.0356,20216853611.64386,41571483.11394358
2026-07-08,figure-heloc,figr_heloc,Figure Heloc,,1.026005,20098695591.68735,43445517.337338485
2026-07-09,figure-heloc,figr_heloc,Figure Heloc,,1.034875,20351593401.367577,20423586.451680213
2026-07-10,figure-heloc,figr_heloc,Figure Heloc,,1.003035,19802934507.12029,339191012.83916295
2026-07-11,figure-heloc,figr_heloc,Figure Heloc,,1.033516,20486869721.27339,154012356.08787066
2026-07-13,figure-heloc,figr_heloc,Figure Heloc,,1.013824,20141742811.108326,214257.22441970478
2026-07-14,figure-heloc,figr_heloc,Figure Heloc,,1.033484,20505886604.425842,15032475.19283325
2026-07-15,figure-heloc,figr_heloc,Figure Heloc,,1.036947,20650571748.03696,36053454.60594575
2026-07-16,figure-heloc,figr_heloc,Figure Heloc,,1.03747,20731532029.105255,28274991.562684823
2026-07-17,figure-heloc,figr_heloc,Figure Heloc,,1.002721,20096465667.531696,15226642.137672987
2026-07-18,figure-heloc,figr_heloc,Figure Heloc,,1.027918,20643437685.94397,179233243.32798165
2026-07-20,figure-heloc,figr_heloc,Figure Heloc,,1.018766,20490958847.333885,183737.1037343469
2026-07-21,figure-heloc,figr_heloc,Figure Heloc,,1.001387,20137350915.25169,28964040.87348438
2026-07-22,figure-heloc,figr_heloc,Figure Heloc,,1.005957,20325719795.092793,55120072.05765368
2026-07-23,figure-heloc,figr_heloc,Figure Heloc,,1.008542,20497390007.20027,32049836.595134873
2026-07-24,figure-heloc,figr_heloc,Figure Heloc,,1.039924,21239784096.48725,170888828.7847592
2026-07-25,figure-heloc,figr_heloc,Figure Heloc,,1.017242,20821944161.349953,448761810.3853517
2026-07-27,figure-heloc,figr_heloc,Figure Heloc,,1.014936,20797783246.41247,156662.44437283027
2026-07-28,figure-heloc,figr_heloc,Figure Heloc,,1.031831,21148491668.20967,59066283.056084126
2026-07-29,figure-heloc,figr_heloc,Figure Heloc,,1.001072,20592265065.81059,675268469.5970109
2026-07-30,figure-heloc,figr_heloc,Figure Heloc,,1.007387,20802934599.800533,244041662.48913738
2026-07-31,figure-heloc,figr_heloc,Figure Heloc,,1.038645,21540550011.73403,172417263.5241815
2026-08-01,figure-heloc,figr_heloc,Figure Heloc,,1.016108,21111947152.93664,98372918.44596127
2026-08-03,figure-heloc,figr_heloc,Figure Heloc,,1.022856,21288292407.95494,44275.13904326097
2026-08-04,figure-heloc,figr_heloc,Figure Heloc,,1.005817,20917279093.752007,21326364.387035858
2026-08-05,figure-heloc,figr_heloc,Figure Heloc,,1.002976,20983122996.130795,44869361.827090405
2026-08-06,figure-heloc,figr_heloc,Figure Heloc,,1.032756,21658227903.75592,62790581.54042209
2026-08-07,figure-heloc,figr_heloc,Figure Heloc,,1.018324,21426535252.192574,120909501.58772169
2026-08-08,figure-heloc,figr_heloc,Figure Heloc,,1.029706,21693206665.612793,566039731.0222118
2026-08-10,figure-heloc,figr_heloc,Figure Heloc,,1.00186,21125938286.48729,400732.5324734849
2026-08-11,figure-heloc,figr_heloc,Figure Heloc,,1.002709,21139598293.88536,53010954.726643026
2026-08-12,figure-heloc,figr_heloc,Figure Heloc,,1.038094,21982265285.388683,68843613.3925653
2026-08-13,figure-heloc,figr_heloc,Figure Heloc,,1.039914,22066419967.304157,81820990.03643936
2026-08-14,figure-heloc,figr_heloc,Figure Heloc,,1.009909,21507435691.25593,580899574.9328948
2026-08-15,figure-heloc,figr_heloc,Figure Heloc,,1.001801,21403641189.103115,831022285.1593958
2026-08-17,figure-heloc,figr_heloc,Figure Heloc,,1.000855,21417916041.289146,38072.14966100806
2026-08-18,figure-heloc,figr_heloc,Figure Heloc,,1.005783,21534264031.899696,139938202.2291602
2026-08-19,figure-heloc,figr_heloc,Figure Heloc,,1.004566,21595823242.79643,792308650.6099405
2026-08-20,figure-heloc,figr_heloc,Figure Heloc,,1.039431,22418761888.00422,112941039.26412678
2026-08-21,figure-heloc,figr_heloc,Figure Heloc,,1.020545,22076538640.854862,312273542.9852416
2026-08-22,figure-heloc,figr_heloc,Figure Heloc,,1.038168,22495502663.31265,150983717.2606901
2026-08-24,figure-heloc,figr_heloc,Figure Heloc,,1.019861,22128318743.363647,513310.9760148285
2026-08-25,figure-heloc,figr_heloc,Figure Heloc,,1.044325,22666796678.857815,23089665.22794577
2026-08-26,figure-heloc,figr_heloc,Figure Heloc,,1.013681,22050163844.995327,336510721.6626069
2026-08-27,figure-heloc,figr_heloc,Figure Heloc,,1.00371,21772072747.649055,261502955.40233213
2026-08-28,figure-heloc,figr_heloc,Figure Heloc,,1.018518,22133080364.297394,678030209.6023256
2026-05-31,hyperliquid,hype,Hyperliquid,,68.250181,15181960210.620798,1125550728.1729739
2026-06-01,hyperliquid,hype,Hyperliquid,,72.032476,16023315565.70776,1332219228.3245764
2026-06-02,hyperliquid,hype,Hyperliquid,,73.498229,16349366110.732061,1842990977.5525024
2026-06-03,hyperliquid,hype,Hyperliquid,,69.733377,15511890734.989435,1633197497.0280457
2026-06-04,hyperliquid,hype,Hyperliquid,,74.503084,16572891771.974657,1361611852.0114653
2026-06-05,hyperliquid,hype,Hyperliquid,,64.365519,14317833793.119934,1772858391.4104931
2026-06-06,hyperliquid,hype,Hyperliquid,,59.711595,13282588475.92558,1567240756.9525776
2026-06-07,hyperliquid,hype,Hyperliquid,,56.596798,12589715239.800562,572083392.7323496
2026-06-08,hyperliquid,hype,Hyperliquid,,59.613315,13260726506.299164,681681126.02718
2026-06-09,hyperliquid,hype,Hyperliquid,,63.7809,14187787755.284018,785168061.0642171
2026-06-10,hyperliquid,hype,Hyperliquid,,57.759762,12848411410.690649,979172906.5555971
2026-06-11,hyperliquid,hype,Hyperliquid,,53.259591,11847367786.620937,895161547.710804
2026-06-12,hyperliquid,hype,Hyperliquid,,58.907188,13103651520.827927,994151549.2516508
2026-06-13,hyperliquid,hype,Hyperliquid,,59.287422,13188233024.118547,860925383.1916188
2026-06-14,hyperliquid,hype,Hyperliquid,,60.689508,13500120990.462896,556928777.433348
2026-06-15,hyperliquid,hype,Hyperliquid,,63.887282,14211452165.894821,668745522.823987
2026-06-16,hyperliquid,hype,Hyperliquid,,66.885522,14878397662.439482,1257335062.8334718
2026-06-17,hyperliquid,hype,Hyperliquid,,73.556633,16362357651.69059,2314370963.0654335
2026-06-18,hyperliquid,hype,Hyperliquid,,71.111465,15818440686.659945,1273129285.3737724
2026-06-19,hyperliquid,hype,Hyperliquid,,68.264595,15185166641.22178,1223888220.257074
2026-06-20,hyperliquid,hype,Hyperliquid,,70.278918,15633244194.462002,944564387.215307
2026-06-21,hyperliquid,hype,Hyperliquid,,70.725118,15732499268.482376,500816587.38663775
2026-06-22,hyperliquid,hype,Hyperliquid,,66.959713,14894901283.432072,400168186.2286136
2026-06-23,hyperliquid,hype,Hyperliquid,,66.194026,14724577368.669834,640766450.5934289
2026-06-24,hyperliquid,hype,Hyperliquid,,62.116627,13817577517.361893,640345715.5463746
2026-06-25,hyperliquid,hype,Hyperliquid,,63.826596,14197952809.179203,808494387.8741977
2026-06-26,hyperliquid,hype,Hyperliquid,,64.073,14252764279.644169,780821921.973189
2026-06-27,hyperliquid,hype,Hyperliquid,,64.303791,14304102739.296549,865487666.0934774
2026-06-28,hyperliquid,hype,Hyperliquid,,61.62178,13707500921.973083,333593648.85483295
2026-06-29,hyperliquid,hype,Hyperliquid,,61.420422,13662709638.941534,351854762.4259711
2026-06-30,hyperliquid,hype,Hyperliquid,,66.796662,14858631111.295525,683537992.7031412
2026-07-01,hyperliquid,hype,Hyperliquid,,64.967867,14451823502.100267,434956406.83603626
2026-07-02,hyperliquid,hype,Hyperliquid,,62.352887,13870132537.24897,627502203.2435355
2026-07-03,hyperliquid,hype,Hyperliquid,,66.867637,14874419246.219238,480741705.9522468
2026-07-04,hyperliquid,hype,Hyperliquid,,70.64914,15715598307.379139,535663273.1125095
2026-07-05,hyperliquid,hype,Hyperliquid,,69.81535,15530125290.6309,371050260.77120245
2026-07-06,hyperliquid,hype,Hyperliquid,,71.274733,15854758777.43164,301882179.3340817
2026-07-07,hyperliquid,hype,Hyperliquid,,70.567292,15697391589.24299,505885846.38472253
2026-07-08,hyperliquid,hype,Hyperliquid,,69.195919,15392335556.555521,523339477.5730005
2026-07-09,hyperliquid,hype,Hyperliquid,,67.597103,15036685890.95339,467764394.1557719
2026-07-10,hyperliquid,hype,Hyperliquid,,67.083945,14922535939.179401,335080366.3165347
2026-07-11,hyperliquid,hype,Hyperliquid,,67.448049,15003529412.932604,354524303.988079
2026-07-12,hyperliquid,hype,Hyperliquid,,66.814222,14862537337.064342,291895564.3921762
2026-07-13,hyperliquid,hype,Hyperliquid,,67.301491,14970928227.82991,219490513.6557432
2026-07-14,hyperliquid,hype,Hyperliquid,,63.439354,14111812384.330433,421791970.26546204
2026-07-15,hyperliquid,hype,Hyperliquid,,65.483364,14566493609.96143,370246862.8973232
2026-07-16,hyperliquid,hype,Hyperliquid,,66.829521,14865940535.228098,475285651.3642246
2026-07-17,hyperliquid,hype,Hyperliquid,,60.686632,13499481259.255964,475363143.31594014
2026-07-18,hyperliquid,hype,Hyperliquid,,59.739183,13288725251.497248,475216053.4567654
2026-07-19,hyperliquid,hype,Hyperliquid,,60.191567,13389356112.487026,291476540.6507046
2026-07-20,hyperliquid,hype,Hyperliquid,,61.109521,13593551046.815449,232552697.1456116
2026-07-21,hyperliquid,hype,Hyperliquid,,62.420929,13885268114.038275,336437269.88588816
2026-07-22,hyperliquid,hype,Hyperliquid,,60.832365,13531898939.481144,353095534.4803764
2026-07-23,hyperliquid,hype,Hyperliquid,,59.358306,13204000697.609648,478377792.9502923
2026-07-24,hyperliquid,hype,Hyperliquid,,57.509322,12792702270.737455,333249339.9885866
2026-07-25,hyperliquid,hype,Hyperliquid,,57.418141,12772419387.895378,328778923.46071196
2026-07-26,hyperliquid,hype,Hyperliquid,,58.123028,12929218366.634619,178550763.03473598
2026-07-27,hyperliquid,hype,Hyperliquid,,59.606,13259099251.722532,201727584.14830118
2026-07-28,hyperliquid,hype,Hyperliquid,,56.040639,12465999896.317785,423169055.526796
2026-07-29,hyperliquid,hype,Hyperliquid,,55.13403,12264328747.837688,442440838.11695856
2026-07-30,hyperliquid,hype,Hyperliquid,,53.875075,11984279503.320602,378620413.10012186
2026-07-31,hyperliquid,hype,Hyperliquid,,55.842187,12421855162.350695,378533664.91208476
2026-08-01,hyperliquid,hype,Hyperliquid,,52.523831,11683701097.552734,388327085.28204936
2026-08-02,hyperliquid,hype,Hyperliquid,,52.156325,11601950925.65526,218413157.78235084
2026-08-03,hyperliquid,hype,Hyperliquid,,52.55069,11689675819.5025,260141587.28895238
2026-08-04,hyperliquid,hype,Hyperliquid,,53.961965,12003607944.282393,296684729.3753941
2026-08-05,hyperliquid,hype,Hyperliquid,,55.03067,12241336591.519466,303920149.41223866
2026-08-06,hyperliquid,hype,Hyperliquid,,56.919308,12661456113.014238,368329632.3514514
2026-08-07,hyperliquid,hype,Hyperliquid,,56.15208,12490789586.438814,252327548.27099633
2026-08-08,hyperliquid,hype,Hyperliquid,,54.079239,12029694925.423063,332198763.79076093
2026-08-09,hyperliquid,hype,Hyperliquid,,55.099758,12256704918.770803,140872447.33367127
2026-08-10,hyperliquid,hype,Hyperliquid,,53.854096,11979612943.024683,134915619.1022037
2026-08-11,hyperliquid,hype,Hyperliquid,,55.044009,12244303812.04886,248412759.0119142
2026-08-12,hyperliquid,hype,Hyperliquid,,54.44253,12110507507.82065,196121519.97807336
2026-08-13,hyperliquid,hype,Hyperliquid,,56.032906,12464279717.208416,274250026.6428852
2026-08-14,hyperliquid,hype,Hyperliquid,,57.44689,12778814535.883476,306150928.8823871
2026-08-15,hyperliquid,hype,Hyperliquid,,56.463035,12559960139.251282,198359039.79986754
2026-08-16,hyperliquid,hype,Hyperliquid,,56.865841,12649562714.826918,120459800.60262047
2026-08-17,hyperliquid,hype,Hyperliquid,,57.115549,12705109041.757116,123262470.17111379
2026-08-18,hyperliquid,hype,Hyperliquid,,59.418878,13217474836.836199,281529200.51944953
2026-08-19,hyperliquid,hype,Hyperliquid,,58.515277,13016472668.652895,269674953.08745277
2026-08-20,hyperliquid,hype,Hyperliquid,,69.603718,15483048858.898315,1222567465.4423378
2026-08-21,hyperliquid,hype,Hyperliquid,,73.655042,16384248504.750845,1257670321.1973174
2026-08-22,hyperliquid,hype,Hyperliquid,,75.500719,16794811359.020775,1694062829.2650013
2026-08-23,hyperliquid,hype,Hyperliquid,,79.487891,17681740712.594868,1514634155.0498965
2026-08-24,hyperliquid,hype,Hyperliquid,,82.241979,18294375825.292698,909166912.0628427
2026-08-25,hyperliquid,hype,Hyperliquid,,78.881391,17546827283.842194,949952275.1965352
2026-08-26,hyperliquid,hype,Hyperliquid,,79.636822,17714869658.899025,1044538478.6406503
2026-08-27,hyperliquid,hype,Hyperliquid,,82.298273,18306898019.20589,1202559041.2696793
2026-08-28,hyperliquid,hype,Hyperliquid,,84.67784,18836222656.585777,1469237562.771082
2026-05-31,dogecoin,doge,Dogecoin,,0.100567,15533268683.212599,557559623.1253521
2026-06-01,dogecoin,doge,Dogecoin,,0.100289,15491725352.47924,503470012.5414785
2026-06-02,dogecoin,doge,Dogecoin,,0.10094,15593798829.039404,986339886.4467961
2026-06-03,dogecoin,doge,Dogecoin,,0.092615,14308901111.498892,1378502712.1570508
2026-06-04,dogecoin,doge,Dogecoin,,0.09132,14110178022.944387,925022038.7947463
2026-06-05,dogecoin,doge,Dogecoin,,0.088488,13673749210.112202,1424717919.8742664
2026-06-06,dogecoin,doge,Dogecoin,,0.081475,12591229029.313417,1980001646.2121437
2026-06-07,dogecoin,doge,Dogecoin,,0.08187,12653260332.852262,960603597.8951346
2026-06-08,dogecoin,doge,Dogecoin,,0.086216,13326130009.996576,853856315.6713402
2026-06-09,dogecoin,doge,Dogecoin,,0.086304,13340955715.298471,653939269.7285631
2026-06-10,dogecoin,doge,Dogecoin,,0.084744,13100647996.285069,751669733.18486
2026-06-11,dogecoin,doge,Dogecoin,,0.082928,12821382823.678106,590174056.1091379
2026-06-12,dogecoin,doge,Dogecoin,,0.085983,13294849624.10088,626420756.9649382
2026-06-13,dogecoin,doge,Dogecoin,,0.085959,13292191910.767782,1260294686.8000243
2026-06-14,dogecoin,doge,Dogecoin,,0.087835,13583376433.07744,613940282.8015661
2026-06-15,dogecoin,doge,Dogecoin,,0.088861,13743490331.620468,606777476.5936825
2026-06-16,dogecoin,doge,Dogecoin,,0.088092,13625687764.460213,1084481797.0265217
2026-06-17,dogecoin,doge,Dogecoin,,0.087096,13472736280.078033,715215665.9240307
2026-06-18,dogecoin,doge,Dogecoin,,0.085853,13281820864.596188,593289684.2083282
2026-06-19,dogecoin,doge,Dogecoin,,0.083457,12912045560.169918,554869626.0450329
2026-06-20,dogecoin,doge,Dogecoin,,0.08344,12910797855.835295,428822499.2335705
2026-06-21,dogecoin,doge,Dogecoin,,0.083639,12942594729.761576,439195179.12106484
2026-06-22,dogecoin,doge,Dogecoin,,0.082164,12715447585.995325,317097950.3271119
2026-06-23,dogecoin,doge,Dogecoin,,0.082354,12746168505.80231,456078751.8624634
2026-06-24,dogecoin,doge,Dogecoin,,0.078804,12197670357.163393,657244519.5130875
2026-06-25,dogecoin,doge,Dogecoin,,0.076109,11781685498.56385,884586328.7677613
2026-06-26,dogecoin,doge,Dogecoin,,0.074834,11585276393.78323,772071139.6334214
2026-06-27,dogecoin,doge,Dogecoin,,0.075678,11716912569.073309,737122903.1988994
2026-06-28,dogecoin,doge,Dogecoin,,0.07441,11521596189.260386,414700502.0685494
2026-06-29,dogecoin,doge,Dogecoin,,0.073079,11316594054.338327,450934498.6568187
2026-06-30,dogecoin,doge,Dogecoin,,0.073305,11352320686.6195,642347503.8155932
2026-07-01,dogecoin,doge,Dogecoin,,0.071988,11149498748.699627,805340447.0991844
2026-07-02,dogecoin,doge,Dogecoin,,0.072128,11172176034.812876,629087318.5238192
2026-07-03,dogecoin,doge,Dogecoin,,0.074105,11479450634.402182,688475988.9471116
2026-07-04,dogecoin,doge,Dogecoin,,0.077496,12005944441.928532,663162806.2637191
2026-07-05,dogecoin,doge,Dogecoin,,0.077598,12022640473.100685,612985900.2863585
2026-07-06,dogecoin,doge,Dogecoin,,0.077799,13277272950.246967,552189126.1167961
2026-07-07,dogecoin,doge,Dogecoin,,0.076594,11869285453.443615,761543121.7115991
2026-07-08,dogecoin,doge,Dogecoin,,0.074189,11497556477.33468,594537264.3221581
2026-07-09,dogecoin,doge,Dogecoin,,0.072368,11216352234.3301,590716171.0909889
2026-07-10,dogecoin,doge,Dogecoin,,0.072851,11292248108.042778,406475827.05625606
2026-07-11,dogecoin,doge,Dogecoin,,0.074067,11481706903.782015,435979527.4030169
2026-07-12,dogecoin,doge,Dogecoin,,0.073178,11344888808.997723,371420109.59514505
2026-07-13,dogecoin,doge,Dogecoin,,0.072692,11270567524.439562,356677268.4585009
2026-07-14,dogecoin,doge,Dogecoin,,0.071924,11152241936.13199,414083877.1868106
2026-07-15,dogecoin,doge,Dogecoin,,0.074414,11539499540.56997,546741368.7690488
2026-07-16,dogecoin,doge,Dogecoin,,0.07404,11482534826.2826,570833995.2548248
2026-07-17,dogecoin,doge,Dogecoin,,0.072344,11220582240.975306,433729233.68109
2026-07-18,dogecoin,doge,Dogecoin,,0.072524,11249247458.69223,431615772.59839696
2026-07-19,dogecoin,doge,Dogecoin,,0.07249,11245047608.883055,273085083.9381755
2026-07-20,dogecoin,doge,Dogecoin,,0.072359,11225847048.974113,293006548.0679386
2026-07-21,dogecoin,doge,Dogecoin,,0.072107,11187458828.538834,599030739.9063891
2026-07-22,dogecoin,doge,Dogecoin,,0.073309,11375100062.380596,495671598.9558672
2026-07-23,dogecoin,doge,Dogecoin,,0.072959,11321947732.05949,478919106.5068585
2026-07-24,dogecoin,doge,Dogecoin,,0.069168,10734508484.119032,726938671.6853594
2026-07-25,dogecoin,doge,Dogecoin,,0.069513,10789080646.091919,577170540.0719624
2026-07-26,dogecoin,doge,Dogecoin,,0.071684,11127014256.834873,601767333.8754058
2026-07-27,dogecoin,doge,Dogecoin,,0.073315,11381175813.472527,531350396.4371066
2026-07-28,dogecoin,doge,Dogecoin,,0.070323,10917501576.277025,492444211.26160514
2026-07-29,dogecoin,doge,Dogecoin,,0.070832,10997407769.62434,506349112.7247243
2026-07-30,dogecoin,doge,Dogecoin,,0.070074,10880667440.215847,511961232.43491006
2026-07-31,dogecoin,doge,Dogecoin,,0.070562,10957614157.728727,430327818.33638525
2026-08-01,dogecoin,doge,Dogecoin,,0.069533,10798720694.692326,498407681.5715999
2026-08-02,dogecoin,doge,Dogecoin,,0.06909,10730890280.873447,388175737.123248
2026-08-03,dogecoin,doge,Dogecoin,,0.070727,10985997328.264338,382321857.7388174
2026-08-04,dogecoin,doge,Dogecoin,,0.070155,10898211498.715052,441269318.9847302
2026-08-05,dogecoin,doge,Dogecoin,,0.070023,10878715543.356571,379334564.6697512
2026-08-06,dogecoin,doge,Dogecoin,,0.069988,10874291325.28201,384032959.9467411
2026-08-07,dogecoin,doge,Dogecoin,,0.06902,10724689856.943947,374482565.26804453
2026-08-08,dogecoin,doge,Dogecoin,,0.069604,10816393796.746508,416791976.87363136
2026-08-09,dogecoin,doge,Dogecoin,,0.07038,10937837549.049583,356179724.4344471
2026-08-10,dogecoin,doge,Dogecoin,,0.069327,10775209952.934534,288564782.1286813
2026-08-11,dogecoin,doge,Dogecoin,,0.069644,10825506614.079062,314118301.2934441
2026-08-12,dogecoin,doge,Dogecoin,,0.071837,11167357065.674852,468969839.8028047
2026-08-13,dogecoin,doge,Dogecoin,,0.069619,10823512165.971111,437957153.7922476
2026-08-14,dogecoin,doge,Dogecoin,,0.070114,10901328073.730679,276469367.1913139
2026-08-15,dogecoin,doge,Dogecoin,,0.070003,10885103885.210056,227797278.22174358
2026-08-16,dogecoin,doge,Dogecoin,,0.069558,10816886465.64066,165951925.43849695
2026-08-17,dogecoin,doge,Dogecoin,,0.069529,10813166601.449755,183282244.63917556
2026-08-18,dogecoin,doge,Dogecoin,,0.070352,10942136653.071072,279630965.9295333
2026-08-19,dogecoin,doge,Dogecoin,,0.070211,10921240723.391268,258991762.6994631
2026-08-20,dogecoin,doge,Dogecoin,,0.074998,11666737354.828506,774955491.689003
2026-08-21,dogecoin,doge,Dogecoin,,0.080454,12516737393.11351,1312654027.1287255
2026-08-22,dogecoin,doge,Dogecoin,,0.091521,14239715450.565868,1957454725.5399187
2026-08-23,dogecoin,doge,Dogecoin,,0.091955,14308577411.537575,2660548610.789167
2026-08-24,dogecoin,doge,Dogecoin,,0.093379,14531403127.016651,1075263869.4970336
2026-08-25,dogecoin,doge,Dogecoin,,0.090053,14015062236.16588,1110312110.3865004
2026-08-26,dogecoin,doge,Dogecoin,,0.085672,13334454108.454563,871135724.3481377
2026-08-27,dogecoin,doge,Dogecoin,,0.08768,13647975710.675207,635724555.0876467
2026-08-28,dogecoin,doge,Dogecoin,,0.089144,13877166496.744774,737489520.9603492
2026-05-31,zcash,zec,Zcash,,528.202204,8814757306.859167,426606020.68848056
2026-06-01,zcash,zec,Zcash,,569.412112,9502477538.52921,512627819.6903375
2026-06-02,zcash,zec,Zcash,,543.672387,9072927208.96133,720696385.9532984
2026-06-03,zcash,zec,Zcash,,608.641686,10157149498.121693,1228305563.3083723
2026-06-04,zcash,zec,Zcash,,620.929377,10362209255.760418,804026354.0611703
2026-06-05,zcash,zec,Zcash,,459.172345,7662771490.175082,1177356540.9245243
2026-06-06,zcash,zec,Zcash,,389.992536,6508283252.529765,3582549935.926357
2026-06-07,zcash,zec,Zcash,,362.160637,6043818264.15731,1027734936.7821984
2026-06-08,zcash,zec,Zcash,,439.981411,7342508849.830008,1322039118.593408
2026-06-09,zcash,zec,Zcash,,458.582305,7652924764.733862,918415790.9283661
2026-06-10,zcash,zec,Zcash,,429.066287,7160354812.826265,895075093.7423905
2026-06-11,zcash,zec,Zcash,,408.77273,6821691367.421857,640678290.2132931
2026-06-12,zcash,zec,Zcash,,427.993138,7142445864.548147,466166979.8337841
2026-06-13,zcash,zec,Zcash,,411.696933,6870491117.633706,422079720.8435193
2026-06-14,zcash,zec,Zcash,,420.385526,7015488321.502361,346311225.1996428
2026-06-15,zcash,zec,Zcash,,472.50128,7885207748.80811,442389875.6036468
2026-06-16,zcash,zec,Zcash,,518.499027,8652828508.95892,876212475.7974097
2026-06-17,zcash,zec,Zcash,,504.76106,8423566218.781285,693713031.6657847
2026-06-18,zcash,zec,Zcash,,476.860444,7957954457.9521885,572669404.1517406
2026-06-19,zcash,zec,Zcash,,455.554784,7602400807.24345,434273579.521296
2026-06-20,zcash,zec,Zcash,,476.732932,7955826517.336415,358064879.4306892
2026-06-21,zcash,zec,Zcash,,470.876309,7858089875.215018,275508869.2729622
2026-06-22,zcash,zec,Zcash,,434.041278,7243378583.711159,258228515.29667103
2026-06-23,zcash,zec,Zcash,,441.726597,7412996459.905281,304467547.53280526
2026-06-24,zcash,zec,Zcash,,415.699591,6976214743.978631,301930069.0404334
2026-06-25,zcash,zec,Zcash,,415.849382,6979909140.578906,372486926.05661464
2026-06-26,zcash,zec,Zcash,,416.372374,6988687412.346115,363424024.2693437
2026-06-27,zcash,zec,Zcash,,418.743707,7028489534.767544,424981669.8304757
2026-06-28,zcash,zec,Zcash,,395.029649,6630456067.870647,239256615.78044626
2026-06-29,zcash,zec,Zcash,,375.963243,6310432061.157312,245930705.06035244
2026-06-30,zcash,zec,Zcash,,406.609232,6824815951.132086,329440554.7316493
2026-07-01,zcash,zec,Zcash,,399.319956,6702467605.661773,268533853.0071609
2026-07-02,zcash,zec,Zcash,,416.69897,6994169220.563857,328179444.13500726
2026-07-03,zcash,zec,Zcash,,434.191693,7287779420.500282,373013847.05135536
2026-07-04,zcash,zec,Zcash,,460.651526,7731899906.779681,388966405.5504602
2026-07-05,zcash,zec,Zcash,,463.040865,7772004253.852644,218203420.14959934
2026-07-06,zcash,zec,Zcash,,461.918006,7753157400.106025,188463403.842457
2026-07-07,zcash,zec,Zcash,,452.394641,7593310525.875608,302575768.7609729
2026-07-08,zcash,zec,Zcash,,483.792383,8120312364.82724,496295476.85413563
2026-07-09,zcash,zec,Zcash,,465.879553,7819650795.262385,302287385.84740824
2026-07-10,zcash,zec,Zcash,,481.185046,8076548969.711203,246576611.4692697
2026-07-11,zcash,zec,Zcash,,497.856602,8356376119.383108,274954814.3617853
2026-07-12,zcash,zec,Zcash,,508.578085,8536333052.302757,257913077.29872406
2026-07-13,zcash,zec,Zcash,,533.299749,8951278885.555243,332902525.3497594
2026-07-14,zcash,zec,Zcash,,495.419476,8315469684.009479,338941526.9593848
2026-07-15,zcash,zec,Zcash,,564.136265,9468860710.68703,480525928.26033473
2026-07-16,zcash,zec,Zcash,,570.179558,9570295600.432968,468587078.8210739
2026-07-17,zcash,zec,Zcash,,523.563778,8787863490.480547,426080857.1762138
2026-07-18,zcash,zec,Zcash,,547.281541,9185959142.773632,368804539.70434034
2026-07-19,zcash,zec,Zcash,,558.409297,9372735233.906498,224254307.85790896
2026-07-20,zcash,zec,Zcash,,547.828484,9195139419.326431,192561859.19788966
2026-07-21,zcash,zec,Zcash,,542.471773,9105228602.247238,325120898.12157303
2026-07-22,zcash,zec,Zcash,,532.21803,8933122550.809069,319326298.2495698
2026-07-23,zcash,zec,Zcash,,515.124232,8646208203.744047,275870117.4532885
2026-07-24,zcash,zec,Zcash,,504.224868,8463265596.599373,221221521.05893576
2026-07-25,zcash,zec,Zcash,,488.264958,8195383206.361347,205066228.53587905
2026-07-26,zcash,zec,Zcash,,485.199841,8143936124.737606,138346367.43503958
2026-07-27,zcash,zec,Zcash,,507.814692,8523519720.968322,163673604.66933796
2026-07-28,zcash,zec,Zcash,,476.315733,7994818995.284873,214718803.30162585
2026-07-29,zcash,zec,Zcash,,465.441484,7812297933.0452795,204984720.24838233
2026-07-30,zcash,zec,Zcash,,467.183565,7841538256.751651,207866219.1450937
2026-07-31,zcash,zec,Zcash,,469.964328,7888212531.833462,177541543.65338284
2026-08-01,zcash,zec,Zcash,,457.230633,7674481222.172446,154130293.04624495
2026-08-02,zcash,zec,Zcash,,461.46515,7745556338.468496,128707416.70683694
2026-08-03,zcash,zec,Zcash,,489.138538,8210045988.74776,181112300.00355172
2026-08-04,zcash,zec,Zcash,,483.016866,8107295526.607002,190351794.52821043
2026-08-05,zcash,zec,Zcash,,505.524242,8485075200.053998,238178307.66437194
2026-08-06,zcash,zec,Zcash,,511.830982,8590931962.608122,209090316.4223277
2026-08-07,zcash,zec,Zcash,,501.943288,8424969936.108861,162043756.84555176
2026-08-08,zcash,zec,Zcash,,510.999989,8576984002.522582,168062647.4105978
2026-08-09,zcash,zec,Zcash,,507.875065,8524533075.849712,108649846.23666418
2026-08-10,zcash,zec,Zcash,,509.439119,8550785256.226465,153816516.5635082
2026-08-11,zcash,zec,Zcash,,495.703144,8362521408.560771,167269162.60053733
2026-08-12,zcash,zec,Zcash,,480.664998,8109544851.292486,213009770.71790084
2026-08-13,zcash,zec,Zcash,,489.75404,8263108818.576205,187158959.95227525
2026-08-14,zcash,zec,Zcash,,490.645676,8279727886.407784,147819667.2499245
2026-08-15,zcash,zec,Zcash,,492.835044,8317403861.6855755,127880893.43094066
2026-08-16,zcash,zec,Zcash,,487.597995,8230150638.890481,81499126.73326102
2026-08-17,zcash,zec,Zcash,,486.142502,8205659377.098058,83677908.72804359
2026-08-18,zcash,zec,Zcash,,513.922516,8674561675.18296,257612459.8380421
2026-08-19,zcash,zec,Zcash,,508.541992,8585986293.00569,165909497.26399782
2026-08-20,zcash,zec,Zcash,,564.571611,9531964290.052107,520787280.4320261
2026-08-21,zcash,zec,Zcash,,568.973111,9608650859.798256,452288309.3640462
2026-08-22,zcash,zec,Zcash,,733.466047,12388043397.032005,1572078870.0620959
2026-08-23,zcash,zec,Zcash,,803.227555,13566296409.779604,2222178790.515196
2026-08-24,zcash,zec,Zcash,,852.824785,14403980228.50338,1392443546.5433707
2026-08-25,zcash,zec,Zcash,,830.322413,14023921240.188524,1226289760.2191408
2026-08-26,zcash,zec,Zcash,,768.014646,12976355179.193512,1173137715.0914752
2026-08-27,zcash,zec,Zcash,,816.375974,13794507784.083122,1077943642.3974628
2026-08-28,zcash,zec,Zcash,,810.074196,13690143932.994457,601021988.8913199
2026-05-31,rain,rain,Rain,,0.014345,8931719059.482426,50569154.73680486
2026-06-01,rain,rain,Rain,,0.014291,8898124697.385277,48880666.794150636
2026-06-02,rain,rain,Rain,,0.013514,8414593883.0608225,47881544.80292343
2026-06-03,rain,rain,Rain,,0.01381,8598602736.582005,54274235.18009617
2026-06-04,rain,rain,Rain,,0.014198,8840452559.459366,46720232.524790645
2026-06-05,rain,rain,Rain,,0.014126,8795745598.522388,47435850.17024106
2026-06-06,rain,rain,Rain,,0.013028,8111891700.880835,46201023.775063396
2026-06-07,rain,rain,Rain,,0.0129,8032486317.367706,44451200.479605906
2026-06-08,rain,rain,Rain,,0.013437,8366562315.411936,47045553.10292644
2026-06-09,rain,rain,Rain,,0.013275,8265720429.447577,43553061.320738204
2026-06-10,rain,rain,Rain,,0.012658,7881412497.126513,48988130.30550863
2026-06-11,rain,rain,Rain,,0.013107,8161374982.239175,45072469.792118736
2026-06-12,rain,rain,Rain,,0.013282,8269894272.032155,43292837.29984682
2026-06-13,rain,rain,Rain,,0.013031,8113901344.146659,45730576.77664139
2026-06-14,rain,rain,Rain,,0.012988,8087217234.887895,41269068.891067795
2026-06-15,rain,rain,Rain,,0.013069,8137721317.726948,46042403.909667954
2026-06-16,rain,rain,Rain,,0.013754,8564264214.672068,45530745.33816344
2026-06-17,rain,rain,Rain,,0.014124,8794425911.437057,43772636.363550745
2026-06-18,rain,rain,Rain,,0.01459,9084475977.862547,44387706.55980498
2026-06-19,rain,rain,Rain,,0.01451,9035080181.709045,45792662.00992526
2026-06-20,rain,rain,Rain,,0.014439,8990775971.423735,42082935.70074463
2026-06-21,rain,rain,Rain,,0.014449,8996702247.50711,39612048.488901645
2026-06-22,rain,rain,Rain,,0.014343,8930794862.68859,40831148.3093849
2026-06-23,rain,rain,Rain,,0.016015,9971993808.193392,43855250.10932317
2026-06-24,rain,rain,Rain,,0.015661,9751601162.38732,41496536.73573927
2026-06-25,rain,rain,Rain,,0.015868,9881040106.843445,43332375.340596616
2026-06-26,rain,rain,Rain,,0.015756,10427238720.545341,42397017.73389934
2026-06-27,rain,rain,Rain,,0.0157,10390435895.849625,38732486.95700166
2026-06-28,rain,rain,Rain,,0.015585,17920268728.855648,40744033.57110885
2026-06-29,rain,rain,Rain,,0.015566,17898781072.57347,41590783.00121674
2026-06-30,rain,rain,Rain,,0.015956,10560190953.675524,40647398.10524969
2026-07-01,rain,rain,Rain,,0.01574,10416978584.63659,34422385.25927274
2026-07-02,rain,rain,Rain,,0.015533,10280399602.595695,39833432.65931611
2026-07-03,rain,rain,Rain,,0.01553,10278398032.692198,38399361.7085296
2026-07-04,rain,rain,Rain,,0.015472,10239874994.915533,33510234.347371347
2026-07-05,rain,rain,Rain,,0.015409,10198270295.49692,36270903.4787042
2026-07-06,rain,rain,Rain,,0.015118,10005719998.128378,36056243.79512138
2026-07-07,rain,rain,Rain,,0.015089,9986097827.507105,37258338.768239595
2026-07-08,rain,rain,Rain,,0.014863,9836644640.332125,37236011.38540132
2026-07-09,rain,rain,Rain,,0.014586,9653607930.89993,33992730.10694332
2026-07-10,rain,rain,Rain,,0.014339,9490456981.387913,29146333.89497368
2026-07-11,rain,rain,Rain,,0.014411,9537884882.599924,24718323.832601666
2026-07-12,rain,rain,Rain,,0.014523,9611990876.797321,23815277.756703302
2026-07-13,rain,rain,Rain,,0.014459,9569890986.278316,25577999.545932166
2026-07-14,rain,rain,Rain,,0.014362,9505449542.766243,27853727.01353644
2026-07-15,rain,rain,Rain,,0.014824,9811342744.871614,26712563.213613793
2026-07-16,rain,rain,Rain,,0.01459,9656362448.292099,24040749.282553226
2026-07-17,rain,rain,Rain,,0.014553,9632252644.861544,25550438.794755302
2026-07-18,rain,rain,Rain,,0.014139,9358150457.92436,27063069.536018744
2026-07-19,rain,rain,Rain,,0.014627,9681062939.963247,20730574.29787767
2026-07-20,rain,rain,Rain,,0.014392,9525846446.930695,22857435.305407304
2026-07-21,rain,rain,Rain,,0.014091,9326572849.424458,26818940.49716395
2026-07-22,rain,rain,Rain,,0.015206,10560668370.370079,25437647.853566237
2026-07-23,rain,rain,Rain,,0.014338,9958025862.434414,31096466.273931764
2026-07-24,rain,rain,Rain,,0.013985,9712707965.82468,31409086.03089374
2026-07-25,rain,rain,Rain,,0.014088,9784138893.773066,33386219.212386508
2026-07-26,rain,rain,Rain,,0.013825,9601762818.099897,29852557.73372111
2026-07-27,rain,rain,Rain,,0.014078,9777760487.662014,29305459.935240958
2026-07-28,rain,rain,Rain,,0.013726,9533105736.824083,27010232.11833574
2026-07-29,rain,rain,Rain,,0.013744,9545971158.951138,27322751.52575696
2026-07-30,rain,rain,Rain,,0.013767,9562254872.16057,22494833.5334897
2026-07-31,rain,rain,Rain,,0.013333,9260571034.209553,19724506.95600181
2026-08-01,rain,rain,Rain,,0.012718,8833848022.760891,19335151.158546828
2026-08-02,rain,rain,Rain,,0.01229,8536382053.757062,15573262.183049247
2026-08-03,rain,rain,Rain,,0.012904,8962780857.065327,19699950.925787274
2026-08-04,rain,rain,Rain,,0.012705,8824454528.033623,22188950.09925017
2026-08-05,rain,rain,Rain,,0.012452,8649217170.290901,21135135.980462767
2026-08-06,rain,rain,Rain,,0.012573,8733045574.64664,21089834.540880907
2026-08-07,rain,rain,Rain,,0.012542,8987365981.41109,22676127.050690662
2026-08-08,rain,rain,Rain,,0.012712,9108898735.799856,21931984.942795064
2026-08-09,rain,rain,Rain,,0.012662,9073320716.608685,27253804.981763043
2026-08-10,rain,rain,Rain,,0.012575,9010856152.03274,30575145.400320437
2026-08-11,rain,rain,Rain,,0.012852,9209254567.386091,33604012.725423716
2026-08-12,rain,rain,Rain,,0.012927,9263082508.752893,27758513.305797182
2026-08-13,rain,rain,Rain,,0.01279,9164829694.39594,29169917.586531628
2026-08-14,rain,rain,Rain,,0.012553,8995099733.985395,24689040.115758732
2026-08-15,rain,rain,Rain,,0.01275,9136217594.153234,29820227.53042317
2026-08-16,rain,rain,Rain,,0.012673,9080900749.751226,21739928.724749126
2026-08-17,rain,rain,Rain,,0.012987,9306262900.72732,28022941.406388015
2026-08-18,rain,rain,Rain,,0.013105,9391001476.591562,29768580.318610687
2026-08-19,rain,rain,Rain,,0.013082,9374622891.025307,27697933.269506875
2026-08-20,rain,rain,Rain,,0.01396,10003834497.665094,33837525.6949165
2026-08-21,rain,rain,Rain,,0.01386,9931916836.067999,35138937.614085615
2026-08-22,rain,rain,Rain,,0.015053,10786813838.56061,35320893.227041684
2026-08-23,rain,rain,Rain,,0.014066,10079254031.658031,30518736.648658
2026-08-24,rain,rain,Rain,,0.014018,10045230996.97618,35513705.021158166
2026-08-25,rain,rain,Rain,,0.014853,10643333041.420313,43286021.27772038
2026-08-26,rain,rain,Rain,,0.018158,12877515862.3486,33836266.2631435
2026-08-27,rain,rain,Rain,,0.017523,12427210326.149097,54668712.61525968
2026-08-28,rain,rain,Rain,,0.017315,12279134767.074272,53736165.26741153
2026-05-31,usds,usds,USDS,,0.999897,11042228180.335054,11393419.081610888
2026-06-01,usds,usds,USDS,,1.000108,11049697774.924334,10862379.06604411
2026-06-02,usds,usds,USDS,,0.999639,11032351962.501926,56151767.40154364
2026-06-03,usds,usds,USDS,,0.999539,10950400614.65986,42451898.831133924
2026-06-04,usds,usds,USDS,,0.999922,10952084085.904482,58043423.25143222
2026-06-05,usds,usds,USDS,,0.999852,10920654336.557634,188868593.06705517
2026-06-06,usds,usds,USDS,,0.999691,10809344160.397196,189873697.72181368
2026-06-07,usds,usds,USDS,,0.999633,10812482149.498747,83682077.14640312
2026-06-08,usds,usds,USDS,,0.999809,10750333265.56043,72284747.79763594
2026-06-09,usds,usds,USDS,,0.999743,10635046625.308401,125423027.89961594
2026-06-10,usds,usds,USDS,,0.999764,10581186878.384594,128192380.80053964
2026-06-11,usds,usds,USDS,,0.9999,10571520200.613651,107639030.65848327
2026-06-12,usds,usds,USDS,,0.999772,10510104509.293034,112918116.07507382
2026-06-13,usds,usds,USDS,,0.999769,10588197789.087383,97422627.2100936
2026-06-14,usds,usds,USDS,,0.99981,10560512412.802742,17913019.95154375
2026-06-15,usds,usds,USDS,,0.999671,10549231175.530924,28270368.16275597
2026-06-16,usds,usds,USDS,,0.999723,10568563618.307173,57959145.684356935
2026-06-17,usds,usds,USDS,,0.999644,10277571833.025612,74683347.38213363
2026-06-18,usds,usds,USDS,,0.999639,10262713461.860357,90267015.5816062
2026-06-19,usds,usds,USDS,,0.999891,10239801636.308884,130063243.69823518
2026-06-20,usds,usds,USDS,,0.999699,10262229271.43964,66994223.42662611
2026-06-21,usds,usds,USDS,,0.99964,10327539680.973646,36867339.87691043
2026-06-22,usds,usds,USDS,,0.99969,10331503215.531712,23048903.39785913
2026-06-23,usds,usds,USDS,,0.999559,10319802221.266964,81724365.75429729
2026-06-24,usds,usds,USDS,,0.999766,10301756937.689045,63568192.5741832
2026-06-25,usds,usds,USDS,,0.999887,10287771543.449085,40589723.52374042
2026-06-26,usds,usds,USDS,,0.999976,10310189449.995316,53302777.60094192
2026-06-27,usds,usds,USDS,,0.999662,10333207088.801855,30613695.09048188
2026-06-28,usds,usds,USDS,,0.999894,10338656265.995739,3720083.4250713093
2026-06-29,usds,usds,USDS,,0.999699,10341247776.042397,6971190.33012691
2026-06-30,usds,usds,USDS,,0.999759,10342195321.01265,53042496.02933833
2026-07-01,usds,usds,USDS,,0.999649,10030614014.762222,59321261.55640119
2026-07-02,usds,usds,USDS,,0.9997,10012927366.59518,119413438.16236131
2026-07-03,usds,usds,USDS,,0.999759,10076015512.260736,154565089.09284952
2026-07-04,usds,usds,USDS,,0.999886,10160669689.565594,97577811.83450113
2026-07-05,usds,usds,USDS,,0.999774,10138507259.893614,36863541.78835792
2026-07-06,usds,usds,USDS,,0.999879,10136913687.251362,23024244.625711378
2026-07-07,usds,usds,USDS,,0.999845,11004431654.528582,179913129.05262852
2026-07-08,usds,usds,USDS,,0.999889,10991282450.266031,188322860.18847603
2026-07-09,usds,usds,USDS,,0.999839,10928486863.540554,327441109.722321
2026-07-10,usds,usds,USDS,,0.99988,10884339301.951677,195142616.56859472
2026-07-11,usds,usds,USDS,,1.00003,10954800124.831858,133450049.33092529
2026-07-12,usds,usds,USDS,,1.000091,10966089778.839314,71590310.71944804
2026-07-13,usds,usds,USDS,,0.99985,10929150684.499815,49979311.7216956
2026-07-14,usds,usds,USDS,,0.999899,10048348523.859276,196562135.49868584
2026-07-15,usds,usds,USDS,,1.000017,9999320346.028526,288875719.4483615
2026-07-16,usds,usds,USDS,,1.00001,10008667379.275187,132732541.46422522
2026-07-17,usds,usds,USDS,,0.999992,9997440663.302055,122644775.0747055
2026-07-18,usds,usds,USDS,,0.999986,9943134634.986013,120344802.99332088
2026-07-19,usds,usds,USDS,,0.999939,10024432574.433056,35714184.54407444
2026-07-20,usds,usds,USDS,,0.999931,9993820468.170563,23790570.467732605
2026-07-21,usds,usds,USDS,,1.000033,9905446278.010859,118726994.30644599
2026-07-22,usds,usds,USDS,,0.999917,9893273924.13936,151387169.62094986
2026-07-23,usds,usds,USDS,,0.999904,9865882639.522594,129163793.65687427
2026-07-24,usds,usds,USDS,,1.000021,9872795405.191153,109326915.35080454
2026-07-25,usds,usds,USDS,,1.000041,9860161834.612686,218998923.96968585
2026-07-26,usds,usds,USDS,,1.000149,9849962600.12883,57799558.836903654
2026-07-27,usds,usds,USDS,,1.000134,9851191160.492918,45032085.12479636
2026-07-28,usds,usds,USDS,,1.000077,9974552958.003433,166759060.49323258
2026-07-29,usds,usds,USDS,,1.00009,9991599079.44126,246552451.43114057
2026-07-30,usds,usds,USDS,,1.000039,9702777744.381767,142307936.25690418
2026-07-31,usds,usds,USDS,,1.000331,9691778792.445246,211010362.18426886
2026-08-01,usds,usds,USDS,,1.000045,9703019644.436314,133579013.80660683
2026-08-02,usds,usds,USDS,,1.000032,9716587203.098902,58380967.74083577
2026-08-03,usds,usds,USDS,,0.999922,9721917120.992205,68114803.8240276
2026-08-04,usds,usds,USDS,,0.999856,9725695299.379513,72736196.7060677
2026-08-05,usds,usds,USDS,,0.999896,9837776441.51793,158188741.85908824
2026-08-06,usds,usds,USDS,,0.999932,9851344918.206038,143009044.27364045
2026-08-07,usds,usds,USDS,,0.999935,9850765015.322182,156231841.91727516
2026-08-08,usds,usds,USDS,,0.99985,9855331617.853252,280084934.81639063
2026-08-09,usds,usds,USDS,,0.999999,9856639344.369759,83703612.45068663
2026-08-10,usds,usds,USDS,,0.999942,9853232679.43941,44967017.41701923
2026-08-11,usds,usds,USDS,,0.999817,9804153630.183374,192683947.12068057
2026-08-12,usds,usds,USDS,,0.999899,9788807235.903322,170605712.52258188
2026-08-13,usds,usds,USDS,,0.999904,9812966872.23293,172916077.9359884
2026-08-14,usds,usds,USDS,,1.000039,9801931952.914442,252956353.40488634
2026-08-15,usds,usds,USDS,,0.99993,9800826296.345253,218896092.44122332
2026-08-16,usds,usds,USDS,,1.000074,9796075826.694126,56177432.27121844
2026-08-17,usds,usds,USDS,,1.000126,9794325520.189741,75477575.09996644
2026-08-18,usds,usds,USDS,,1.000045,9788107013.089457,130508454.31340817
2026-08-19,usds,usds,USDS,,1.000032,9790226814.066927,148029159.5707272
2026-08-20,usds,usds,USDS,,0.999947,9729527385.308058,202219486.1401264
2026-08-21,usds,usds,USDS,,0.999843,9743788194.393732,310896382.27032006
2026-08-22,usds,usds,USDS,,0.999961,9723849355.739576,303124104.93221325
2026-08-23,usds,usds,USDS,,1.000064,9752163572.90347,141302568.87121642
2026-08-24,usds,usds,USDS,,0.999817,9761772151.540857,63326714.84206671
2026-08-25,usds,usds,USDS,,1.000052,9744521736.361277,167445933.38976413
2026-08-26,usds,usds,USDS,,0.999784,9723367395.897781,225852110.50749063
2026-08-27,usds,usds,USDS,,0.999677,9722023783.992311,111288091.73484012
2026-08-28,usds,usds,USDS,,0.999804,9804759293.660072,423998941.28862834
2026-05-31,monero,xmr,Monero,,370.259454,6945447717.257023,224750172.69601297
2026-06-01,monero,xmr,Monero,,367.34688,6890971388.175875,104600080.7074728
2026-06-02,monero,xmr,Monero,,343.916288,6451661722.472478,147306898.2156984
2026-06-03,monero,xmr,Monero,,325.713035,6110179685.666552,177214247.35328138
2026-06-04,monero,xmr,Monero,,363.726499,6823543983.331435,184402356.2045242
2026-06-05,monero,xmr,Monero,,373.398054,7005155335.30339,178610984.96493456
2026-06-06,monero,xmr,Monero,,307.924127,5777000759.492796,67127211.4914328
2026-06-07,monero,xmr,Monero,,295.901553,5551531720.996826,110650920.99470949
2026-06-08,monero,xmr,Monero,,302.875582,5682489941.367011,84108874.54975937
2026-06-09,monero,xmr,Monero,,314.566033,5901985168.88903,105820617.47038163
2026-06-10,monero,xmr,Monero,,311.499184,5844623789.7028055,122133290.91890235
2026-06-11,monero,xmr,Monero,,334.801162,6281911884.698706,133762397.96262622
2026-06-12,monero,xmr,Monero,,387.191219,7265069703.03604,194862373.3743489
2026-06-13,monero,xmr,Monero,,353.575269,6634316194.628371,263565610.23613977
2026-06-14,monero,xmr,Monero,,338.16519,6345460831.376882,103636742.27801096
2026-06-15,monero,xmr,Monero,,340.943889,6397728641.302785,93132089.75546572
2026-06-16,monero,xmr,Monero,,347.817692,6526916097.183685,188864964.1041507
2026-06-17,monero,xmr,Monero,,345.419474,6482017588.820902,135537411.0263647
2026-06-18,monero,xmr,Monero,,336.868433,6321715347.3807535,136447607.25804675
2026-06-19,monero,xmr,Monero,,319.058412,5987490260.640536,142436343.3911564
2026-06-20,monero,xmr,Monero,,314.773888,5907403805.559187,144876540.32791233
2026-06-21,monero,xmr,Monero,,320.813991,6020875102.87591,101815871.5925327
2026-06-22,monero,xmr,Monero,,320.317083,6011707361.480927,96110440.98083593
2026-06-23,monero,xmr,Monero,,317.534088,5959625888.035086,128589644.78364816
2026-06-24,monero,xmr,Monero,,318.377672,5975604230.685911,175029899.111455
2026-06-25,monero,xmr,Monero,,314.667469,5906098181.964915,123203320.089108
2026-06-26,monero,xmr,Monero,,307.58929,5773381333.72631,136357248.43006063
2026-06-27,monero,xmr,Monero,,320.685583,6019327191.813054,36538196.95831883
2026-06-28,monero,xmr,Monero,,313.027905,5875719266.880871,22310364.210670616
2026-06-29,monero,xmr,Monero,,310.191623,5822620904.832401,18746127.059658047
2026-06-30,monero,xmr,Monero,,315.193124,5916629486.164063,35058266.82311097
2026-07-01,monero,xmr,Monero,,303.511676,5697483890.863627,36166071.46236299
2026-07-02,monero,xmr,Monero,,309.218579,5804749357.383818,38854152.99944663
2026-07-03,monero,xmr,Monero,,317.356085,5957655630.949182,103638729.05737162
2026-07-04,monero,xmr,Monero,,324.099116,6084385150.753012,96931553.52211744
2026-07-05,monero,xmr,Monero,,328.256577,6162577668.90617,117673964.63123973
2026-07-06,monero,xmr,Monero,,327.334165,6145403202.088304,108067505.3416562
2026-07-07,monero,xmr,Monero,,323.300576,6069817046.942675,101599414.07762021
2026-07-08,monero,xmr,Monero,,335.111907,6291714031.27908,114930160.92660865
2026-07-09,monero,xmr,Monero,,319.613268,6000864922.737591,123077536.00183862
2026-07-10,monero,xmr,Monero,,314.221468,5899763916.152984,40625493.35593992
2026-07-11,monero,xmr,Monero,,322.122927,6048262884.397897,33881105.79699175
2026-07-12,monero,xmr,Monero,,322.70041,6059242733.995468,26880595.415212993
2026-07-13,monero,xmr,Monero,,323.781133,6079688398.226308,36437845.83339919
2026-07-14,monero,xmr,Monero,,321.425411,6035582123.631709,101103534.93089126
2026-07-15,monero,xmr,Monero,,330.890416,6213459629.832726,94775032.21989252
2026-07-16,monero,xmr,Monero,,329.792129,6192977490.48328,105207039.35564205
2026-07-17,monero,xmr,Monero,,334.520892,6281910893.033473,83092920.82651287
2026-07-18,monero,xmr,Monero,,330.386667,6204420682.326264,96173427.78408492
2026-07-19,monero,xmr,Monero,,335.743035,6305155416.711023,55919807.43321416
2026-07-20,monero,xmr,Monero,,336.248061,6314785122.071171,84614635.66365646
2026-07-21,monero,xmr,Monero,,337.282654,6334360624.090735,78486086.65497573
2026-07-22,monero,xmr,Monero,,357.284771,6710168268.466282,118187416.45319952
2026-07-23,monero,xmr,Monero,,352.418334,6618928565.269543,82987616.7722343
2026-07-24,monero,xmr,Monero,,355.330189,6673764975.671203,93902700.55524889
2026-07-25,monero,xmr,Monero,,363.621124,6829632354.795207,112234533.05778252
2026-07-26,monero,xmr,Monero,,364.123827,6839227423.314004,79592396.37407254
2026-07-27,monero,xmr,Monero,,353.756262,6644668089.036247,75314341.6118964
2026-07-28,monero,xmr,Monero,,345.488043,6489497073.573812,87557018.35419273
2026-07-29,monero,xmr,Monero,,341.699304,6418471488.007383,70936206.3718874
2026-07-30,monero,xmr,Monero,,353.309144,6636710066.544762,108337365.58253443
2026-07-31,monero,xmr,Monero,,360.08482,6764129200.997495,103894695.65324642
2026-08-01,monero,xmr,Monero,,358.065815,6726370340.672381,94026624.89871213
2026-08-02,monero,xmr,Monero,,363.81403,6834522933.253898,79432622.93198696
2026-08-03,monero,xmr,Monero,,364.131273,6840624380.167062,73590210.90622039
2026-08-04,monero,xmr,Monero,,361.983643,6800435281.332258,72706366.57342716
2026-08-05,monero,xmr,Monero,,351.071009,6595573319.127175,80646005.80730733
2026-08-06,monero,xmr,Monero,,366.121733,6878494141.072556,96765817.69378345
2026-08-07,monero,xmr,Monero,,369.512546,6942357377.599132,84584553.09174706
2026-08-08,monero,xmr,Monero,,378.475981,7110921411.276925,83728478.01614465
2026-08-09,monero,xmr,Monero,,377.475959,7092297354.741476,79070279.95988305
2026-08-10,monero,xmr,Monero,,394.46245,7411622511.750801,129365253.60470656
2026-08-11,monero,xmr,Monero,,396.960741,7458744340.33164,94288858.49378304
2026-08-12,monero,xmr,Monero,,377.173834,7087116840.7749195,80756005.57662332
2026-08-13,monero,xmr,Monero,,392.762468,7380196620.503113,95145981.07166883
2026-08-14,monero,xmr,Monero,,393.105055,7386801456.2569685,87765792.64878914
2026-08-15,monero,xmr,Monero,,399.759593,7512017779.271359,73373162.96630508
2026-08-16,monero,xmr,Monero,,410.563904,7715220130.76427,72569598.52730024
2026-08-17,monero,xmr,Monero,,409.881573,7702571806.123156,69226443.28389794
2026-08-18,monero,xmr,Monero,,415.347696,7805477120.321077,83545346.39158672
2026-08-19,monero,xmr,Monero,,412.417194,7750587387.619912,86198820.4714453
2026-08-20,monero,xmr,Monero,,422.146597,7933616430.241208,95884878.13178457
2026-08-21,monero,xmr,Monero,,410.219544,7709638757.761852,138601573.9973948
2026-08-22,monero,xmr,Monero,,412.60731,7754697212.522364,135929290.84542772
2026-08-23,monero,xmr,Monero,,432.764306,8133723889.852734,165583761.1183904
2026-08-24,monero,xmr,Monero,,421.535929,7922866464.828269,96440620.35828751
2026-08-25,monero,xmr,Monero,,442.375656,8314742729.327172,118900109.09211665
2026-08-26,monero,xmr,Monero,,439.163363,8254558439.49554,114446871.55379793
2026-08-27,monero,xmr,Monero,,437.605463,8225462151.491453,82389262.50475426
2026-08-28,monero,xmr,Monero,,454.805738,8548956382.367737,141947503.58190444
2026-05-31,chainlink,link,Chainlink,,9.189567,6681734063.842571,239901763.16310328
2026-06-01,chainlink,link,Chainlink,,9.136119,6642871522.767506,193588036.1895749
2026-06-02,chainlink,link,Chainlink,,9.044415,6576193933.334506,274838932.8028628
2026-06-03,chainlink,link,Chainlink,,8.364583,6081887925.499778,368159226.9077716
2026-06-04,chainlink,link,Chainlink,,8.327863,6055189161.810005,386442104.47508866
2026-06-05,chainlink,link,Chainlink,,8.006323,5821397404.247529,553351492.1820678
2026-06-06,chainlink,link,Chainlink,,7.361054,5352222027.804344,644730872.9780854
2026-06-07,chainlink,link,Chainlink,,7.391559,5374402543.889889,349267556.6400847
2026-06-08,chainlink,link,Chainlink,,7.908506,5750274489.972583,314050879.3674348
2026-06-09,chainlink,link,Chainlink,,7.99317,5811833329.393775,292413819.7240444
2026-06-10,chainlink,link,Chainlink,,7.833892,5696022751.567504,273298332.2350398
2026-06-11,chainlink,link,Chainlink,,7.559229,5496314970.825169,242239093.1177636
2026-06-12,chainlink,link,Chainlink,,7.877119,5727452817.412223,273773667.2080871
2026-06-13,chainlink,link,Chainlink,,7.860392,5715290436.906174,188336199.0716425
2026-06-14,chainlink,link,Chainlink,,7.979434,5801846489.819791,147653330.458321
2026-06-15,chainlink,link,Chainlink,,8.171975,5941843079.818013,166274592.65872404
2026-06-16,chainlink,link,Chainlink,,8.29438,6030843231.434393,302034446.16422534
2026-06-17,chainlink,link,Chainlink,,8.269533,6012777124.151121,209418971.88586318
2026-06-18,chainlink,link,Chainlink,,8.084479,5878224518.033048,226385438.07448345
2026-06-19,chainlink,link,Chainlink,,8.004935,5820388102.306502,227705946.2631439
2026-06-20,chainlink,link,Chainlink,,7.935548,5936583168.91707,216172822.9285638
2026-06-21,chainlink,link,Chainlink,,7.981914,5971269908.037731,160051302.95238364
2026-06-22,chainlink,link,Chainlink,,7.776102,5817301314.387048,132018056.11890295
2026-06-23,chainlink,link,Chainlink,,7.859447,5879651865.165249,212841013.9380379
2026-06-24,chainlink,link,Chainlink,,7.625716,5704797807.185233,233027267.18859917
2026-06-25,chainlink,link,Chainlink,,7.415108,5547241704.256359,309145930.4698659
2026-06-26,chainlink,link,Chainlink,,7.239586,5415934036.073958,259950108.79145974
2026-06-27,chainlink,link,Chainlink,,7.343073,5493352718.154336,253549637.34964687
2026-06-28,chainlink,link,Chainlink,,7.287244,5451586794.608981,126775059.10550563
2026-06-29,chainlink,link,Chainlink,,7.256022,5428229985.310721,166256499.55612034
2026-06-30,chainlink,link,Chainlink,,7.366471,5510856585.859334,243018054.76308084
2026-07-01,chainlink,link,Chainlink,,7.191212,5379745641.738467,202860971.81023347
2026-07-02,chainlink,link,Chainlink,,7.349934,5498485528.657068,214868243.8361915
2026-07-03,chainlink,link,Chainlink,,7.73806,5788842334.276316,269325941.0627653
2026-07-04,chainlink,link,Chainlink,,7.968099,5960934329.278308,200064528.5100249
2026-07-05,chainlink,link,Chainlink,,8.000416,5985110949.205541,142673724.81849772
2026-07-06,chainlink,link,Chainlink,,8.053986,6025186863.28147,129877261.02613117
2026-07-07,chainlink,link,Chainlink,,8.015058,5996064568.70595,199354526.37120888
2026-07-08,chainlink,link,Chainlink,,7.861918,5881500818.007342,149864425.17411077
2026-07-09,chainlink,link,Chainlink,,7.63488,5711653815.534311,173146330.37223056
2026-07-10,chainlink,link,Chainlink,,7.729157,5782181918.005736,144235827.77242124
2026-07-11,chainlink,link,Chainlink,,7.962347,5956631208.908218,155184006.0490023
2026-07-12,chainlink,link,Chainlink,,7.910834,5918095050.1483345,128602731.79587717
2026-07-13,chainlink,link,Chainlink,,7.991922,5978756976.774722,127963078.57687572
2026-07-14,chainlink,link,Chainlink,,7.881328,5896021314.82727,176047734.1387459
2026-07-15,chainlink,link,Chainlink,,8.338655,6238147330.681834,208597314.8573526
2026-07-16,chainlink,link,Chainlink,,8.53468,6384793806.56515,242351038.8073501
2026-07-17,chainlink,link,Chainlink,,8.334569,6235090623.544577,213080999.38085482
2026-07-18,chainlink,link,Chainlink,,8.250502,6172200471.024377,220932994.1245998
2026-07-19,chainlink,link,Chainlink,,8.344843,6242776837.087703,144713852.8532214
2026-07-20,chainlink,link,Chainlink,,8.378905,6268258933.617202,123642930.95141084
2026-07-21,chainlink,link,Chainlink,,8.581318,6419683627.684731,216085990.52622706
2026-07-22,chainlink,link,Chainlink,,8.650285,6471277798.872086,224809026.09485698
2026-07-23,chainlink,link,Chainlink,,8.625619,6452825631.251662,186550054.4207783
2026-07-24,chainlink,link,Chainlink,,8.465341,6332921201.348628,154998860.13191733
2026-07-25,chainlink,link,Chainlink,,8.334763,6235236296.526199,149322630.92626855
2026-07-26,chainlink,link,Chainlink,,8.378351,6267843808.843279,112017165.28748313
2026-07-27,chainlink,link,Chainlink,,8.816974,6595977654.864061,172998923.49540773
2026-07-28,chainlink,link,Chainlink,,8.372251,6263280468.532632,226742519.28029087
2026-07-29,chainlink,link,Chainlink,,8.44062,6314427317.408319,199213737.18784454
2026-07-30,chainlink,link,Chainlink,,8.324433,6227508089.864802,205324834.77265674
2026-07-31,chainlink,link,Chainlink,,8.448104,6320026315.009349,176317991.7890034
2026-08-01,chainlink,link,Chainlink,,8.163687,6107254197.122593,195886096.5062053
2026-08-02,chainlink,link,Chainlink,,8.061002,6030435052.136973,139745263.60308054
2026-08-03,chainlink,link,Chainlink,,8.374212,6264747720.609903,188925277.97380114
2026-08-04,chainlink,link,Chainlink,,8.1795,6119083422.314114,166428497.34002176
2026-08-05,chainlink,link,Chainlink,,8.143407,6092082779.255013,174181654.0287333
2026-08-06,chainlink,link,Chainlink,,8.153588,6099698763.949837,141149968.02959955
2026-08-07,chainlink,link,Chainlink,,8.184246,6122634213.689294,168492488.08190292
2026-08-08,chainlink,link,Chainlink,,8.181496,6120577243.564273,148700943.20325208
2026-08-09,chainlink,link,Chainlink,,8.300855,6209869676.815054,127498822.32212922
2026-08-10,chainlink,link,Chainlink,,8.181363,6120477426.628362,131602269.22876547
2026-08-11,chainlink,link,Chainlink,,8.290286,6201962622.196195,189207994.21132153
2026-08-12,chainlink,link,Chainlink,,8.770231,6561009483.56654,383438264.17054856
2026-08-13,chainlink,link,Chainlink,,8.663602,6481240665.633111,243356738.3517123
2026-08-14,chainlink,link,Chainlink,,8.879252,6642568286.471554,200406274.9471988
2026-08-15,chainlink,link,Chainlink,,8.964645,6706450364.71217,251503515.8260732
2026-08-16,chainlink,link,Chainlink,,9.461856,7078414352.722812,503294189.92424124
2026-08-17,chainlink,link,Chainlink,,9.383236,7019598415.272638,233358881.824653
2026-08-18,chainlink,link,Chainlink,,9.535397,7133430261.546726,242386009.17735735
2026-08-19,chainlink,link,Chainlink,,9.529139,7128748398.574758,219651788.19127813
2026-08-20,chainlink,link,Chainlink,,10.547426,7890528804.018446,690367830.2308507
2026-08-21,chainlink,link,Chainlink,,10.688654,7996181590.559845,483996864.1972662
2026-08-22,chainlink,link,Chainlink,,11.992352,8971478004.729904,1074612045.303226
2026-08-23,chainlink,link,Chainlink,,11.648729,8714413627.87623,857121704.2628
2026-08-24,chainlink,link,Chainlink,,11.539971,8633052273.314844,610142989.5499102
2026-08-25,chainlink,link,Chainlink,,11.622243,8694599826.831394,509428276.9599659
2026-08-26,chainlink,link,Chainlink,,11.289693,8445818914.397062,464273646.7267307
2026-08-27,chainlink,link,Chainlink,,11.620156,8693038488.137724,352343323.0562956
2026-08-28,chainlink,link,Chainlink,,11.922977,8919578978.059767,455221685.45140487
2026-05-31,leo-token,leo,LEO Token,,10.068716,9268381120.56718,723752.6496133753
2026-06-01,leo-token,leo,LEO Token,,10.021818,9225138510.758501,728735.1136975631
2026-06-02,leo-token,leo,LEO Token,,10.01714,9220758803.055569,307752.76392966456
2026-06-03,leo-token,leo,LEO Token,,10.067008,9266585323.871193,234289.14856335835
2026-06-04,leo-token,leo,LEO Token,,9.999305,9204189799.015282,887199.162159681
2026-06-05,leo-token,leo,LEO Token,,9.94168,9151070468.67282,240494.32418395387
2026-06-06,leo-token,leo,LEO Token,,9.556595,8796530991.354042,3941033.9944536397
2026-06-07,leo-token,leo,LEO Token,,9.454876,8702824356.905882,1145596.2562728513
2026-06-08,leo-token,leo,LEO Token,,9.583394,8821042491.00886,1483905.5824602903
2026-06-09,leo-token,leo,LEO Token,,9.417157,8667951560.961884,1975204.1697221785
2026-06-10,leo-token,leo,LEO Token,,9.464621,8711561286.643366,373212.55997271376
2026-06-11,leo-token,leo,LEO Token,,9.619807,8854322475.688011,701304.0476325011
2026-06-12,leo-token,leo,LEO Token,,9.514012,8756870785.550758,450461.5017521421
2026-06-13,leo-token,leo,LEO Token,,9.602291,8838049992.421978,341925.3059127956
2026-06-14,leo-token,leo,LEO Token,,9.776945,8998723311.45935,671267.1566054187
2026-06-15,leo-token,leo,LEO Token,,9.79555,9015773114.742424,686714.5519226195
2026-06-16,leo-token,leo,LEO Token,,9.753168,8976692610.893915,422830.9961949191
2026-06-17,leo-token,leo,LEO Token,,9.687825,8916475083.904324,408435.12387596664
2026-06-18,leo-token,leo,LEO Token,,9.677276,8906688313.106153,339381.17364390026
2026-06-19,leo-token,leo,LEO Token,,9.609054,8843823758.731,355848.4121250727
2026-06-20,leo-token,leo,LEO Token,,9.521335,8763015122.324383,363034.0295410646
2026-06-21,leo-token,leo,LEO Token,,9.598298,8833777074.764702,538225.5148606856
2026-06-22,leo-token,leo,LEO Token,,9.597091,8832587549.606436,565531.3317716623
2026-06-23,leo-token,leo,LEO Token,,9.577054,8814072589.425198,892193.0364551945
2026-06-24,leo-token,leo,LEO Token,,9.538224,8778259476.661522,378973.3376272094
2026-06-25,leo-token,leo,LEO Token,,9.439108,8686967787.707918,823077.2741188196
2026-06-26,leo-token,leo,LEO Token,,9.339238,8594980159.82081,1034575.0691786043
2026-06-27,leo-token,leo,LEO Token,,9.270658,8531794142.58997,1278185.5133199801
2026-06-28,leo-token,leo,LEO Token,,9.41781,8667141555.90811,712986.1673737674
2026-06-29,leo-token,leo,LEO Token,,9.424243,8672986065.404324,616230.7651724053
2026-06-30,leo-token,leo,LEO Token,,9.553767,8792132651.68653,808452.7105631507
2026-07-01,leo-token,leo,LEO Token,,9.279971,8540163477.789372,1340407.8468607997
2026-07-02,leo-token,leo,LEO Token,,9.234398,8498223732.720186,1277602.7440768345
2026-07-03,leo-token,leo,LEO Token,,9.116837,8390035412.431513,477611.8765456699
2026-07-04,leo-token,leo,LEO Token,,9.163911,8433355824.0376,349203.66465765587
2026-07-05,leo-token,leo,LEO Token,,9.14146,8412695021.510805,183730.59641351103
2026-07-06,leo-token,leo,LEO Token,,9.26757,8528727777.692057,479646.40995231847
2026-07-07,leo-token,leo,LEO Token,,9.41123,8660857405.507092,388261.3425693714
2026-07-08,leo-token,leo,LEO Token,,9.358514,8612272770.614313,240170.98712578532
2026-07-09,leo-token,leo,LEO Token,,9.481397,8725280782.977716,534716.9654204077
2026-07-10,leo-token,leo,LEO Token,,9.553359,8791423774.918451,868967.172390094
2026-07-11,leo-token,leo,LEO Token,,9.429655,8677510628.110878,979026.589308298
2026-07-12,leo-token,leo,LEO Token,,9.566431,8803302925.707216,606155.7383125536
2026-07-13,leo-token,leo,LEO Token,,9.548796,8786999926.336973,462998.95126017806
2026-07-14,leo-token,leo,LEO Token,,9.540245,8779058191.73105,389716.8802020102
2026-07-15,leo-token,leo,LEO Token,,9.713016,8937959741.441126,585806.2318611322
2026-07-16,leo-token,leo,LEO Token,,9.818511,9034960026.93084,470294.1188170503
2026-07-17,leo-token,leo,LEO Token,,9.806684,9024006089.165813,202660.11673060525
2026-07-18,leo-token,leo,LEO Token,,9.80508,9022459484.399853,231255.30603505435
2026-07-19,leo-token,leo,LEO Token,,9.810513,9027385408.178608,375465.1482551687
2026-07-20,leo-token,leo,LEO Token,,9.799129,9016838400.260893,373009.8094319943
2026-07-21,leo-token,leo,LEO Token,,9.737545,8960098748.355381,369651.85063441313
2026-07-22,leo-token,leo,LEO Token,,9.716207,8940392416.29195,179877.6711399017
2026-07-23,leo-token,leo,LEO Token,,9.692396,8918407576.379597,434093.6800976255
2026-07-24,leo-token,leo,LEO Token,,9.722868,8946371368.81439,209918.2620199998
2026-07-25,leo-token,leo,LEO Token,,9.66355,8891716386.854086,593224.8408525401
2026-07-26,leo-token,leo,LEO Token,,9.710663,8934994068.778229,283041.3911423053
2026-07-27,leo-token,leo,LEO Token,,9.719997,8943512691.340303,219814.92436869515
2026-07-28,leo-token,leo,LEO Token,,9.753054,8973862810.70594,355968.23057475203
2026-07-29,leo-token,leo,LEO Token,,9.757348,8977743470.90518,189140.8246699209
2026-07-30,leo-token,leo,LEO Token,,9.771365,8990564507.303877,234925.2761508687
2026-07-31,leo-token,leo,LEO Token,,9.783407,9001572641.428545,213477.71651175746
2026-08-01,leo-token,leo,LEO Token,,9.76269,8982439644.036808,515324.7377837183
2026-08-02,leo-token,leo,LEO Token,,9.769188,8988352028.87077,219280.42403023873
2026-08-03,leo-token,leo,LEO Token,,9.784703,9002555604.967447,283883.9726059328
2026-08-04,leo-token,leo,LEO Token,,9.726116,8948580661.002008,90297.65437235449
2026-08-05,leo-token,leo,LEO Token,,9.77199,8990717361.639845,207919.89834242855
2026-08-06,leo-token,leo,LEO Token,,9.752221,8972462565.551712,243843.30498937366
2026-08-07,leo-token,leo,LEO Token,,9.755482,8975393084.599573,186195.52917956095
2026-08-08,leo-token,leo,LEO Token,,9.75564,8975468829.393179,176427.10251424374
2026-08-09,leo-token,leo,LEO Token,,9.707037,8930684652.210571,484346.38542253093
2026-08-10,leo-token,leo,LEO Token,,9.712036,8935216563.333359,208991.83205413786
2026-08-11,leo-token,leo,LEO Token,,9.646627,8874971411.742874,225949.0815674646
2026-08-12,leo-token,leo,LEO Token,,9.413754,8660663569.447815,318988.5033964867
2026-08-13,leo-token,leo,LEO Token,,9.076772,8350573177.393611,973969.9236657359
2026-08-14,leo-token,leo,LEO Token,,9.494902,8735181813.928307,304722.8915604552
2026-08-15,leo-token,leo,LEO Token,,9.175941,8441677807.148519,1077318.9121310597
2026-08-16,leo-token,leo,LEO Token,,8.948412,8232295228.804159,1028461.7171340291
2026-08-17,leo-token,leo,LEO Token,,9.327239,8580736988.627824,384524.961241656
2026-08-18,leo-token,leo,LEO Token,,9.400897,8648433804.513657,314875.8845450202
2026-08-19,leo-token,leo,LEO Token,,9.446198,8690043574.498909,236642.8788225534
2026-08-20,leo-token,leo,LEO Token,,9.302447,8557735557.16742,489401.49496003235
2026-08-21,leo-token,leo,LEO Token,,9.278606,8535738912.912162,327871.25868748844
2026-08-22,leo-token,leo,LEO Token,,9.321891,8575497150.258224,210095.34501601022
2026-08-23,leo-token,leo,LEO Token,,9.387734,8636000734.072105,196102.89226001027
2026-08-24,leo-token,leo,LEO Token,,9.495192,8734788905.702269,186297.25526325192
2026-08-25,leo-token,leo,LEO Token,,9.28839,8544486235.0033865,124012.84011028764
2026-08-26,leo-token,leo,LEO Token,,9.333124,8585574053.978592,274263.4995130667
2026-08-27,leo-token,leo,LEO Token,,9.233145,8493544375.496162,223823.90885243117
2026-08-28,leo-token,leo,LEO Token,,9.362654,8612616999.130249,213363.34338171786
2026-05-31,whitebit,wbt,WhiteBIT Coin,,53.884989,6377045603.454827,24781596.75346391
2026-06-01,whitebit,wbt,WhiteBIT Coin,,53.855424,6373546755.038229,25463022.05651903
2026-06-02,whitebit,wbt,WhiteBIT Coin,,52.298455,6189286449.187141,41505961.00989381
2026-06-03,whitebit,wbt,WhiteBIT Coin,,48.580673,5749303798.587642,71303548.1497136
2026-06-04,whitebit,wbt,WhiteBIT Coin,,46.993568,5558841397.918027,84285436.7698061
2026-06-05,whitebit,wbt,WhiteBIT Coin,,45.725259,5408813964.177897,13772281.613472383
2026-06-06,whitebit,wbt,WhiteBIT Coin,,43.281128,5119699138.777766,93247945.41992697
2026-06-07,whitebit,wbt,WhiteBIT Coin,,43.09247,5097382805.5673275,23106369.223659597
2026-06-08,whitebit,wbt,WhiteBIT Coin,,44.820906,5301838528.424243,20494891.43469502
2026-06-09,whitebit,wbt,WhiteBIT Coin,,44.799353,5299288998.935763,35641273.582264796
2026-06-10,whitebit,wbt,WhiteBIT Coin,,50.96369,6028464854.09515,55844087.06613226
2026-06-11,whitebit,wbt,WhiteBIT Coin,,50.457723,5968614269.366342,50859496.518590346
2026-06-12,whitebit,wbt,WhiteBIT Coin,,51.783985,6125497085.219927,32271497.0450519
2026-06-13,whitebit,wbt,WhiteBIT Coin,,51.819378,6129683682.529039,35475506.58839217
2026-06-14,whitebit,wbt,WhiteBIT Coin,,52.416897,6200363875.81158,23234713.2273677
2026-06-15,whitebit,wbt,WhiteBIT Coin,,53.172878,6286953314.133183,10806308.03694984
2026-06-16,whitebit,wbt,WhiteBIT Coin,,54.260288,6415524463.255457,48999636.82063079
2026-06-17,whitebit,wbt,WhiteBIT Coin,,53.848713,6366861451.389039,41696187.73372458
2026-06-18,whitebit,wbt,WhiteBIT Coin,,53.153981,6284718998.776738,37858888.75680131
2026-06-19,whitebit,wbt,WhiteBIT Coin,,51.930663,6140078745.973026,34726196.61432615
2026-06-20,whitebit,wbt,WhiteBIT Coin,,52.098132,6159879560.296494,25749653.922571488
2026-06-21,whitebit,wbt,WhiteBIT Coin,,52.72292,6233752130.559945,19959556.36897616
2026-06-22,whitebit,wbt,WhiteBIT Coin,,51.87815,6133869758.739454,18596996.464346614
2026-06-23,whitebit,wbt,WhiteBIT Coin,,52.178332,6166501259.904523,28822235.67222005
2026-06-24,whitebit,wbt,WhiteBIT Coin,,50.904667,6015977943.645262,31071103.36756993
2026-06-25,whitebit,wbt,WhiteBIT Coin,,49.377528,5835498661.365562,41580775.98598559
2026-06-26,whitebit,wbt,WhiteBIT Coin,,48.353131,5714434143.606496,43576211.38191535
2026-06-27,whitebit,wbt,WhiteBIT Coin,,48.437718,5724430682.874555,209091056.24294874
2026-06-28,whitebit,wbt,WhiteBIT Coin,,47.840782,5653884089.190645,60814949.58312238
2026-06-29,whitebit,wbt,WhiteBIT Coin,,47.505384,5614246321.581078,77441848.39508174
2026-06-30,whitebit,wbt,WhiteBIT Coin,,47.856244,5655711355.428145,132249491.97544892
2026-07-01,whitebit,wbt,WhiteBIT Coin,,53.919847,6372315631.729378,175820982.9651662
2026-07-02,whitebit,wbt,WhiteBIT Coin,,54.614285,6454385219.668827,127432574.80991252
2026-07-03,whitebit,wbt,WhiteBIT Coin,,55.299409,6535354036.162926,15678441.32764267
2026-07-04,whitebit,wbt,WhiteBIT Coin,,56.551878,6683372458.6909275,21994659.891801707
2026-07-05,whitebit,wbt,WhiteBIT Coin,,56.915938,6726397445.35225,18888663.68504166
2026-07-06,whitebit,wbt,WhiteBIT Coin,,57.139814,6752855468.429791,13746476.641788173
2026-07-07,whitebit,wbt,WhiteBIT Coin,,57.380336,6781280691.819136,24029266.463898927
2026-07-08,whitebit,wbt,WhiteBIT Coin,,56.246772,6647314648.906996,22067283.961762466
2026-07-09,whitebit,wbt,WhiteBIT Coin,,55.061007,6507179457.802432,21937285.129440818
2026-07-10,whitebit,wbt,WhiteBIT Coin,,55.710644,6574807631.067092,18570763.06746064
2026-07-11,whitebit,wbt,WhiteBIT Coin,,55.960414,6604284659.797054,10979964.29027046
2026-07-12,whitebit,wbt,WhiteBIT Coin,,55.887029,6595624017.752524,10511423.952303587
2026-07-13,whitebit,wbt,WhiteBIT Coin,,55.86259,6592739814.068556,12915616.049590515
2026-07-14,whitebit,wbt,WhiteBIT Coin,,54.586604,6442151695.217328,20729238.896867145
2026-07-15,whitebit,wbt,WhiteBIT Coin,,56.631954,6683537929.289282,13307993.859261062
2026-07-16,whitebit,wbt,WhiteBIT Coin,,56.756231,6698204768.721599,16853188.14938129
2026-07-17,whitebit,wbt,WhiteBIT Coin,,55.754459,6576896108.667878,16176361.694426902
2026-07-18,whitebit,wbt,WhiteBIT Coin,,55.682824,6568445918.470354,17665853.508773036
2026-07-19,whitebit,wbt,WhiteBIT Coin,,56.286325,6639635944.731711,5217405.85095809
2026-07-20,whitebit,wbt,WhiteBIT Coin,,56.266648,6637314798.273686,7961648.909322428
2026-07-21,whitebit,wbt,WhiteBIT Coin,,56.692285,6687523772.555077,25037510.487965293
2026-07-22,whitebit,wbt,WhiteBIT Coin,,57.694881,6805791740.6987915,6302980.25358216
2026-07-23,whitebit,wbt,WhiteBIT Coin,,57.369157,6767368779.4350195,6857965.24301026
2026-07-24,whitebit,wbt,WhiteBIT Coin,,56.572907,6673441752.771482,16238551.48854482
2026-07-25,whitebit,wbt,WhiteBIT Coin,,55.873182,6590900895.291346,62933903.19748816
2026-07-26,whitebit,wbt,WhiteBIT Coin,,56.115549,6619490962.978289,23454452.808917128
2026-07-27,whitebit,wbt,WhiteBIT Coin,,57.263714,6754930576.337694,24979744.95990401
2026-07-28,whitebit,wbt,WhiteBIT Coin,,55.71976,6572802955.747996,84664663.04659778
2026-07-29,whitebit,wbt,WhiteBIT Coin,,55.996443,6605441008.264059,74238767.6360667
2026-07-30,whitebit,wbt,WhiteBIT Coin,,55.896427,6590613880.277177,94003962.45153883
2026-07-31,whitebit,wbt,WhiteBIT Coin,,56.476065,6658957606.117507,54721201.391281664
2026-08-01,whitebit,wbt,WhiteBIT Coin,,54.81836,6463501551.734567,72348352.75402287
2026-08-02,whitebit,wbt,WhiteBIT Coin,,54.706107,6450266151.244002,33308673.231662057
2026-08-03,whitebit,wbt,WhiteBIT Coin,,55.282495,6518226636.750045,42566720.88424034
2026-08-04,whitebit,wbt,WhiteBIT Coin,,55.010596,6486167728.870486,64578622.62793208
2026-08-05,whitebit,wbt,WhiteBIT Coin,,55.424369,6534954614.835066,57631949.57703861
2026-08-06,whitebit,wbt,WhiteBIT Coin,,55.990029,6601650285.260344,55423711.364080004
2026-08-07,whitebit,wbt,WhiteBIT Coin,,55.646805,6572178437.116182,41237662.34402669
2026-08-08,whitebit,wbt,WhiteBIT Coin,,56.118101,6627840901.579309,45198040.45955781
2026-08-09,whitebit,wbt,WhiteBIT Coin,,56.156391,6632363145.636997,14316672.555506978
2026-08-10,whitebit,wbt,WhiteBIT Coin,,56.058032,6620746523.797656,18567898.002524838
2026-08-11,whitebit,wbt,WhiteBIT Coin,,55.155499,6514152668.557166,58490816.782325074
2026-08-12,whitebit,wbt,WhiteBIT Coin,,55.029251,6496417668.133923,52379030.14806484
2026-08-13,whitebit,wbt,WhiteBIT Coin,,54.942108,6483214336.365303,60282029.52543814
2026-08-14,whitebit,wbt,WhiteBIT Coin,,54.922714,6480925735.191914,52053051.419426665
2026-08-15,whitebit,wbt,WhiteBIT Coin,,54.565174,6438735728.771464,46177473.280365236
2026-08-16,whitebit,wbt,WhiteBIT Coin,,54.652321,6449019170.979811,14086331.499464747
2026-08-17,whitebit,wbt,WhiteBIT Coin,,54.452559,6425447069.060788,17906628.13494408
2026-08-18,whitebit,wbt,WhiteBIT Coin,,55.646657,6566351638.97337,45950476.21499635
2026-08-19,whitebit,wbt,WhiteBIT Coin,,55.787035,6582916392.767676,36461143.12487003
2026-08-20,whitebit,wbt,WhiteBIT Coin,,59.556264,7027688490.771132,198425360.39943767
2026-08-21,whitebit,wbt,WhiteBIT Coin,,60.927661,7189514524.791509,205392316.60950252
2026-08-22,whitebit,wbt,WhiteBIT Coin,,72.598073,8566632822.961945,396041843.1888698
2026-08-23,whitebit,wbt,WhiteBIT Coin,,71.872873,8481058567.653913,211238930.7723201
2026-08-24,whitebit,wbt,WhiteBIT Coin,,72.599245,8566771092.794917,149309152.1276209
2026-08-25,whitebit,wbt,WhiteBIT Coin,,73.347708,8651803604.816973,196288908.63705087
2026-08-26,whitebit,wbt,WhiteBIT Coin,,72.420278,8542407692.405619,168342571.40942684
2026-08-27,whitebit,wbt,WhiteBIT Coin,,73.148784,8628339353.627537,106974376.09469263
2026-08-28,whitebit,wbt,WhiteBIT Coin,,73.980791,8726479565.016571,117884605.55470127
2026-05-31,cardano,ada,Cardano,,0.235815,8759517102.528257,343275019.4571647
2026-06-01,cardano,ada,Cardano,,0.235486,8747280266.802658,301663634.0373059
2026-06-02,cardano,ada,Cardano,,0.230816,8573837286.418382,433914176.8596166
2026-06-03,cardano,ada,Cardano,,0.212656,7899238634.297903,626488007.0362619
2026-06-04,cardano,ada,Cardano,,0.200211,7439828196.306524,608721621.7832681
2026-06-05,cardano,ada,Cardano,,0.179656,6676011580.155538,845978719.8232396
2026-06-06,cardano,ada,Cardano,,0.156646,5820980171.89456,1127076474.438127
2026-06-07,cardano,ada,Cardano,,0.157187,5841063086.582077,698532873.1809672
2026-06-08,cardano,ada,Cardano,,0.165093,6134863411.879562,567070481.0227826
2026-06-09,cardano,ada,Cardano,,0.170326,6330458948.33291,503624917.65681404
2026-06-10,cardano,ada,Cardano,,0.165179,6139158346.373197,432501140.7896569
2026-06-11,cardano,ada,Cardano,,0.160591,5968616770.833461,461509444.2277456
2026-06-12,cardano,ada,Cardano,,0.170331,6330630282.828623,498505145.2541082
2026-06-13,cardano,ada,Cardano,,0.169613,6303936360.1597185,469392999.4279059
2026-06-14,cardano,ada,Cardano,,0.171669,6387116114.990024,350232053.9192735
2026-06-15,cardano,ada,Cardano,,0.182878,6804176273.873398,413017784.57482827
2026-06-16,cardano,ada,Cardano,,0.17848,6640531802.007549,675646095.1056507
2026-06-17,cardano,ada,Cardano,,0.172261,6409130988.541252,416038855.2019875
2026-06-18,cardano,ada,Cardano,,0.166719,6202967809.161704,537035991.0014477
2026-06-19,cardano,ada,Cardano,,0.163527,6085248068.813986,354799785.99359393
2026-06-20,cardano,ada,Cardano,,0.161991,6028077302.487483,307901435.1236287
2026-06-21,cardano,ada,Cardano,,0.163126,6070345946.470647,268450887.34038097
2026-06-22,cardano,ada,Cardano,,0.156551,5825655644.132337,257537445.0214352
2026-06-23,cardano,ada,Cardano,,0.15834,5892247191.351055,327116127.16518825
2026-06-24,cardano,ada,Cardano,,0.151292,5634421766.641724,417421679.5991022
2026-06-25,cardano,ada,Cardano,,0.148618,5534801961.296772,603598045.6664456
2026-06-26,cardano,ada,Cardano,,0.143652,5349860398.774471,427712714.38318574
2026-06-27,cardano,ada,Cardano,,0.148229,5520315299.775781,310282311.9866162
2026-06-28,cardano,ada,Cardano,,0.145105,5403997376.999285,171260781.88326183
2026-06-29,cardano,ada,Cardano,,0.143637,5351673714.993483,125274696.15610637
2026-06-30,cardano,ada,Cardano,,0.145576,5423906659.917717,219132399.21648425
2026-07-01,cardano,ada,Cardano,,0.144199,5372592352.161444,207158357.45970592
2026-07-02,cardano,ada,Cardano,,0.153787,5729850486.497162,310234839.5633621
2026-07-03,cardano,ada,Cardano,,0.161312,6010203263.281597,424117682.5880384
2026-07-04,cardano,ada,Cardano,,0.179778,6699144296.735313,734528227.5000478
2026-07-05,cardano,ada,Cardano,,0.192031,7155730390.081203,770117128.3862544
2026-07-06,cardano,ada,Cardano,,0.189401,7057723471.570969,534459340.12901706
2026-07-07,cardano,ada,Cardano,,0.183979,6855714815.410301,467162441.0404933
2026-07-08,cardano,ada,Cardano,,0.174603,6506320901.419481,316889161.80612034
2026-07-09,cardano,ada,Cardano,,0.166956,6222424490.816694,318081760.6460979
2026-07-10,cardano,ada,Cardano,,0.166467,6204198318.044451,284408367.5867457
2026-07-11,cardano,ada,Cardano,,0.16663,6210285329.7031145,307706633.44566524
2026-07-12,cardano,ada,Cardano,,0.165626,6172872589.459229,240714373.57988515
2026-07-13,cardano,ada,Cardano,,0.16199,6037332645.866925,203439522.777454
2026-07-14,cardano,ada,Cardano,,0.157378,5867244446.161118,241733455.8172409
2026-07-15,cardano,ada,Cardano,,0.165414,6166847199.510357,308637510.5981595
2026-07-16,cardano,ada,Cardano,,0.165016,6151998082.686339,297396566.8953283
2026-07-17,cardano,ada,Cardano,,0.16071,5991463717.793364,239717688.70303553
2026-07-18,cardano,ada,Cardano,,0.166741,6216320525.716502,356721673.87967736
2026-07-19,cardano,ada,Cardano,,0.166634,6213389651.137395,236053086.59684005
2026-07-20,cardano,ada,Cardano,,0.166046,6191460005.124669,165055801.68158737
2026-07-21,cardano,ada,Cardano,,0.169582,6323311604.31016,369056511.35637337
2026-07-22,cardano,ada,Cardano,,0.173543,6471024982.5100565,383630120.93146884
2026-07-23,cardano,ada,Cardano,,0.174381,6502281687.914664,268628359.0032368
2026-07-24,cardano,ada,Cardano,,0.168417,6282000230.81498,223850132.24394292
2026-07-25,cardano,ada,Cardano,,0.163819,6110494051.131506,196238626.98024794
2026-07-26,cardano,ada,Cardano,,0.1647,6143360493.390786,144119832.395901
2026-07-27,cardano,ada,Cardano,,0.165869,6186969352.853628,140846618.17841473
2026-07-28,cardano,ada,Cardano,,0.155442,5798006856.781147,266299414.68809867
2026-07-29,cardano,ada,Cardano,,0.161799,6041465989.428089,315875845.5234588
2026-07-30,cardano,ada,Cardano,,0.161997,6048852364.734909,339098411.2129953
2026-07-31,cardano,ada,Cardano,,0.169667,6335260955.462684,369857000.72199214
2026-08-01,cardano,ada,Cardano,,0.168048,6274793449.22746,311005021.89909816
2026-08-02,cardano,ada,Cardano,,0.174298,6508176543.392632,304017781.8866246
2026-08-03,cardano,ada,Cardano,,0.18937,7072470291.6404505,655333711.3720802
2026-08-04,cardano,ada,Cardano,,0.193538,7228119371.822848,618582911.8505368
2026-08-05,cardano,ada,Cardano,,0.192848,7202363596.868115,485745229.5831312
2026-08-06,cardano,ada,Cardano,,0.19113,7138176768.568787,413387903.5425684
2026-08-07,cardano,ada,Cardano,,0.201016,7507421309.954806,746623340.8020785
2026-08-08,cardano,ada,Cardano,,0.200804,7500722135.918375,410947363.566261
2026-08-09,cardano,ada,Cardano,,0.199358,7446731265.992376,198911094.64495805
2026-08-10,cardano,ada,Cardano,,0.194432,7262710883.847324,204018200.2717574
2026-08-11,cardano,ada,Cardano,,0.190698,7123253280.883776,235080039.98591074
2026-08-12,cardano,ada,Cardano,,0.186943,6982978988.742705,273317560.6543651
2026-08-13,cardano,ada,Cardano,,0.18244,6815920422.5533905,218061749.7954772
2026-08-14,cardano,ada,Cardano,,0.18225,6808826181.422768,198464183.4602403
2026-08-15,cardano,ada,Cardano,,0.179986,6724240852.343129,187986834.02671385
2026-08-16,cardano,ada,Cardano,,0.176267,6585326371.192931,129061740.71748897
2026-08-17,cardano,ada,Cardano,,0.174812,6530943165.561926,158850685.38576865
2026-08-18,cardano,ada,Cardano,,0.174125,6527265562.1685915,195244089.93885678
2026-08-19,cardano,ada,Cardano,,0.174402,6537663366.138831,179324108.8635922
2026-08-20,cardano,ada,Cardano,,0.187022,7010711082.242033,444790543.84479904
2026-08-21,cardano,ada,Cardano,,0.19897,7458606273.043292,669048527.8120097
2026-08-22,cardano,ada,Cardano,,0.229105,8588242200.5088005,1078468354.4663036
2026-08-23,cardano,ada,Cardano,,0.226084,8476428168.828864,1116438072.8081195
2026-08-24,cardano,ada,Cardano,,0.226826,8504251062.660432,605256816.5991054
2026-08-25,cardano,ada,Cardano,,0.221429,8301885920.126461,576474397.2727296
2026-08-26,cardano,ada,Cardano,,0.209085,7839091920.142475,492819538.93342423
2026-08-27,cardano,ada,Cardano,,0.212376,7962486382.7807045,380397461.7671945
2026-08-28,cardano,ada,Cardano,,0.213796,8017041237.762623,403936226.1653391
2026-05-31,stellar,xlm,Stellar,,0.229936,7728001189.655391,1555187333.2017784
2026-06-01,stellar,xlm,Stellar,,0.259951,8744058638.854265,1231425117.666929
2026-06-02,stellar,xlm,Stellar,,0.242691,8178111835.273799,1184387043.108476
2026-06-03,stellar,xlm,Stellar,,0.222125,7486460177.634437,685735093.3623154
2026-06-04,stellar,xlm,Stellar,,0.208867,7039664423.480582,685843194.6617335
2026-06-05,stellar,xlm,Stellar,,0.20145,6790291877.142441,684801455.2581857
2026-06-06,stellar,xlm,Stellar,,0.202945,6845030726.987645,1015774696.1172898
2026-06-07,stellar,xlm,Stellar,,0.21238,7163268520.771286,672473643.134042
2026-06-08,stellar,xlm,Stellar,,0.205697,6937863290.939647,733479396.6941922
2026-06-09,stellar,xlm,Stellar,,0.202487,6831677772.369469,312508346.700229
2026-06-10,stellar,xlm,Stellar,,0.192271,6488347358.716696,297612522.0871211
2026-06-11,stellar,xlm,Stellar,,0.182673,6164669280.180176,552212687.1432655
2026-06-12,stellar,xlm,Stellar,,0.191541,6465203150.677353,219564086.80729228
2026-06-13,stellar,xlm,Stellar,,0.187947,6344154322.370589,209787185.15650326
2026-06-14,stellar,xlm,Stellar,,0.186986,6313213921.573237,162398274.10080466
2026-06-15,stellar,xlm,Stellar,,0.190882,6445763651.474787,170864523.12732998
2026-06-16,stellar,xlm,Stellar,,0.213407,7209115969.197984,864355916.5444764
2026-06-17,stellar,xlm,Stellar,,0.216475,7314366507.739388,595286337.3485174
2026-06-18,stellar,xlm,Stellar,,0.225201,7609561913.9132,548709228.7498214
2026-06-19,stellar,xlm,Stellar,,0.234391,7923821551.471784,724812892.8279386
2026-06-20,stellar,xlm,Stellar,,0.218011,7370079759.00314,349472642.97241116
2026-06-21,stellar,xlm,Stellar,,0.216037,7303324440.177885,207134901.03258663
2026-06-22,stellar,xlm,Stellar,,0.209743,7094336383.219502,158528551.9431515
2026-06-23,stellar,xlm,Stellar,,0.202472,6850325770.689045,216988920.79065663
2026-06-24,stellar,xlm,Stellar,,0.19496,6599725930.490575,189695673.15495497
2026-06-25,stellar,xlm,Stellar,,0.185187,6282488212.698997,203710469.6881231
2026-06-26,stellar,xlm,Stellar,,0.178865,6068150900.4324,211316026.98616314
2026-06-27,stellar,xlm,Stellar,,0.177484,6024536678.311128,217537099.29829958
2026-06-28,stellar,xlm,Stellar,,0.173611,5893083166.929367,162939101.41058412
2026-06-29,stellar,xlm,Stellar,,0.172591,5858472358.671389,112674455.45088468
2026-06-30,stellar,xlm,Stellar,,0.174525,5929662568.956146,164773891.12367725
2026-07-01,stellar,xlm,Stellar,,0.188481,6404207327.869049,395071340.0490369
2026-07-02,stellar,xlm,Stellar,,0.196927,6691034617.145666,540777321.1906552
2026-07-03,stellar,xlm,Stellar,,0.198995,6762196388.304949,250287745.73545748
2026-07-04,stellar,xlm,Stellar,,0.203945,6932657943.088039,263307942.798637
2026-07-05,stellar,xlm,Stellar,,0.206578,7022159814.880954,718299936.2049135
2026-07-06,stellar,xlm,Stellar,,0.203224,6911799570.50812,185616417.5179577
2026-07-07,stellar,xlm,Stellar,,0.199945,6811366269.90729,662271991.3014833
2026-07-08,stellar,xlm,Stellar,,0.188711,6440006598.095579,190866405.76562178
2026-07-09,stellar,xlm,Stellar,,0.181125,6182732066.079672,217123778.44258612
2026-07-10,stellar,xlm,Stellar,,0.186239,6358950164.57122,831413157.6980795
2026-07-11,stellar,xlm,Stellar,,0.190502,6504714345.451757,201649538.51513445
2026-07-12,stellar,xlm,Stellar,,0.186326,6362147528.123329,105591867.57218339
2026-07-13,stellar,xlm,Stellar,,0.186373,6363749229.571448,106013977.63741635
2026-07-14,stellar,xlm,Stellar,,0.180618,6172855002.711354,157072918.4544016
2026-07-15,stellar,xlm,Stellar,,0.184406,6302474165.119588,152832982.35330915
2026-07-16,stellar,xlm,Stellar,,0.188342,6438835499.257507,208067362.740782
2026-07-17,stellar,xlm,Stellar,,0.184971,6323759747.818457,205554879.75458485
2026-07-18,stellar,xlm,Stellar,,0.185488,6335754774.397523,138746254.63583964
2026-07-19,stellar,xlm,Stellar,,0.187698,6411218989.641721,89762916.2819352
2026-07-20,stellar,xlm,Stellar,,0.188008,6421827463.368295,109025344.39660403
2026-07-21,stellar,xlm,Stellar,,0.188374,6436197676.178217,146488264.1343134
2026-07-22,stellar,xlm,Stellar,,0.192016,6561153809.262086,168178560.9499356
2026-07-23,stellar,xlm,Stellar,,0.187413,6404659425.365587,151368019.00804606
2026-07-24,stellar,xlm,Stellar,,0.182236,6227899826.081733,136449734.46984276
2026-07-25,stellar,xlm,Stellar,,0.177817,6080559061.913732,146583748.62489718
2026-07-26,stellar,xlm,Stellar,,0.178157,6092209261.13352,72280590.54701294
2026-07-27,stellar,xlm,Stellar,,0.182361,6235954086.073366,99328147.0767365
2026-07-28,stellar,xlm,Stellar,,0.171834,5878080704.962079,161786290.9379014
2026-07-29,stellar,xlm,Stellar,,0.17401,5955487719.026469,126648573.75672254
2026-07-30,stellar,xlm,Stellar,,0.171804,5880320570.218432,107962634.17951259
2026-07-31,stellar,xlm,Stellar,,0.171925,5884838923.838779,86951124.3046435
2026-08-01,stellar,xlm,Stellar,,0.172037,5894734097.744014,127730004.12950851
2026-08-02,stellar,xlm,Stellar,,0.170856,5855139800.9835005,74257944.1586575
2026-08-03,stellar,xlm,Stellar,,0.174053,5964677704.631268,108628759.20445271
2026-08-04,stellar,xlm,Stellar,,0.171198,5868981530.427049,103921922.65475659
2026-08-05,stellar,xlm,Stellar,,0.168551,5779886027.611092,114081326.17733033
2026-08-06,stellar,xlm,Stellar,,0.164849,5654999545.846996,125819858.49216704
2026-08-07,stellar,xlm,Stellar,,0.161231,5530967851.850197,133108404.19899246
2026-08-08,stellar,xlm,Stellar,,0.161312,5551248216.934137,90044310.03506777
2026-08-09,stellar,xlm,Stellar,,0.164407,5657754129.340571,71861858.133878
2026-08-10,stellar,xlm,Stellar,,0.162359,5590217827.716151,87134081.02878317
2026-08-11,stellar,xlm,Stellar,,0.161327,5562880588.639519,97793269.58122472
2026-08-12,stellar,xlm,Stellar,,0.161934,5585307125.814206,84080786.67738533
2026-08-13,stellar,xlm,Stellar,,0.159371,5498136304.761545,94899332.61666563
2026-08-14,stellar,xlm,Stellar,,0.159397,5499340655.150232,85040759.9728756
2026-08-15,stellar,xlm,Stellar,,0.158065,5454039170.253407,77743145.3238636
2026-08-16,stellar,xlm,Stellar,,0.157962,5450581688.578354,60072362.602772884
2026-08-17,stellar,xlm,Stellar,,0.156254,5395585640.623886,63099738.728898436
2026-08-18,stellar,xlm,Stellar,,0.158045,5459288700.808728,76759409.00744714
2026-08-19,stellar,xlm,Stellar,,0.154729,5344932625.632376,102723068.66410986
2026-08-20,stellar,xlm,Stellar,,0.170139,5880193787.368964,175298815.16384244
2026-08-21,stellar,xlm,Stellar,,0.181554,6276607792.477049,334311324.8271414
2026-08-22,stellar,xlm,Stellar,,0.201813,6979677193.2199335,384763209.1063737
2026-08-23,stellar,xlm,Stellar,,0.195616,6765439300.690483,660967455.1456017
2026-08-24,stellar,xlm,Stellar,,0.199641,6904637420.3686,279873661.6447305
2026-08-25,stellar,xlm,Stellar,,0.193619,6698950653.247221,277116824.9355198
2026-08-26,stellar,xlm,Stellar,,0.182494,6314606571.644697,240852691.3442346
2026-08-27,stellar,xlm,Stellar,,0.185434,6417410413.8425045,164960266.51162344
2026-08-28,stellar,xlm,Stellar,,0.187468,6501981110.308469,150014719.55246064
2026-05-31,bitcoin-cash,bch,Bitcoin Cash,,303.37569,6080104814.332692,135613210.88612095
2026-06-01,bitcoin-cash,bch,Bitcoin Cash,,302.586402,6064397876.529,194823814.45918128
2026-06-02,bitcoin-cash,bch,Bitcoin Cash,,293.386318,5880149399.841595,186726781.6963892
2026-06-03,bitcoin-cash,bch,Bitcoin Cash,,268.784435,5387180038.48764,184839213.5219619
2026-06-04,bitcoin-cash,bch,Bitcoin Cash,,243.17089,4873918205.43,668929078.131112
2026-06-05,bitcoin-cash,bch,Bitcoin Cash,,245.353672,4917790007.417247,249102538.32256508
2026-06-06,bitcoin-cash,bch,Bitcoin Cash,,209.809065,4205488933.1513014,236275483.8276611
2026-06-07,bitcoin-cash,bch,Bitcoin Cash,,217.29708,4355604504.304436,199346624.48869446
2026-06-08,bitcoin-cash,bch,Bitcoin Cash,,230.153785,4613395921.009124,142464846.5357032
2026-06-09,bitcoin-cash,bch,Bitcoin Cash,,209.347491,4196436505.9549837,620115958.9960332
2026-06-10,bitcoin-cash,bch,Bitcoin Cash,,203.415504,4077618866.9729834,157726728.33724308
2026-06-11,bitcoin-cash,bch,Bitcoin Cash,,194.411034,3897190905.002273,147958022.57827178
2026-06-12,bitcoin-cash,bch,Bitcoin Cash,,205.150666,4112564986.484785,187077981.27399272
2026-06-13,bitcoin-cash,bch,Bitcoin Cash,,202.061639,4050739118.530009,121012352.82929942
2026-06-14,bitcoin-cash,bch,Bitcoin Cash,,208.604513,4181991789.433948,98763016.08277121
2026-06-15,bitcoin-cash,bch,Bitcoin Cash,,210.562202,4221331922.2558804,139881168.3429242
2026-06-16,bitcoin-cash,bch,Bitcoin Cash,,224.457581,4500005517.335812,199816910.92173278
2026-06-17,bitcoin-cash,bch,Bitcoin Cash,,213.933321,4289107680.386384,243673455.06706253
2026-06-18,bitcoin-cash,bch,Bitcoin Cash,,212.337194,4257197489.5895033,139944587.52313113
2026-06-19,bitcoin-cash,bch,Bitcoin Cash,,199.505139,4000001947.924114,158026402.4239259
2026-06-20,bitcoin-cash,bch,Bitcoin Cash,,198.294664,3975830306.8479857,117086334.82674079
2026-06-21,bitcoin-cash,bch,Bitcoin Cash,,199.888613,4007875360.05404,82689022.78719585
2026-06-22,bitcoin-cash,bch,Bitcoin Cash,,194.809903,3906132125.306167,58658933.26022399
2026-06-23,bitcoin-cash,bch,Bitcoin Cash,,197.265418,3955456404.6116667,95375178.71904472
2026-06-24,bitcoin-cash,bch,Bitcoin Cash,,194.445241,3899002584.999989,196464324.3357335
2026-06-25,bitcoin-cash,bch,Bitcoin Cash,,190.347257,3816918116.9908633,132318436.17563504
2026-06-26,bitcoin-cash,bch,Bitcoin Cash,,192.849926,3867168914.9857335,127049065.56817344
2026-06-27,bitcoin-cash,bch,Bitcoin Cash,,197.068963,3951866381.782972,131933094.78767076
2026-06-28,bitcoin-cash,bch,Bitcoin Cash,,195.270101,3915878234.8479815,67867332.11992982
2026-06-29,bitcoin-cash,bch,Bitcoin Cash,,190.655499,3823456010.038836,70791877.65048689
2026-06-30,bitcoin-cash,bch,Bitcoin Cash,,200.813096,4027218764.336532,105260125.81531726
2026-07-01,bitcoin-cash,bch,Bitcoin Cash,,199.694309,4004876214.673207,112440934.47494842
2026-07-02,bitcoin-cash,bch,Bitcoin Cash,,209.938714,4210432416.747964,164671165.84828767
2026-07-03,bitcoin-cash,bch,Bitcoin Cash,,220.072807,4413785008.367499,153107687.8954137
2026-07-04,bitcoin-cash,bch,Bitcoin Cash,,229.261814,4598197436.600502,131956132.68336627
2026-07-05,bitcoin-cash,bch,Bitcoin Cash,,236.059045,4734633284.42909,121108524.19202062
2026-07-06,bitcoin-cash,bch,Bitcoin Cash,,244.018364,4894391446.665561,173124128.03793555
2026-07-07,bitcoin-cash,bch,Bitcoin Cash,,241.812592,4850255026.779063,152062813.3393089
2026-07-08,bitcoin-cash,bch,Bitcoin Cash,,239.434882,4802672388.722461,106548509.5034461
2026-07-09,bitcoin-cash,bch,Bitcoin Cash,,235.2031,4717894117.444385,116029007.01113191
2026-07-10,bitcoin-cash,bch,Bitcoin Cash,,237.703646,4768152387.117687,90647786.82953088
2026-07-11,bitcoin-cash,bch,Bitcoin Cash,,245.052568,4915684811.173207,120448100.63702689
2026-07-12,bitcoin-cash,bch,Bitcoin Cash,,243.940283,4893483207.68091,87896578.02888235
2026-07-13,bitcoin-cash,bch,Bitcoin Cash,,240.139349,4817332639.648496,88160467.23629117
2026-07-14,bitcoin-cash,bch,Bitcoin Cash,,236.267852,4739745720.463827,97346941.34139279
2026-07-15,bitcoin-cash,bch,Bitcoin Cash,,236.605846,4746644500.441695,102122619.89740734
2026-07-16,bitcoin-cash,bch,Bitcoin Cash,,223.059772,4474972147.780449,122333619.9632193
2026-07-17,bitcoin-cash,bch,Bitcoin Cash,,221.782542,4449456087.371596,162741830.94408652
2026-07-18,bitcoin-cash,bch,Bitcoin Cash,,219.787836,4409534646.623719,140667302.9124279
2026-07-19,bitcoin-cash,bch,Bitcoin Cash,,220.078291,4415442417.578977,68974046.0085749
2026-07-20,bitcoin-cash,bch,Bitcoin Cash,,215.10311,4315719882.623682,70667565.63408914
2026-07-21,bitcoin-cash,bch,Bitcoin Cash,,219.823955,4410543696.2768135,102594196.66965231
2026-07-22,bitcoin-cash,bch,Bitcoin Cash,,223.750947,4489444560.979873,93551142.3419379
2026-07-23,bitcoin-cash,bch,Bitcoin Cash,,219.924508,4412771476.369753,76020098.1891943
2026-07-24,bitcoin-cash,bch,Bitcoin Cash,,211.835291,4250555188.0521226,87467387.1617683
2026-07-25,bitcoin-cash,bch,Bitcoin Cash,,210.71668,4228217164.550349,78387340.44002374
2026-07-26,bitcoin-cash,bch,Bitcoin Cash,,209.663611,4207171591.4690585,70834840.5849462
2026-07-27,bitcoin-cash,bch,Bitcoin Cash,,216.865177,4351775873.960729,76641622.40479085
2026-07-28,bitcoin-cash,bch,Bitcoin Cash,,211.658255,4247377261.5571885,108247555.71182802
2026-07-29,bitcoin-cash,bch,Bitcoin Cash,,214.122631,4296924608.249354,86429571.50906219
2026-07-30,bitcoin-cash,bch,Bitcoin Cash,,211.17139,4237785461.3217244,81442167.98447433
2026-07-31,bitcoin-cash,bch,Bitcoin Cash,,216.787326,4350603883.773102,89515279.96074423
2026-08-01,bitcoin-cash,bch,Bitcoin Cash,,209.802269,4210576784.504434,90680893.54265228
2026-08-02,bitcoin-cash,bch,Bitcoin Cash,,207.929682,4173030438.380514,59272213.83364924
2026-08-03,bitcoin-cash,bch,Bitcoin Cash,,212.490638,4264657869.7972546,61136537.63689269
2026-08-04,bitcoin-cash,bch,Bitcoin Cash,,213.080023,4276573965.894308,71474782.74755393
2026-08-05,bitcoin-cash,bch,Bitcoin Cash,,213.210769,4279301357.1802454,69731204.2088142
2026-08-06,bitcoin-cash,bch,Bitcoin Cash,,214.453263,4304338993.277119,89967448.73288657
2026-08-07,bitcoin-cash,bch,Bitcoin Cash,,212.575608,4266733225.3297997,65998879.60305755
2026-08-08,bitcoin-cash,bch,Bitcoin Cash,,214.653905,4308547922.003735,62853260.99678191
2026-08-09,bitcoin-cash,bch,Bitcoin Cash,,216.012867,4335929734.9708185,45526834.66345633
2026-08-10,bitcoin-cash,bch,Bitcoin Cash,,214.54857,4306651519.517765,47235443.13072548
2026-08-11,bitcoin-cash,bch,Bitcoin Cash,,213.098506,4277644831.8029356,140273938.47469175
2026-08-12,bitcoin-cash,bch,Bitcoin Cash,,213.658709,4288967532.624252,144107333.55282056
2026-08-13,bitcoin-cash,bch,Bitcoin Cash,,212.482518,4265465022.4517765,136419718.5905505
2026-08-14,bitcoin-cash,bch,Bitcoin Cash,,206.468284,4144828205.9359007,169761409.89939708
2026-08-15,bitcoin-cash,bch,Bitcoin Cash,,204.653939,4108493676.5428705,156572037.08719245
2026-08-16,bitcoin-cash,bch,Bitcoin Cash,,203.519629,4085811076.554042,232208446.07121578
2026-08-17,bitcoin-cash,bch,Bitcoin Cash,,203.806531,4091656196.2109365,133394336.97445093
2026-08-18,bitcoin-cash,bch,Bitcoin Cash,,205.178901,4119305600.104468,141028271.50924295
2026-08-19,bitcoin-cash,bch,Bitcoin Cash,,203.501694,4085716216.416546,130829374.49228968
2026-08-20,bitcoin-cash,bch,Bitcoin Cash,,213.276953,4282071336.8142586,412042558.38083243
2026-08-21,bitcoin-cash,bch,Bitcoin Cash,,222.984724,4477145097.624643,326367397.9440936
2026-08-22,bitcoin-cash,bch,Bitcoin Cash,,288.109554,5784791445.125544,792352103.8269936
2026-08-23,bitcoin-cash,bch,Bitcoin Cash,,276.734498,5556551952.66425,369425560.2952594
2026-08-24,bitcoin-cash,bch,Bitcoin Cash,,274.112358,5504015085.203669,209149043.53705406
2026-08-25,bitcoin-cash,bch,Bitcoin Cash,,270.806727,5437758423.439661,289114190.6377808
2026-08-26,bitcoin-cash,bch,Bitcoin Cash,,265.884507,5339034822.704444,172678301.19975132
2026-08-27,bitcoin-cash,bch,Bitcoin Cash,,268.76011,5396888592.345144,124241560.0289009
2026-08-28,bitcoin-cash,bch,Bitcoin Cash,,269.618793,5414250348.880849,148685355.53412217
2026-05-31,dai,dai,Dai,,0.999501,4360516931.82047,81849112.17757575
2026-06-01,dai,dai,Dai,,0.999871,4364589294.250378,2819561.01976381
2026-06-02,dai,dai,Dai,,0.999695,4369757681.83136,20353243.16455601
2026-06-03,dai,dai,Dai,,0.999833,4372908599.0552025,2690259.1014609463
2026-06-04,dai,dai,Dai,,0.999666,4357370627.637747,2674731.6670171064
2026-06-05,dai,dai,Dai,,0.999934,4340095623.533447,12835500.234787863
2026-06-06,dai,dai,Dai,,0.999811,4302801087.505135,4902360.393343281
2026-06-07,dai,dai,Dai,,0.999697,4294556030.0152326,189993771.913393
2026-06-08,dai,dai,Dai,,0.999693,4278604587.0741277,14418199.753372798
2026-06-09,dai,dai,Dai,,0.999748,4208335960.3665166,28665362.4705546
2026-06-10,dai,dai,Dai,,0.999814,4196340960.1557627,20635943.732869476
2026-06-11,dai,dai,Dai,,1.000113,4205410658.8023386,10977931.869106876
2026-06-12,dai,dai,Dai,,0.999828,4192380754.6424503,9439926.073871741
2026-06-13,dai,dai,Dai,,0.999749,4190121313.603061,20508143.827287145
2026-06-14,dai,dai,Dai,,0.999765,4213062625.6094265,7501665.930609415
2026-06-15,dai,dai,Dai,,0.999671,4191722840.9323964,464965.7375610423
2026-06-16,dai,dai,Dai,,0.999601,4184930746.114935,1543306.7891386794
2026-06-17,dai,dai,Dai,,0.999657,4180435936.025008,7242138.4429205395
2026-06-18,dai,dai,Dai,,0.999836,4168516820.8559704,5607859.548154588
2026-06-19,dai,dai,Dai,,0.999972,4161594798.961157,14414824.786645766
2026-06-20,dai,dai,Dai,,0.999748,4168634433.1961274,93188693.81883961
2026-06-21,dai,dai,Dai,,0.999943,4242407933.2820573,57388750.496235624
2026-06-22,dai,dai,Dai,,0.999925,4263004159.6587815,54884680.54862175
2026-06-23,dai,dai,Dai,,0.999731,4643244789.156369,165119095.3658962
2026-06-24,dai,dai,Dai,,1.000024,4645275700.603748,168206953.64410892
2026-06-25,dai,dai,Dai,,0.999992,4655597551.692495,182273648.39025316
2026-06-26,dai,dai,Dai,,0.999872,4640811947.030409,219581836.11261272
2026-06-27,dai,dai,Dai,,0.999619,4635400515.691887,14503883.797518354
2026-06-28,dai,dai,Dai,,0.999562,4616098685.2273245,4153954.8749704687
2026-06-29,dai,dai,Dai,,0.999786,4631955029.837063,77455178.61716165
2026-06-30,dai,dai,Dai,,0.999735,4613190329.1043215,9874802.307168586
2026-07-01,dai,dai,Dai,,0.999789,4625835801.055379,244262370.99370793
2026-07-02,dai,dai,Dai,,0.999668,4630016709.729016,9082687.189497996
2026-07-03,dai,dai,Dai,,0.99988,4626341248.462981,184196069.36827436
2026-07-04,dai,dai,Dai,,0.999988,4625140588.866022,138178756.38754922
2026-07-05,dai,dai,Dai,,0.999911,4631740872.434458,94192563.29289868
2026-07-06,dai,dai,Dai,,0.99998,4634406941.109169,77910197.31881143
2026-07-07,dai,dai,Dai,,0.999945,4638793163.885241,186853940.7243057
2026-07-08,dai,dai,Dai,,0.999988,4643758652.237064,194680324.57472476
2026-07-09,dai,dai,Dai,,0.99974,4637248917.365001,168733669.27721104
2026-07-10,dai,dai,Dai,,0.999843,4641288440.419942,172127964.61922717
2026-07-11,dai,dai,Dai,,0.999834,4663975298.3105545,198977578.63407043
2026-07-12,dai,dai,Dai,,0.999996,4643874168.034967,149277980.8865248
2026-07-13,dai,dai,Dai,,0.999956,4639551456.999967,90716675.44399367
2026-07-14,dai,dai,Dai,,1.000163,4657488906.038244,193438182.03441426
2026-07-15,dai,dai,Dai,,0.999823,4669973790.252857,200872283.72864917
2026-07-16,dai,dai,Dai,,0.999815,4660033769.348191,166460456.4383787
2026-07-17,dai,dai,Dai,,1.000098,4630105273.5111885,162593462.09032273
2026-07-18,dai,dai,Dai,,1.00013,4623391024.169813,168136186.0954396
2026-07-19,dai,dai,Dai,,0.999859,4645565785.971259,48711745.23409093
2026-07-20,dai,dai,Dai,,1.00001,4633360179.449111,74843587.83811997
2026-07-21,dai,dai,Dai,,0.999839,4640079748.790193,183209268.674826
2026-07-22,dai,dai,Dai,,0.999924,4637284350.628758,181514838.8811767
2026-07-23,dai,dai,Dai,,1.000006,4645315528.915566,196967693.38023058
2026-07-24,dai,dai,Dai,,0.999968,4653986079.72622,217304196.74250555
2026-07-25,dai,dai,Dai,,0.999998,4641995558.590122,273137256.433305
2026-07-26,dai,dai,Dai,,1.000253,4652419285.771889,154650860.00704226
2026-07-27,dai,dai,Dai,,1.000154,4641699495.148688,158827720.5752068
2026-07-28,dai,dai,Dai,,0.999873,4586290799.267113,231424846.98970118
2026-07-29,dai,dai,Dai,,1.00015,4600679867.961988,252888525.6110951
2026-07-30,dai,dai,Dai,,0.999995,4600308668.669144,136678419.65918005
2026-07-31,dai,dai,Dai,,0.999851,4591106738.2258215,173775516.4070369
2026-08-01,dai,dai,Dai,,0.999891,4584303956.832662,190028521.01020226
2026-08-02,dai,dai,Dai,,0.999929,4593504801.348914,67060635.34031158
2026-08-03,dai,dai,Dai,,0.999952,4593957228.810128,66830697.1927305
2026-08-04,dai,dai,Dai,,1.000037,4589306013.594926,175450616.55241463
2026-08-05,dai,dai,Dai,,0.999983,4594201086.028689,187483942.84339103
2026-08-06,dai,dai,Dai,,0.999864,4599154375.268327,175957094.07552674
2026-08-07,dai,dai,Dai,,0.999939,4582063752.775199,125497563.26259209
2026-08-08,dai,dai,Dai,,0.999846,4589799293.017678,144164360.39050207
2026-08-09,dai,dai,Dai,,1.000068,4598548633.541846,60034813.42555942
2026-08-10,dai,dai,Dai,,0.999951,4575840145.726925,64308958.98289901
2026-08-11,dai,dai,Dai,,1.000007,4575853671.965367,81331042.95386922
2026-08-12,dai,dai,Dai,,0.999883,4588168906.092079,151224145.1424562
2026-08-13,dai,dai,Dai,,1.000095,4586464183.198469,146832087.1806117
2026-08-14,dai,dai,Dai,,0.999813,4578472536.181759,123771437.65036534
2026-08-15,dai,dai,Dai,,1.000119,4574518169.075566,167670223.36705947
2026-08-16,dai,dai,Dai,,1.00005,4583935008.518141,57915819.73314474
2026-08-17,dai,dai,Dai,,0.999969,4572985355.8825655,40602867.10521576
2026-08-18,dai,dai,Dai,,1.000104,4565995142.743429,159347078.02443427
2026-08-19,dai,dai,Dai,,1.000001,4563902706.251584,120214113.07003516
2026-08-20,dai,dai,Dai,,0.999917,4566012871.277742,179228130.58532053
2026-08-21,dai,dai,Dai,,0.999805,4570737745.243274,312651266.983912
2026-08-22,dai,dai,Dai,,0.999973,4571120184.780049,423263063.53239715
2026-08-23,dai,dai,Dai,,0.999868,4563146521.085114,300909632.0160245
2026-08-24,dai,dai,Dai,,0.999858,4572668409.2994375,179099497.45319173
2026-08-25,dai,dai,Dai,,0.99996,4581446130.823981,410511778.29174954
2026-08-26,dai,dai,Dai,,0.999929,4572854392.820667,324763494.46289563
2026-08-27,dai,dai,Dai,,1.000063,4578359656.47226,273139636.18551713
2026-08-28,dai,dai,Dai,,0.999813,4585388872.864202,330216857.20810276
2026-05-31,canton-network,cc,Canton,,0.153554,5938486086.251502,7047791.595158078
2026-06-01,canton-network,cc,Canton,,0.156024,6035259983.3801985,5555984.643352864
2026-06-02,canton-network,cc,Canton,,0.15401,5958704561.322004,9391324.908264607
2026-06-03,canton-network,cc,Canton,,0.149941,5802581867.423511,21163747.581998456
2026-06-04,canton-network,cc,Canton,,0.153048,5924142253.917971,20719289.808213834
2026-06-05,canton-network,cc,Canton,,0.147068,5693868368.13136,14849382.111388387
2026-06-06,canton-network,cc,Canton,,0.149462,5787810547.162672,21216569.50815203
2026-06-07,canton-network,cc,Canton,,0.162124,6279491919.733728,24294911.171003822
2026-06-08,canton-network,cc,Canton,,0.163927,6350788968.6541,23813355.517763875
2026-06-09,canton-network,cc,Canton,,0.160037,6201833326.7022915,23854350.40692519
2026-06-10,canton-network,cc,Canton,,0.163276,6328827821.075508,22469745.326249372
2026-06-11,canton-network,cc,Canton,,0.162533,6301407318.857174,10776337.867119337
2026-06-12,canton-network,cc,Canton,,0.162558,6303675243.363306,19688359.588859797
2026-06-13,canton-network,cc,Canton,,0.162601,6306506874.477188,13864297.259586766
2026-06-14,canton-network,cc,Canton,,0.162884,6318776666.389487,11132506.688422835
2026-06-15,canton-network,cc,Canton,,0.161556,6268441588.477311,7451027.269569646
2026-06-16,canton-network,cc,Canton,,0.165461,6421303064.529308,14804330.107196439
2026-06-17,canton-network,cc,Canton,,0.161303,6260962113.652731,6230470.573360485
2026-06-18,canton-network,cc,Canton,,0.162523,6309685601.909199,9665750.580638397
2026-06-19,canton-network,cc,Canton,,0.160529,6233523419.135006,10492021.01515631
2026-06-20,canton-network,cc,Canton,,0.153757,5971701598.609479,8094324.59566852
2026-06-21,canton-network,cc,Canton,,0.15262,5928921882.249949,6576664.664198456
2026-06-22,canton-network,cc,Canton,,0.149874,5823609310.009223,6464998.915588673
2026-06-23,canton-network,cc,Canton,,0.152108,5911810852.171773,7306917.298329322
2026-06-24,canton-network,cc,Canton,,0.15167,5897526671.359994,21387007.548098333
2026-06-25,canton-network,cc,Canton,,0.151004,5873190764.247276,10853741.23736559
2026-06-26,canton-network,cc,Canton,,0.149794,5827451359.187504,12007681.054329155
2026-06-27,canton-network,cc,Canton,,0.150948,5873560066.871966,10674551.101198707
2026-06-28,canton-network,cc,Canton,,0.152916,5951486976.372833,8437232.214824414
2026-06-29,canton-network,cc,Canton,,0.149327,5813366658.035608,6495814.511805335
2026-06-30,canton-network,cc,Canton,,0.145021,5647077536.97214,10912918.334473858
2026-07-01,canton-network,cc,Canton,,0.140995,5492468732.545084,22155946.26834372
2026-07-02,canton-network,cc,Canton,,0.140568,5477195058.590943,12134726.752636518
2026-07-03,canton-network,cc,Canton,,0.139684,5443870257.032904,9685407.110449433
2026-07-04,canton-network,cc,Canton,,0.140369,5471714341.262867,9001591.651188068
2026-07-05,canton-network,cc,Canton,,0.139996,5458222813.585705,6299452.558762788
2026-07-06,canton-network,cc,Canton,,0.141425,5515042612.409928,8186018.270696191
2026-07-07,canton-network,cc,Canton,,0.138205,5390539025.224247,10674103.430122988
2026-07-08,canton-network,cc,Canton,,0.131055,5113460670.423004,10368934.15962757
2026-07-09,canton-network,cc,Canton,,0.127834,4988714345.095646,15440683.633690553
2026-07-10,canton-network,cc,Canton,,0.132799,5184016169.126521,16227542.466796381
2026-07-11,canton-network,cc,Canton,,0.134021,5232792549.536874,10836925.306350304
2026-07-12,canton-network,cc,Canton,,0.134723,5261145221.424378,8963760.534514103
2026-07-13,canton-network,cc,Canton,,0.13297,5193692035.121014,6847405.028879574
2026-07-14,canton-network,cc,Canton,,0.130015,5079280075.268402,8265136.201407651
2026-07-15,canton-network,cc,Canton,,0.138418,5408555726.016788,9531503.029400492
2026-07-16,canton-network,cc,Canton,,0.137185,5361208961.729106,25365666.32884301
2026-07-17,canton-network,cc,Canton,,0.130701,5110264870.035999,13075737.79612427
2026-07-18,canton-network,cc,Canton,,0.128038,5006924781.563161,12322605.660794744
2026-07-19,canton-network,cc,Canton,,0.125047,4890780968.036623,7969688.390203038
2026-07-20,canton-network,cc,Canton,,0.126757,4958307997.691811,6211180.903028791
2026-07-21,canton-network,cc,Canton,,0.124531,4872025002.818789,8674179.521022875
2026-07-22,canton-network,cc,Canton,,0.126593,4953484268.711488,7610179.860479575
2026-07-23,canton-network,cc,Canton,,0.122495,4794001247.300558,8184789.552505524
2026-07-24,canton-network,cc,Canton,,0.122413,4791440871.27898,9418250.422412386
2026-07-25,canton-network,cc,Canton,,0.118933,4656032265.79757,7814165.0787280565
2026-07-26,canton-network,cc,Canton,,0.122293,4788365280.654776,8337592.53515919
2026-07-27,canton-network,cc,Canton,,0.12468,4882682720.9824915,7211790.9622473875
2026-07-28,canton-network,cc,Canton,,0.119721,4689317332.743305,8143971.674861572
2026-07-29,canton-network,cc,Canton,,0.119216,4671212497.489238,7047779.615451046
2026-07-30,canton-network,cc,Canton,,0.122059,4783620262.340277,10683429.904440619
2026-07-31,canton-network,cc,Canton,,0.121022,4743811640.642879,10425600.445782462
2026-08-01,canton-network,cc,Canton,,0.11773,4618513180.251853,9303379.305330338
2026-08-02,canton-network,cc,Canton,,0.116406,4567328002.750138,5871144.265925418
2026-08-03,canton-network,cc,Canton,,0.116696,4579544681.519589,5927812.628596964
2026-08-04,canton-network,cc,Canton,,0.114641,4499693585.747959,7225620.481915215
2026-08-05,canton-network,cc,Canton,,0.108757,4269417636.137114,17497262.80793145
2026-08-06,canton-network,cc,Canton,,0.103653,4070788701.8929234,12485265.500527117
2026-08-07,canton-network,cc,Canton,,0.09155,3596037585.287248,16887692.339841165
2026-08-08,canton-network,cc,Canton,,0.090973,3573964403.1570144,19995876.41804694
2026-08-09,canton-network,cc,Canton,,0.094486,3712724182.618767,15029199.542991986
2026-08-10,canton-network,cc,Canton,,0.100583,3953028738.7353134,22588072.92452228
2026-08-11,canton-network,cc,Canton,,0.097544,3834301112.4001274,11889923.102464395
2026-08-12,canton-network,cc,Canton,,0.100598,3955261437.018411,16264543.059748052
2026-08-13,canton-network,cc,Canton,,0.098786,3884653627.37709,8833852.751780057
2026-08-14,canton-network,cc,Canton,,0.09785,3850154416.8210363,8518217.463363942
2026-08-15,canton-network,cc,Canton,,0.097316,3829718173.432291,7237329.842940909
2026-08-16,canton-network,cc,Canton,,0.099114,3900892882.3093033,7287943.179165871
2026-08-17,canton-network,cc,Canton,,0.096082,3782058022.851243,9292662.79105197
2026-08-18,canton-network,cc,Canton,,0.090518,3563630499.4208293,7477131.7690446805
2026-08-19,canton-network,cc,Canton,,0.091263,3593687007.0490546,6909291.608652332
2026-08-20,canton-network,cc,Canton,,0.099275,3909762795.4500933,10638035.764663342
2026-08-21,canton-network,cc,Canton,,0.099614,3923785176.59341,14596661.725752484
2026-08-22,canton-network,cc,Canton,,0.112722,4440885578.45893,24057025.47865479
2026-08-23,canton-network,cc,Canton,,0.118212,4657967430.028475,29072569.40933527
2026-08-24,canton-network,cc,Canton,,0.122947,4845304745.666339,14532595.23808474
2026-08-25,canton-network,cc,Canton,,0.123966,4886346300.159801,25587204.19277238
2026-08-26,canton-network,cc,Canton,,0.11971,4719334624.739096,17090580.416397024
2026-08-27,canton-network,cc,Canton,,0.117565,4635028760.847985,8715319.058780532
2026-08-28,canton-network,cc,Canton,,0.112134,4421683948.057646,16880199.543526277
2026-05-31,usd1-wlfi,usd1,USD1,,0.998668,4728206587.396309,474016973.17214286
2026-06-01,usd1-wlfi,usd1,USD1,,0.998996,4722808842.874267,262165661.80634597
2026-06-02,usd1-wlfi,usd1,USD1,,0.99844,4711145701.157471,1230303184.211734
2026-06-03,usd1-wlfi,usd1,USD1,,0.998265,4684067372.507913,1086070703.0542572
2026-06-04,usd1-wlfi,usd1,USD1,,0.998587,4644039365.92804,867139773.1467526
2026-06-05,usd1-wlfi,usd1,USD1,,0.999112,4631106713.75832,718904345.6607023
2026-06-06,usd1-wlfi,usd1,USD1,,0.999396,4623562932.836155,964711422.427725
2026-06-07,usd1-wlfi,usd1,USD1,,0.999382,4623524661.686285,461534989.9693035
2026-06-08,usd1-wlfi,usd1,USD1,,0.999409,4623564629.873264,445975666.566549
2026-06-09,usd1-wlfi,usd1,USD1,,0.999043,4621953533.212447,614204899.9347159
2026-06-10,usd1-wlfi,usd1,USD1,,0.999055,4529690939.489172,358708103.4793642
2026-06-11,usd1-wlfi,usd1,USD1,,0.9993,4425629559.777249,638378615.0260726
2026-06-12,usd1-wlfi,usd1,USD1,,0.998881,4332863782.207556,449007133.4781206
2026-06-13,usd1-wlfi,usd1,USD1,,1.000205,4322012910.533175,741418475.4812914
2026-06-14,usd1-wlfi,usd1,USD1,,1.000297,4359446810.043068,246984422.57723016
2026-06-15,usd1-wlfi,usd1,USD1,,1.000099,4400429485.896295,248173805.15960777
2026-06-16,usd1-wlfi,usd1,USD1,,1.000031,4498233307.283733,752256524.2399305
2026-06-17,usd1-wlfi,usd1,USD1,,0.9998,4553213884.54309,430206621.13911355
2026-06-18,usd1-wlfi,usd1,USD1,,1.000069,4624710495.25352,603295343.1864027
2026-06-19,usd1-wlfi,usd1,USD1,,0.999961,4704138857.9163885,473843142.91609544
2026-06-20,usd1-wlfi,usd1,USD1,,1.000244,4755882102.038868,599192722.398016
2026-06-21,usd1-wlfi,usd1,USD1,,1.000041,4791025467.110504,399042052.72513926
2026-06-22,usd1-wlfi,usd1,USD1,,1.000093,4817686540.358983,349901280.04067355
2026-06-23,usd1-wlfi,usd1,USD1,,0.999312,4833504592.251487,413480744.38394684
2026-06-24,usd1-wlfi,usd1,USD1,,0.999339,4783668705.484979,456908186.63844
2026-06-25,usd1-wlfi,usd1,USD1,,0.999101,4720832513.782667,500705371.44183004
2026-06-26,usd1-wlfi,usd1,USD1,,0.999373,4694125045.986102,618655835.929454
2026-06-27,usd1-wlfi,usd1,USD1,,0.999421,4694299393.362847,632486243.0556606
2026-06-28,usd1-wlfi,usd1,USD1,,0.99941,4674262904.076472,350394014.327804
2026-06-29,usd1-wlfi,usd1,USD1,,0.999315,4673819969.929091,255860040.62588012
2026-06-30,usd1-wlfi,usd1,USD1,,0.99908,4652741764.528245,790660938.2648697
2026-07-01,usd1-wlfi,usd1,USD1,,0.999211,4633865122.077477,459535484.0046799
2026-07-02,usd1-wlfi,usd1,USD1,,0.999172,4633257116.627134,497674999.36244804
2026-07-03,usd1-wlfi,usd1,USD1,,0.998739,4610523439.101747,405889851.2391789
2026-07-04,usd1-wlfi,usd1,USD1,,0.999145,4592681430.256216,520166398.9431416
2026-07-05,usd1-wlfi,usd1,USD1,,0.998833,4591246503.34025,207365021.32518524
2026-07-06,usd1-wlfi,usd1,USD1,,0.998929,4591693443.575454,235608107.14272225
2026-07-07,usd1-wlfi,usd1,USD1,,0.998853,4533117301.828762,467430253.69065905
2026-07-08,usd1-wlfi,usd1,USD1,,0.998893,4510236513.604756,482550858.0949106
2026-07-09,usd1-wlfi,usd1,USD1,,0.999026,4455613011.939923,256110697.9767201
2026-07-10,usd1-wlfi,usd1,USD1,,0.999048,4455855198.993407,422672572.35287875
2026-07-11,usd1-wlfi,usd1,USD1,,0.999301,4457016366.00341,425879974.6012052
2026-07-12,usd1-wlfi,usd1,USD1,,0.999496,4457884729.348846,229276822.2514021
2026-07-13,usd1-wlfi,usd1,USD1,,0.999211,4456610687.852501,224929811.60991338
2026-07-14,usd1-wlfi,usd1,USD1,,0.999013,4416230428.669183,583983305.915726
2026-07-15,usd1-wlfi,usd1,USD1,,0.998993,4359172897.676093,671360880.8010991
2026-07-16,usd1-wlfi,usd1,USD1,,0.998924,4330913277.410475,420463659.5384106
2026-07-17,usd1-wlfi,usd1,USD1,,0.998989,4271215027.525394,413745973.64189047
2026-07-18,usd1-wlfi,usd1,USD1,,0.99934,4252455516.750286,591004228.8932688
2026-07-19,usd1-wlfi,usd1,USD1,,0.999465,4253188946.7421637,153723349.9532152
2026-07-20,usd1-wlfi,usd1,USD1,,0.999207,4252188681.375568,254235522.2390236
2026-07-21,usd1-wlfi,usd1,USD1,,0.999295,4219418986.9557657,473247794.8778187
2026-07-22,usd1-wlfi,usd1,USD1,,0.999196,4189026745.045284,469357271.50886273
2026-07-23,usd1-wlfi,usd1,USD1,,0.99932,4189556055.0769615,287939282.1692304
2026-07-24,usd1-wlfi,usd1,USD1,,0.999075,4171812375.3278375,280692717.3983493
2026-07-25,usd1-wlfi,usd1,USD1,,0.998782,4149692121.128595,974409333.6103526
2026-07-26,usd1-wlfi,usd1,USD1,,0.998956,4130230108.9023094,538380340.3013681
2026-07-27,usd1-wlfi,usd1,USD1,,0.999022,4122425467.04504,451989046.2512413
2026-07-28,usd1-wlfi,usd1,USD1,,0.998908,4102974590.7632804,835842369.2111661
2026-07-29,usd1-wlfi,usd1,USD1,,0.998877,4071830903.58929,839647579.5200853
2026-07-30,usd1-wlfi,usd1,USD1,,0.998881,4026795563.657683,986968513.4965987
2026-07-31,usd1-wlfi,usd1,USD1,,0.999254,3998199628.3333898,745977883.2203145
2026-08-01,usd1-wlfi,usd1,USD1,,0.999134,3993957976.1732903,727874879.1818105
2026-08-02,usd1-wlfi,usd1,USD1,,0.999069,3993700487.3282886,380288985.81769764
2026-08-03,usd1-wlfi,usd1,USD1,,0.999052,3993624807.243898,398394042.9405197
2026-08-04,usd1-wlfi,usd1,USD1,,0.999222,3986082532.279279,680987024.2205743
2026-08-05,usd1-wlfi,usd1,USD1,,0.999405,3986817799.1374526,592204837.4516548
2026-08-06,usd1-wlfi,usd1,USD1,,0.999389,3988252432.326928,777136315.8778026
2026-08-07,usd1-wlfi,usd1,USD1,,0.999559,3988930944.106554,562290490.9537023
2026-08-08,usd1-wlfi,usd1,USD1,,0.999854,4007605786.2988505,642774606.1958765
2026-08-09,usd1-wlfi,usd1,USD1,,0.999537,4009332560.3053055,479445280.7608518
2026-08-10,usd1-wlfi,usd1,USD1,,0.999886,4010732778.2607365,425986592.11874247
2026-08-11,usd1-wlfi,usd1,USD1,,0.999391,4012388548.301166,729060841.0409911
2026-08-12,usd1-wlfi,usd1,USD1,,0.999363,4021064472.8375983,730354538.9896067
2026-08-13,usd1-wlfi,usd1,USD1,,0.999231,4020534394.090245,672433718.7943978
2026-08-14,usd1-wlfi,usd1,USD1,,0.999108,4020039258.9485645,580991480.5783527
2026-08-15,usd1-wlfi,usd1,USD1,,0.999085,4009404618.6289263,607490427.3953663
2026-08-16,usd1-wlfi,usd1,USD1,,0.999114,4006879279.1592546,264839994.89285108
2026-08-17,usd1-wlfi,usd1,USD1,,0.999199,4007217512.5018187,339544342.96407825
2026-08-18,usd1-wlfi,usd1,USD1,,0.999011,4000471526.8614197,702850116.1075679
2026-08-19,usd1-wlfi,usd1,USD1,,0.999383,3994179714.762437,672647377.1434125
2026-08-20,usd1-wlfi,usd1,USD1,,0.999214,3992183071.1183586,2207338181.3544383
2026-08-21,usd1-wlfi,usd1,USD1,,0.999567,3984908222.0730114,2817462693.160217
2026-08-22,usd1-wlfi,usd1,USD1,,0.999735,3992574730.903617,3175712395.8079457
2026-08-23,usd1-wlfi,usd1,USD1,,0.999846,3993018202.555639,1434637159.629175
2026-08-24,usd1-wlfi,usd1,USD1,,0.999882,3998288123.8850055,867734137.1787174
2026-08-25,usd1-wlfi,usd1,USD1,,0.999814,4031010615.267343,1374272702.4756968
2026-08-26,usd1-wlfi,usd1,USD1,,0.999392,4059377200.219713,1218613840.286829
2026-08-27,usd1-wlfi,usd1,USD1,,0.999794,4076657477.5174713,1127648066.2162118
2026-08-28,usd1-wlfi,usd1,USD1,,0.999837,4101827194.909247,1314257069.7225087
2026-05-31,ethena-usde,usde,Ethena USDe,,0.999288,4502182244.755613,36436236.984519884
2026-06-01,ethena-usde,usde,Ethena USDe,,0.999199,4502114898.413961,42126356.37745643
2026-06-02,ethena-usde,usde,Ethena USDe,,0.998818,4492554407.387269,69122579.49986915
2026-06-03,ethena-usde,usde,Ethena USDe,,0.999078,4507689369.2212,97728665.57477978
2026-06-04,ethena-usde,usde,Ethena USDe,,0.998852,4506640233.86494,89446859.82391751
2026-06-05,ethena-usde,usde,Ethena USDe,,0.998918,4511350629.286607,95883497.42154351
2026-06-06,ethena-usde,usde,Ethena USDe,,0.999681,4501449466.377788,134112579.78895399
2026-06-07,ethena-usde,usde,Ethena USDe,,0.999422,4500304706.47881,59487955.126084
2026-06-08,ethena-usde,usde,Ethena USDe,,0.999467,4500607771.810166,69813920.04502629
2026-06-09,ethena-usde,usde,Ethena USDe,,0.999504,4487889852.324411,46508845.532382786
2026-06-10,ethena-usde,usde,Ethena USDe,,0.999176,4479677693.5528345,81126458.26675092
2026-06-11,ethena-usde,usde,Ethena USDe,,0.999186,4479250193.95859,104337095.49068382
2026-06-12,ethena-usde,usde,Ethena USDe,,0.999422,4478525414.808859,80031897.91291894
2026-06-13,ethena-usde,usde,Ethena USDe,,0.99954,4484266022.294598,118269260.5909493
2026-06-14,ethena-usde,usde,Ethena USDe,,0.999668,4485659703.611493,78006816.11311363
2026-06-15,ethena-usde,usde,Ethena USDe,,0.999441,4484650017.52981,93005681.16327554
2026-06-16,ethena-usde,usde,Ethena USDe,,0.99938,4490039316.98302,60641006.217337795
2026-06-17,ethena-usde,usde,Ethena USDe,,0.999323,4490379571.493302,68448261.02446769
2026-06-18,ethena-usde,usde,Ethena USDe,,0.999167,4505477920.117259,114822548.72502723
2026-06-19,ethena-usde,usde,Ethena USDe,,0.999046,4504660781.070785,82540036.31396006
2026-06-20,ethena-usde,usde,Ethena USDe,,0.999022,4499990125.875188,55651006.1251649
2026-06-21,ethena-usde,usde,Ethena USDe,,0.998967,4495118922.802151,35181202.72912702
2026-06-22,ethena-usde,usde,Ethena USDe,,0.999072,4479231306.136217,74129089.73023577
2026-06-23,ethena-usde,usde,Ethena USDe,,0.99884,4478628504.493843,82549313.30056527
2026-06-24,ethena-usde,usde,Ethena USDe,,0.998932,4484373837.643206,102311260.13391906
2026-06-25,ethena-usde,usde,Ethena USDe,,0.998447,4482259250.597453,117190179.56086038
2026-06-26,ethena-usde,usde,Ethena USDe,,0.998531,4470449838.468703,68607029.98335621
2026-06-27,ethena-usde,usde,Ethena USDe,,0.998268,4462207638.864716,62719869.942907125
2026-06-28,ethena-usde,usde,Ethena USDe,,0.998327,4460843551.150401,26143907.690572534
2026-06-29,ethena-usde,usde,Ethena USDe,,0.998337,4456112682.511402,13144453.691746179
2026-06-30,ethena-usde,usde,Ethena USDe,,0.998372,4454291248.0060215,18453623.595243942
2026-07-01,ethena-usde,usde,Ethena USDe,,0.998173,4446184786.931104,27420836.469145074
2026-07-02,ethena-usde,usde,Ethena USDe,,0.998613,4444969385.353059,21509266.424942788
2026-07-03,ethena-usde,usde,Ethena USDe,,0.99846,4445251862.985482,60063422.21489389
2026-07-04,ethena-usde,usde,Ethena USDe,,0.998721,4439749170.711811,75699688.32573076
2026-07-05,ethena-usde,usde,Ethena USDe,,0.99865,4438851233.17612,30062469.609450463
2026-07-06,ethena-usde,usde,Ethena USDe,,0.99872,4432085745.09227,20032760.81705222
2026-07-07,ethena-usde,usde,Ethena USDe,,0.998809,4413080478.51269,77657181.40983012
2026-07-08,ethena-usde,usde,Ethena USDe,,0.998859,4407298669.110693,28293758.731063582
2026-07-09,ethena-usde,usde,Ethena USDe,,0.998661,4386034170.677853,91545556.68315001
2026-07-10,ethena-usde,usde,Ethena USDe,,0.999539,4239005096.4678316,317785525.82040316
2026-07-11,ethena-usde,usde,Ethena USDe,,0.999558,4027599971.765779,385015793.5292919
2026-07-12,ethena-usde,usde,Ethena USDe,,0.999973,3940867804.93497,140391678.9852977
2026-07-13,ethena-usde,usde,Ethena USDe,,0.999561,3950834447.2397504,71933919.00486171
2026-07-14,ethena-usde,usde,Ethena USDe,,0.999419,3851133593.356052,244821693.55492175
2026-07-15,ethena-usde,usde,Ethena USDe,,0.999891,3913065449.440574,60169269.38035914
2026-07-16,ethena-usde,usde,Ethena USDe,,0.999596,4025015245.5448103,129044323.53928538
2026-07-17,ethena-usde,usde,Ethena USDe,,0.999562,4015687921.3946476,71657407.15846467
2026-07-18,ethena-usde,usde,Ethena USDe,,0.999929,4016065327.141372,35698677.60685224
2026-07-19,ethena-usde,usde,Ethena USDe,,0.999924,4015632533.653725,40914026.87285342
2026-07-20,ethena-usde,usde,Ethena USDe,,0.999872,4014435073.799578,27343197.055597045
2026-07-21,ethena-usde,usde,Ethena USDe,,0.99981,4030405745.118715,36891848.96060496
2026-07-22,ethena-usde,usde,Ethena USDe,,0.999675,4043019726.7535806,45610772.7809257
2026-07-23,ethena-usde,usde,Ethena USDe,,0.999799,4035262698.35988,32711785.95010477
2026-07-24,ethena-usde,usde,Ethena USDe,,0.999956,3979608287.31789,19231580.17756028
2026-07-25,ethena-usde,usde,Ethena USDe,,0.999553,3982853602.5749474,32907805.561939284
2026-07-26,ethena-usde,usde,Ethena USDe,,1.000063,3976799936.8710084,16251018.076843966
2026-07-27,ethena-usde,usde,Ethena USDe,,0.999552,3972751040.8087254,17962015.948157083
2026-07-28,ethena-usde,usde,Ethena USDe,,0.999457,3931982510.534654,59366971.01830626
2026-07-29,ethena-usde,usde,Ethena USDe,,0.999453,3861881397.8957677,34966276.40750021
2026-07-30,ethena-usde,usde,Ethena USDe,,0.999399,3847587331.472457,74170890.44467925
2026-07-31,ethena-usde,usde,Ethena USDe,,0.999837,3865544795.4726925,45683810.78462019
2026-08-01,ethena-usde,usde,Ethena USDe,,0.999544,3877396373.7235184,43686957.21238851
2026-08-02,ethena-usde,usde,Ethena USDe,,0.999707,3880284592.817217,12126645.50271426
2026-08-03,ethena-usde,usde,Ethena USDe,,0.999463,3867633591.9931917,37506447.8874916
2026-08-04,ethena-usde,usde,Ethena USDe,,0.999632,3855311149.0406494,44344011.39453226
2026-08-05,ethena-usde,usde,Ethena USDe,,0.999768,3881748195.0387053,54675469.17455253
2026-08-06,ethena-usde,usde,Ethena USDe,,0.999698,3893765693.1742177,48200066.78100621
2026-08-07,ethena-usde,usde,Ethena USDe,,0.999463,3883610984.3961635,74064012.31296578
2026-08-08,ethena-usde,usde,Ethena USDe,,0.999742,3892353538.286456,63588230.80519184
2026-08-09,ethena-usde,usde,Ethena USDe,,0.999653,3915971546.4553003,23813192.904467706
2026-08-10,ethena-usde,usde,Ethena USDe,,0.999653,3918336131.8253713,26200508.126293145
2026-08-11,ethena-usde,usde,Ethena USDe,,0.999532,3927969303.1018844,36086278.497303955
2026-08-12,ethena-usde,usde,Ethena USDe,,0.999707,3929812342.1457267,36405897.33626714
2026-08-13,ethena-usde,usde,Ethena USDe,,0.99961,3956957860.76726,18432211.16485582
2026-08-14,ethena-usde,usde,Ethena USDe,,0.99952,3952828430.1915455,18193122.255897813
2026-08-15,ethena-usde,usde,Ethena USDe,,0.999772,3960260046.7941356,29205839.58578
2026-08-16,ethena-usde,usde,Ethena USDe,,0.999772,3960827552.237792,10932673.221084848
2026-08-17,ethena-usde,usde,Ethena USDe,,0.999571,3956528543.7914996,15695578.142440151
2026-08-18,ethena-usde,usde,Ethena USDe,,0.999753,3964042026.2327375,37507411.46398999
2026-08-19,ethena-usde,usde,Ethena USDe,,0.999819,4037018477.959826,47832815.64855502
2026-08-20,ethena-usde,usde,Ethena USDe,,0.999779,4073312381.764,62234047.09569349
2026-08-21,ethena-usde,usde,Ethena USDe,,0.999897,4073392328.618407,50510750.31276612
2026-08-22,ethena-usde,usde,Ethena USDe,,0.99999,4081765800.693063,115274861.8445406
2026-08-23,ethena-usde,usde,Ethena USDe,,0.999858,4087761403.2845,84531964.54435915
2026-08-24,ethena-usde,usde,Ethena USDe,,0.999845,4080084240.3709364,55304376.51815978
2026-08-25,ethena-usde,usde,Ethena USDe,,0.999684,4071628616.731016,42215122.90688417
2026-08-26,ethena-usde,usde,Ethena USDe,,0.999787,4072457968.6533628,53639224.46545727
2026-08-27,ethena-usde,usde,Ethena USDe,,0.999843,4047593784.483479,48625300.21076169
2026-08-28,ethena-usde,usde,Ethena USDe,,1.000059,4042357087.6525493,47587182.57455111
2026-05-31,the-open-network,gram,Gram (prev. Toncoin),,1.817975,4914326468.955832,46833796.93548375
2026-06-01,the-open-network,gram,Gram (prev. Toncoin),,1.893294,5055782548.771913,88323013.53151713
2026-06-02,the-open-network,gram,Gram (prev. Toncoin),,2.093119,5590566929.089504,14076753.733321326
2026-06-03,the-open-network,gram,Gram (prev. Toncoin),,1.97024,5263471024.960035,6984182.504402873
2026-06-04,the-open-network,gram,Gram (prev. Toncoin),,1.904877,5089937412.616121,137835882.9645616
2026-06-05,the-open-network,gram,Gram (prev. Toncoin),,1.658758,4433230606.91927,60981923.83335397
2026-06-06,the-open-network,gram,Gram (prev. Toncoin),,1.516531,4053951980.830189,65901681.322234936
2026-06-07,the-open-network,gram,Gram (prev. Toncoin),,1.646311,4401778531.797621,44770067.73372917
2026-06-08,the-open-network,gram,Gram (prev. Toncoin),,1.698335,4541833591.294408,83846119.60406075
2026-06-09,the-open-network,gram,Gram (prev. Toncoin),,1.724384,4612457500.656096,65509429.18972993
2026-06-10,the-open-network,gram,Gram (prev. Toncoin),,1.700089,4550218671.182938,84704735.19999823
2026-06-11,the-open-network,gram,Gram (prev. Toncoin),,1.595083,4270069795.451982,3983169.4132517925
2026-06-12,the-open-network,gram,Gram (prev. Toncoin),,1.69959,4550793153.705106,32363660.06082484
2026-06-13,the-open-network,gram,Gram (prev. Toncoin),,1.67917,4497066331.26417,69424756.8587247
2026-06-14,the-open-network,gram,Gram (prev. Toncoin),,1.725287,4621556337.550272,37622930.01660978
2026-06-15,the-open-network,gram,Gram (prev. Toncoin),,1.752895,4697002074.567312,47672064.82975913
2026-06-16,the-open-network,gram,Gram (prev. Toncoin),,1.718023,4613114411.067565,39116159.81627128
2026-06-17,the-open-network,gram,Gram (prev. Toncoin),,1.652495,4438098130.241023,7269008.179407579
2026-06-18,the-open-network,gram,Gram (prev. Toncoin),,1.66475,4471954262.914949,14399474.398125153
2026-06-19,the-open-network,gram,Gram (prev. Toncoin),,1.662489,4468040864.961082,20470644.825125005
2026-06-20,the-open-network,gram,Gram (prev. Toncoin),,1.605626,4321336305.979735,11358751.975811485
2026-06-21,the-open-network,gram,Gram (prev. Toncoin),,1.629292,4385950565.945819,8389485.73966189
2026-06-22,the-open-network,gram,Gram (prev. Toncoin),,1.641396,4419463263.677539,27639632.9883012
2026-06-23,the-open-network,gram,Gram (prev. Toncoin),,1.689187,4557975093.100323,6202837.843815168
2026-06-24,the-open-network,gram,Gram (prev. Toncoin),,1.574329,4248940849.2338104,74032566.15998258
2026-06-25,the-open-network,gram,Gram (prev. Toncoin),,1.577933,4259546583.1143303,38337144.766574554
2026-06-26,the-open-network,gram,Gram (prev. Toncoin),,1.565078,4225739494.318356,26694937.182406567
2026-06-27,the-open-network,gram,Gram (prev. Toncoin),,1.556359,4204361037.3329186,20417920.82201831
2026-06-28,the-open-network,gram,Gram (prev. Toncoin),,1.567627,4234801193.43657,30954148.352033444
2026-06-29,the-open-network,gram,Gram (prev. Toncoin),,1.586374,4287269659.7630343,37432757.65367597
2026-06-30,the-open-network,gram,Gram (prev. Toncoin),,1.599984,4324970027.821293,46576067.30329824
2026-07-01,the-open-network,gram,Gram (prev. Toncoin),,1.510635,4084303864.878304,30567781.00594759
2026-07-02,the-open-network,gram,Gram (prev. Toncoin),,1.558974,4215876936.901944,29928758.318558082
2026-07-03,the-open-network,gram,Gram (prev. Toncoin),,1.667059,4509108558.55927,5668340.209246714
2026-07-04,the-open-network,gram,Gram (prev. Toncoin),,1.688623,4585275424.768045,9399338.150495494
2026-07-05,the-open-network,gram,Gram (prev. Toncoin),,1.765618,4795339954.422497,11899646.537845703
2026-07-06,the-open-network,gram,Gram (prev. Toncoin),,1.777717,4829205348.622021,11605100.646951966
2026-07-07,the-open-network,gram,Gram (prev. Toncoin),,1.778848,4833285769.23254,19375661.89803162
2026-07-08,the-open-network,gram,Gram (prev. Toncoin),,1.621015,4405362598.120902,8745705.901546424
2026-07-09,the-open-network,gram,Gram (prev. Toncoin),,1.584796,4307840677.30809,23950711.876072727
2026-07-10,the-open-network,gram,Gram (prev. Toncoin),,1.602454,4356753539.347218,2715205.922695626
2026-07-11,the-open-network,gram,Gram (prev. Toncoin),,1.644065,4470827511.602303,208103388.40156582
2026-07-12,the-open-network,gram,Gram (prev. Toncoin),,1.641173,4465002374.499663,22539785.074048698
2026-07-13,the-open-network,gram,Gram (prev. Toncoin),,1.619126,4412960134.764248,14634780.20610321
2026-07-14,the-open-network,gram,Gram (prev. Toncoin),,1.596503,4352187182.538048,12352281.152226048
2026-07-15,the-open-network,gram,Gram (prev. Toncoin),,1.618665,4413525292.029577,3229306.3500472754
2026-07-16,the-open-network,gram,Gram (prev. Toncoin),,1.575132,4295726120.460277,30723467.015391
2026-07-17,the-open-network,gram,Gram (prev. Toncoin),,1.518096,4141475509.321627,29497133.04519062
2026-07-18,the-open-network,gram,Gram (prev. Toncoin),,1.497706,4086714036.7124467,61328504.946695834
2026-07-19,the-open-network,gram,Gram (prev. Toncoin),,1.475152,4026388017.637796,18722045.953860927
2026-07-20,the-open-network,gram,Gram (prev. Toncoin),,1.446534,3949109340.3667765,23631437.455268525
2026-07-21,the-open-network,gram,Gram (prev. Toncoin),,1.434828,3917977865.9516244,32040366.608158324
2026-07-22,the-open-network,gram,Gram (prev. Toncoin),,1.543893,4216670727.392825,66817643.374318026
2026-07-23,the-open-network,gram,Gram (prev. Toncoin),,1.492506,4078435660.231352,40357371.54876847
2026-07-24,the-open-network,gram,Gram (prev. Toncoin),,1.462175,3996325134.4376698,32942517.17132868
2026-07-25,the-open-network,gram,Gram (prev. Toncoin),,1.466244,4008221776.9802003,26448178.226320364
2026-07-26,the-open-network,gram,Gram (prev. Toncoin),,1.505887,4117378991.3814187,26084955.59811019
2026-07-27,the-open-network,gram,Gram (prev. Toncoin),,1.516413,4146952966.2762785,23188491.189994987
2026-07-28,the-open-network,gram,Gram (prev. Toncoin),,1.457839,3987526319.3713064,24135487.151573967
2026-07-29,the-open-network,gram,Gram (prev. Toncoin),,1.448839,3963645790.3302264,32866280.623552486
2026-07-30,the-open-network,gram,Gram (prev. Toncoin),,1.404008,3841701363.1685696,50292639.061116755
2026-07-31,the-open-network,gram,Gram (prev. Toncoin),,1.428749,3910109531.0536423,24465182.683036324
2026-08-01,the-open-network,gram,Gram (prev. Toncoin),,1.404645,3844853031.271292,26463976.462983415
2026-08-02,the-open-network,gram,Gram (prev. Toncoin),,1.39174,3810234397.894107,14663233.519447714
2026-08-03,the-open-network,gram,Gram (prev. Toncoin),,1.426402,3905867793.6147556,12681940.674674375
2026-08-04,the-open-network,gram,Gram (prev. Toncoin),,1.412208,3867735352.543103,17843140.680295404
2026-08-05,the-open-network,gram,Gram (prev. Toncoin),,1.389598,3806582621.940575,62348425.29966458
2026-08-06,the-open-network,gram,Gram (prev. Toncoin),,1.402272,3842099604.9534874,20644884.485482126
2026-08-07,the-open-network,gram,Gram (prev. Toncoin),,1.368192,3749502561.184818,19297607.534653056
2026-08-08,the-open-network,gram,Gram (prev. Toncoin),,1.353745,3710677895.0014052,29847475.390882537
2026-08-09,the-open-network,gram,Gram (prev. Toncoin),,1.363312,3751308736.4585986,14663279.725675963
2026-08-10,the-open-network,gram,Gram (prev. Toncoin),,1.31658,3623466594.3796964,15452441.611838842
2026-08-11,the-open-network,gram,Gram (prev. Toncoin),,1.325361,3651220035.5411577,17839887.678541187
2026-08-12,the-open-network,gram,Gram (prev. Toncoin),,1.336805,3684971307.089756,20964487.48282226
2026-08-13,the-open-network,gram,Gram (prev. Toncoin),,1.348279,3717360746.0584564,23679755.450047083
2026-08-14,the-open-network,gram,Gram (prev. Toncoin),,1.332652,3675022055.6529965,20989050.263977498
2026-08-15,the-open-network,gram,Gram (prev. Toncoin),,1.334725,3681491462.0993505,18412502.867995176
2026-08-16,the-open-network,gram,Gram (prev. Toncoin),,1.343657,3706885443.321193,15713394.662369946
2026-08-17,the-open-network,gram,Gram (prev. Toncoin),,1.332068,3675665673.733186,14214801.65906392
2026-08-18,the-open-network,gram,Gram (prev. Toncoin),,1.327504,3663834381.1244736,13753645.234034223
2026-08-19,the-open-network,gram,Gram (prev. Toncoin),,1.319733,3643134017.662823,25239934.09741381
2026-08-20,the-open-network,gram,Gram (prev. Toncoin),,1.365151,3769294158.7736406,28974736.71732562
2026-08-21,the-open-network,gram,Gram (prev. Toncoin),,1.397703,3859961871.164965,38224381.67638024
2026-08-22,the-open-network,gram,Gram (prev. Toncoin),,1.492676,4123102800.890096,81951784.11785099
2026-08-23,the-open-network,gram,Gram (prev. Toncoin),,1.443462,3987993894.9640417,83293380.58810912
2026-08-24,the-open-network,gram,Gram (prev. Toncoin),,1.492567,4124918529.590143,56791108.1165388
2026-08-25,the-open-network,gram,Gram (prev. Toncoin),,1.462378,4042329655.0256424,39288939.2910781
2026-08-26,the-open-network,gram,Gram (prev. Toncoin),,1.440348,3982256662.8931456,54503948.82991064
2026-08-27,the-open-network,gram,Gram (prev. Toncoin),,1.4074,3891968634.881799,39813149.79379831
2026-08-28,the-open-network,gram,Gram (prev. Toncoin),,1.41579,3915986252.409161,51612477.64658146
2026-05-31,litecoin,ltc,Litecoin,,52.397184,4045188465.544332,256205099.37691006
2026-06-01,litecoin,ltc,Litecoin,,52.019156,4016003817.6541176,246543148.4568065
2026-06-02,litecoin,ltc,Litecoin,,50.720633,3915754731.2594905,301910466.9241214
2026-06-03,litecoin,ltc,Litecoin,,46.874045,3618788892.2163267,399829061.889892
2026-06-04,litecoin,ltc,Litecoin,,47.083136,3634931168.802276,359217817.5424276
2026-06-05,litecoin,ltc,Litecoin,,45.58054,3518927155.324842,423406334.4051763
2026-06-06,litecoin,ltc,Litecoin,,43.282998,3341551404.3945856,514172946.8765725
2026-06-07,litecoin,ltc,Litecoin,,41.342372,3191730446.8396974,366696229.436108
2026-06-08,litecoin,ltc,Litecoin,,42.811444,3305146302.033574,363743933.6110387
2026-06-09,litecoin,ltc,Litecoin,,43.003872,3320002179.4736204,307861445.328875
2026-06-10,litecoin,ltc,Litecoin,,42.995237,3319335588.3844395,259058878.50302026
2026-06-11,litecoin,ltc,Litecoin,,41.715899,3220567595.527756,240589183.79828465
2026-06-12,litecoin,ltc,Litecoin,,42.430925,3278489399.256451,210640872.7557198
2026-06-13,litecoin,ltc,Litecoin,,43.056172,3326800100.3570886,223462080.14406878
2026-06-14,litecoin,ltc,Litecoin,,44.315549,3424107717.3380294,179037999.66999814
2026-06-15,litecoin,ltc,Litecoin,,45.377723,3506178221.0778894,211544014.9508939
2026-06-16,litecoin,ltc,Litecoin,,45.74041,3534201756.7386966,290392108.74560523
2026-06-17,litecoin,ltc,Litecoin,,45.650263,3528112343.0886545,235991457.66067594
2026-06-18,litecoin,ltc,Litecoin,,44.873194,3468056031.853607,205398294.3644198
2026-06-19,litecoin,ltc,Litecoin,,43.798721,3385014596.687099,199691074.1117005
2026-06-20,litecoin,ltc,Litecoin,,44.016464,3401843024.52492,189603778.61625823
2026-06-21,litecoin,ltc,Litecoin,,44.512362,3440168855.727888,172655203.3091115
2026-06-22,litecoin,ltc,Litecoin,,44.428988,3433725268.6048455,193362589.79306355
2026-06-23,litecoin,ltc,Litecoin,,44.499002,3440137268.961063,193168475.11011368
2026-06-24,litecoin,ltc,Litecoin,,42.122177,3256389205.7440124,223867254.19321615
2026-06-25,litecoin,ltc,Litecoin,,41.074144,3175565918.546288,269389706.19341916
2026-06-26,litecoin,ltc,Litecoin,,40.869948,3159778915.312848,256563732.9438031
2026-06-27,litecoin,ltc,Litecoin,,41.864557,3236675068.069818,280809754.31180346
2026-06-28,litecoin,ltc,Litecoin,,42.130632,3257246134.2911844,219373090.45370698
2026-06-29,litecoin,ltc,Litecoin,,42.459635,3282682343.2345,185763985.08358496
2026-06-30,litecoin,ltc,Litecoin,,43.115305,3333374167.9380074,247924850.59101173
2026-07-01,litecoin,ltc,Litecoin,,41.899558,3239381097.1426096,226209427.69386986
2026-07-02,litecoin,ltc,Litecoin,,42.669475,3298905771.1126385,258571134.4720355
2026-07-03,litecoin,ltc,Litecoin,,43.485608,3363285702.895709,252638411.40323147
2026-07-04,litecoin,ltc,Litecoin,,44.792565,3464599731.323693,224985711.52027214
2026-07-05,litecoin,ltc,Litecoin,,44.812555,3466145899.699236,205556771.8088355
2026-07-06,litecoin,ltc,Litecoin,,45.761401,3539749200.344159,236044295.41539255
2026-07-07,litecoin,ltc,Litecoin,,44.803041,3465757342.997927,253644715.3768965
2026-07-08,litecoin,ltc,Litecoin,,43.90328,3396351622.981995,196657326.17749634
2026-07-09,litecoin,ltc,Litecoin,,43.626104,3375053289.4667206,254857487.65049398
2026-07-10,litecoin,ltc,Litecoin,,43.770123,3386353936.6846213,164022759.29238695
2026-07-11,litecoin,ltc,Litecoin,,44.748118,3462176333.0499787,169244084.92694476
2026-07-12,litecoin,ltc,Litecoin,,44.617164,3452236206.8052483,142526711.66174474
2026-07-13,litecoin,ltc,Litecoin,,43.979882,3403199984.1344075,134641709.6692151
2026-07-14,litecoin,ltc,Litecoin,,43.522207,3367809215.4890924,185942537.8574788
2026-07-15,litecoin,ltc,Litecoin,,45.386343,3512226318.1283493,224249457.83273202
2026-07-16,litecoin,ltc,Litecoin,,45.136341,3493043228.955349,301987449.7701508
2026-07-17,litecoin,ltc,Litecoin,,44.911062,3475774222.681298,261204739.73473582
2026-07-18,litecoin,ltc,Litecoin,,45.135431,3493413168.9188786,283841186.4491877
2026-07-19,litecoin,ltc,Litecoin,,46.983043,3636473338.8262267,294210940.4406144
2026-07-20,litecoin,ltc,Litecoin,,47.035026,3640644979.738341,219143900.80558616
2026-07-21,litecoin,ltc,Litecoin,,47.301768,3661503490.869465,310239932.76447874
2026-07-22,litecoin,ltc,Litecoin,,46.823535,3624645713.4685035,225756526.44746664
2026-07-23,litecoin,ltc,Litecoin,,47.106785,3646733365.441848,197972694.38960356
2026-07-24,litecoin,ltc,Litecoin,,46.928637,3633111753.7577853,252861513.39289212
2026-07-25,litecoin,ltc,Litecoin,,46.323291,3586367937.7295895,226586305.54277217
2026-07-26,litecoin,ltc,Litecoin,,46.503677,3600543038.770277,160585514.70757008
2026-07-27,litecoin,ltc,Litecoin,,47.796451,3700807126.359486,225294446.34835202
2026-07-28,litecoin,ltc,Litecoin,,46.007428,3562429228.1297927,199256600.8690958
2026-07-29,litecoin,ltc,Litecoin,,46.167678,3574996897.1533957,183544402.3520345
2026-07-30,litecoin,ltc,Litecoin,,45.400589,3515748612.488152,238222041.69411144
2026-07-31,litecoin,ltc,Litecoin,,45.539856,3526676648.51075,190294698.2548702
2026-08-01,litecoin,ltc,Litecoin,,44.257599,3427548735.095877,178154746.6779161
2026-08-02,litecoin,ltc,Litecoin,,44.195057,3422865061.472819,155186006.23516366
2026-08-03,litecoin,ltc,Litecoin,,44.644251,3457830211.1392293,137221067.82275966
2026-08-04,litecoin,ltc,Litecoin,,44.247589,3427281530.678761,161432300.7018185
2026-08-05,litecoin,ltc,Litecoin,,44.812661,3471219144.1618776,180605655.23325402
2026-08-06,litecoin,ltc,Litecoin,,45.286069,3508037386.3662434,171687207.0564804
2026-08-07,litecoin,ltc,Litecoin,,45.403915,3517322858.1007795,162223642.9579234
2026-08-08,litecoin,ltc,Litecoin,,45.515323,3526087602.7774467,170422140.08195093
2026-08-09,litecoin,ltc,Litecoin,,45.97974,3562215574.1455846,120642708.08618493
2026-08-10,litecoin,ltc,Litecoin,,45.411501,3518358085.1635513,124037793.64479738
2026-08-11,litecoin,ltc,Litecoin,,45.09498,3494011407.4076757,142116691.94213608
2026-08-12,litecoin,ltc,Litecoin,,45.455923,3522160589.3670974,129288938.02282937
2026-08-13,litecoin,ltc,Litecoin,,44.846713,3475118737.031244,153829180.2949286
2026-08-14,litecoin,ltc,Litecoin,,44.783058,3470332556.920944,127688505.8197369
2026-08-15,litecoin,ltc,Litecoin,,43.806923,3394839865.989007,155858392.1731028
2026-08-16,litecoin,ltc,Litecoin,,44.068427,3415254241.2358503,117544262.5313578
2026-08-17,litecoin,ltc,Litecoin,,44.103653,3418130344.1806607,109813936.9984249
2026-08-18,litecoin,ltc,Litecoin,,44.528398,3451212381.773311,145840637.64787203
2026-08-19,litecoin,ltc,Litecoin,,44.34768,3437381639.6396427,140070583.52987197
2026-08-20,litecoin,ltc,Litecoin,,46.760698,3624598742.235666,245865494.8259404
2026-08-21,litecoin,ltc,Litecoin,,47.801581,3705455993.8282213,294365828.11000574
2026-08-22,litecoin,ltc,Litecoin,,53.129647,4118653298.8313637,593734615.3105149
2026-08-23,litecoin,ltc,Litecoin,,52.48034,4068494000.467094,635276363.6033031
2026-08-24,litecoin,ltc,Litecoin,,52.3038,4055017083.0757794,314984659.8303361
2026-08-25,litecoin,ltc,Litecoin,,51.641456,4003863641.309985,458163207.02634704
2026-08-26,litecoin,ltc,Litecoin,,49.929059,3871294141.5538373,313814980.65046483
2026-08-27,litecoin,ltc,Litecoin,,50.503483,3916010287.382598,306830655.3763582
2026-08-28,litecoin,ltc,Litecoin,,49.923504,3871205364.1355844,285010777.46678007
2026-05-31,hedera-hashgraph,hbar,Hedera,,0.095138,4126486941.821068,422002441.71599656
2026-06-01,hedera-hashgraph,hbar,Hedera,,0.09646,4183816062.961439,149332922.8374231
2026-06-02,hedera-hashgraph,hbar,Hedera,,0.092214,3999662101.771587,136796981.4314992
2026-06-03,hedera-hashgraph,hbar,Hedera,,0.086819,3765650093.0450935,104807029.58481893
2026-06-04,hedera-hashgraph,hbar,Hedera,,0.085155,3693459718.2107334,86790933.59573671
2026-06-05,hedera-hashgraph,hbar,Hedera,,0.083717,3631106824.944351,124178821.56726028
2026-06-06,hedera-hashgraph,hbar,Hedera,,0.080247,3480604845.349055,153496895.13025352
2026-06-07,hedera-hashgraph,hbar,Hedera,,0.079711,3457364224.842838,87703316.88518451
2026-06-08,hedera-hashgraph,hbar,Hedera,,0.081882,3551525382.163993,55765230.10559857
2026-06-09,hedera-hashgraph,hbar,Hedera,,0.081282,3525480569.1573524,48637642.31384539
2026-06-10,hedera-hashgraph,hbar,Hedera,,0.079422,3444802285.198996,48039497.5673758
2026-06-11,hedera-hashgraph,hbar,Hedera,,0.077649,3367874687.329858,53253952.66397225
2026-06-12,hedera-hashgraph,hbar,Hedera,,0.079179,3434231376.4101434,62183965.23648316
2026-06-13,hedera-hashgraph,hbar,Hedera,,0.077818,3375234305.6205344,63700609.213717416
2026-06-14,hedera-hashgraph,hbar,Hedera,,0.078289,3395627277.130459,42725769.37781135
2026-06-15,hedera-hashgraph,hbar,Hedera,,0.081124,3518627015.7053275,59438938.29606158
2026-06-16,hedera-hashgraph,hbar,Hedera,,0.082541,3588309465.526174,92618374.94919232
2026-06-17,hedera-hashgraph,hbar,Hedera,,0.080616,3504645561.956903,79865307.71986368
2026-06-18,hedera-hashgraph,hbar,Hedera,,0.081176,3529000099.9772034,84784828.06751913
2026-06-19,hedera-hashgraph,hbar,Hedera,,0.080181,3485719800.021273,74215024.08658002
2026-06-20,hedera-hashgraph,hbar,Hedera,,0.080445,3497219221.0483446,58994558.09782438
2026-06-21,hedera-hashgraph,hbar,Hedera,,0.08056,3502195814.5094824,50743311.62963524
2026-06-22,hedera-hashgraph,hbar,Hedera,,0.078011,3391380017.643295,40598827.42877796
2026-06-23,hedera-hashgraph,hbar,Hedera,,0.078643,3418846671.3932076,51348018.995507054
2026-06-24,hedera-hashgraph,hbar,Hedera,,0.077486,3368553039.55112,50013029.37428337
2026-06-25,hedera-hashgraph,hbar,Hedera,,0.075592,3286230862.975278,81542096.62662789
2026-06-26,hedera-hashgraph,hbar,Hedera,,0.073385,3190301180.2480745,72483334.3395673
2026-06-27,hedera-hashgraph,hbar,Hedera,,0.070785,3077273549.4693174,68478579.84274796
2026-06-28,hedera-hashgraph,hbar,Hedera,,0.071853,3123677821.6650205,52088587.410202205
2026-06-29,hedera-hashgraph,hbar,Hedera,,0.070937,3083841738.44473,43067966.36272178
2026-06-30,hedera-hashgraph,hbar,Hedera,,0.071562,3111023346.6198807,53872837.94217066
2026-07-01,hedera-hashgraph,hbar,Hedera,,0.069411,3018674093.602565,68045025.47405735
2026-07-02,hedera-hashgraph,hbar,Hedera,,0.071797,3122450654.596652,70945437.87701523
2026-07-03,hedera-hashgraph,hbar,Hedera,,0.070808,3100674702.5272794,66186373.45151849
2026-07-04,hedera-hashgraph,hbar,Hedera,,0.07331,3210245710.1433263,95019239.4467361
2026-07-05,hedera-hashgraph,hbar,Hedera,,0.077252,3382846643.2563605,85851863.72600083
2026-07-06,hedera-hashgraph,hbar,Hedera,,0.076228,3338019390.301991,53110597.23012804
2026-07-07,hedera-hashgraph,hbar,Hedera,,0.073273,3208634567.964609,59910867.03426912
2026-07-08,hedera-hashgraph,hbar,Hedera,,0.070914,3105315955.5679865,60417665.85587565
2026-07-09,hedera-hashgraph,hbar,Hedera,,0.069315,3035297715.5201926,49854645.583112046
2026-07-10,hedera-hashgraph,hbar,Hedera,,0.069877,3059891353.8554907,51752898.19691751
2026-07-11,hedera-hashgraph,hbar,Hedera,,0.070296,3078238538.3533287,40616483.17888894
2026-07-12,hedera-hashgraph,hbar,Hedera,,0.068461,2997917718.3252764,97995191.64488596
2026-07-13,hedera-hashgraph,hbar,Hedera,,0.067546,2957831260.3463883,49216765.49843881
2026-07-14,hedera-hashgraph,hbar,Hedera,,0.066541,2913809281.6553197,50367152.31679418
2026-07-15,hedera-hashgraph,hbar,Hedera,,0.067332,2948454218.7278485,62255832.387682796
2026-07-16,hedera-hashgraph,hbar,Hedera,,0.067914,2973944657.7307844,48987276.65877071
2026-07-17,hedera-hashgraph,hbar,Hedera,,0.066504,2912287058.3103876,50323638.10688867
2026-07-18,hedera-hashgraph,hbar,Hedera,,0.065892,2885467623.16942,46948916.26872359
2026-07-19,hedera-hashgraph,hbar,Hedera,,0.067085,2937716595.887818,34098856.65150109
2026-07-20,hedera-hashgraph,hbar,Hedera,,0.066509,2912503280.2946677,34674040.67907408
2026-07-21,hedera-hashgraph,hbar,Hedera,,0.066647,2918541296.0271573,44752766.43662895
2026-07-22,hedera-hashgraph,hbar,Hedera,,0.069513,3044064765.696317,69990630.88300797
2026-07-23,hedera-hashgraph,hbar,Hedera,,0.072781,3187163278.8382497,83726423.05776317
2026-07-24,hedera-hashgraph,hbar,Hedera,,0.07113,3114876257.151919,67381475.36774878
2026-07-25,hedera-hashgraph,hbar,Hedera,,0.070784,3099730731.7592554,45233524.42709682
2026-07-26,hedera-hashgraph,hbar,Hedera,,0.070901,3104832714.6946874,33033764.12705328
2026-07-27,hedera-hashgraph,hbar,Hedera,,0.070198,3074032249.584271,31477253.72792831
2026-07-28,hedera-hashgraph,hbar,Hedera,,0.068092,2981840401.873126,40205799.954595394
2026-07-29,hedera-hashgraph,hbar,Hedera,,0.068371,2994032447.1858687,47436832.96271345
2026-07-30,hedera-hashgraph,hbar,Hedera,,0.06785,2971239390.821934,34340130.4318709
2026-07-31,hedera-hashgraph,hbar,Hedera,,0.068342,2992759584.7160316,32915297.26154725
2026-08-01,hedera-hashgraph,hbar,Hedera,,0.068688,3007913209.7894707,37302112.98314682
2026-08-02,hedera-hashgraph,hbar,Hedera,,0.069017,3022317743.3189917,39055706.23571215
2026-08-03,hedera-hashgraph,hbar,Hedera,,0.069996,3065182269.7516785,37772914.8704624
2026-08-04,hedera-hashgraph,hbar,Hedera,,0.070455,3085288532.1928287,40713546.3649218
2026-08-05,hedera-hashgraph,hbar,Hedera,,0.069344,3036667529.6091743,51148903.25938576
2026-08-06,hedera-hashgraph,hbar,Hedera,,0.069046,3023614610.17405,37021447.017599925
2026-08-07,hedera-hashgraph,hbar,Hedera,,0.06816,2984784207.168443,40126194.259143315
2026-08-08,hedera-hashgraph,hbar,Hedera,,0.068024,2978857421.9209733,36516180.5112784
2026-08-09,hedera-hashgraph,hbar,Hedera,,0.068934,3018680863.9282866,31738040.011680946
2026-08-10,hedera-hashgraph,hbar,Hedera,,0.068584,3003363204.377793,31132197.27943896
2026-08-11,hedera-hashgraph,hbar,Hedera,,0.067616,2960990865.51031,33337941.478078444
2026-08-12,hedera-hashgraph,hbar,Hedera,,0.0664,2907712488.356512,45224934.6638453
2026-08-13,hedera-hashgraph,hbar,Hedera,,0.065986,2889585310.9904957,30175312.108989507
2026-08-14,hedera-hashgraph,hbar,Hedera,,0.065454,2866280585.3869715,35856838.76413161
2026-08-15,hedera-hashgraph,hbar,Hedera,,0.065815,2882114547.067619,36922580.33257044
2026-08-16,hedera-hashgraph,hbar,Hedera,,0.065406,2866829777.497807,23395232.941070594
2026-08-17,hedera-hashgraph,hbar,Hedera,,0.064613,2832070441.494322,26943557.75317856
2026-08-18,hedera-hashgraph,hbar,Hedera,,0.065954,2890884441.8710666,42090290.86984456
2026-08-19,hedera-hashgraph,hbar,Hedera,,0.067305,2950092481.518126,35244681.90144632
2026-08-20,hedera-hashgraph,hbar,Hedera,,0.070584,3093808562.910545,72423889.2747244
2026-08-21,hedera-hashgraph,hbar,Hedera,,0.073425,3218333788.6846237,106648372.2244151
2026-08-22,hedera-hashgraph,hbar,Hedera,,0.079781,3496912889.506632,158477687.71116638
2026-08-23,hedera-hashgraph,hbar,Hedera,,0.077486,3396323397.8632755,208599721.49903673
2026-08-24,hedera-hashgraph,hbar,Hedera,,0.079854,3500118870.9851604,103734132.43810748
2026-08-25,hedera-hashgraph,hbar,Hedera,,0.079262,3474168223.50576,120731709.51596941
2026-08-26,hedera-hashgraph,hbar,Hedera,,0.07773,3407010152.884762,124870800.42372237
2026-08-27,hedera-hashgraph,hbar,Hedera,,0.078578,3444200680.510104,66607799.16677858
2026-08-28,hedera-hashgraph,hbar,Hedera,,0.078774,3452791228.2126703,57977641.14454322
2026-05-31,global-dollar,usdg,Global Dollar,,1.000155,2619205613.9818425,41419237.1326836
2026-06-01,global-dollar,usdg,Global Dollar,,1.000421,2619901742.8290963,38621272.22150003
2026-06-02,global-dollar,usdg,Global Dollar,,0.999901,2630240926.6317883,44947554.44407386
2026-06-03,global-dollar,usdg,Global Dollar,,1.000046,2616619504.6355515,55856556.75100386
2026-06-04,global-dollar,usdg,Global Dollar,,0.99966,2602614246.5404806,123445462.53337854
2026-06-05,global-dollar,usdg,Global Dollar,,1.000105,2547267482.727523,221576623.81303328
2026-06-06,global-dollar,usdg,Global Dollar,,1.000296,2548055440.824426,215807615.2471074
2026-06-07,global-dollar,usdg,Global Dollar,,1.000049,2547425965.108286,101257744.86196569
2026-06-08,global-dollar,usdg,Global Dollar,,1.000248,2547933650.228319,156626339.40529975
2026-06-09,global-dollar,usdg,Global Dollar,,1.000216,2595862145.167634,101260057.92855358
2026-06-10,global-dollar,usdg,Global Dollar,,0.999928,2590114177.3825836,93792192.97007209
2026-06-11,global-dollar,usdg,Global Dollar,,1.000075,2616496682.8863487,115443261.49349631
2026-06-12,global-dollar,usdg,Global Dollar,,1.000162,2631984932.337262,90086291.78628084
2026-06-13,global-dollar,usdg,Global Dollar,,1.000017,2641605000.1666794,80321583.11874925
2026-06-14,global-dollar,usdg,Global Dollar,,1.000052,2641696278.844451,39538910.64979186
2026-06-15,global-dollar,usdg,Global Dollar,,1.000016,2641601834.0447917,93826210.68981521
2026-06-16,global-dollar,usdg,Global Dollar,,0.999959,2696449924.5080605,97758577.60896799
2026-06-17,global-dollar,usdg,Global Dollar,,0.999809,2742024401.502556,78255016.19004537
2026-06-18,global-dollar,usdg,Global Dollar,,0.999972,2756929985.1625886,92837100.49392569
2026-06-19,global-dollar,usdg,Global Dollar,,1.000139,2798308616.529026,70014014.51238926
2026-06-20,global-dollar,usdg,Global Dollar,,0.999786,2808318638.8704453,55715084.66496057
2026-06-21,global-dollar,usdg,Global Dollar,,0.999941,2809992549.752455,30603178.19735457
2026-06-22,global-dollar,usdg,Global Dollar,,1.0001,2805665790.6446004,24997872.06884266
2026-06-23,global-dollar,usdg,Global Dollar,,0.999943,2802412914.8953156,58559843.0068424
2026-06-24,global-dollar,usdg,Global Dollar,,0.999987,2877533533.154237,38827200.928862765
2026-06-25,global-dollar,usdg,Global Dollar,,1.000009,2904597272.3701944,40558495.12786405
2026-06-26,global-dollar,usdg,Global Dollar,,0.999978,2929009029.280291,37036388.83116814
2026-06-27,global-dollar,usdg,Global Dollar,,1.000073,2961289298.5583415,28324930.5172364
2026-06-28,global-dollar,usdg,Global Dollar,,1.000199,2961661812.3386054,36517830.81285534
2026-06-29,global-dollar,usdg,Global Dollar,,1.000069,2961277912.2180247,28999538.677153163
2026-06-30,global-dollar,usdg,Global Dollar,,1.000002,2977512311.9300222,42672804.48975146
2026-07-01,global-dollar,usdg,Global Dollar,,1.00004,2984625518.654703,22535662.708551064
2026-07-02,global-dollar,usdg,Global Dollar,,1.000058,3001679592.4704986,34996875.34245629
2026-07-03,global-dollar,usdg,Global Dollar,,0.999834,3011007485.384793,64842708.339253545
2026-07-04,global-dollar,usdg,Global Dollar,,0.99983,3014993765.939136,86161213.75076437
2026-07-05,global-dollar,usdg,Global Dollar,,0.999817,3027737473.9753757,73632298.47247815
2026-07-06,global-dollar,usdg,Global Dollar,,1.000048,3028437597.222082,79854122.2439716
2026-07-07,global-dollar,usdg,Global Dollar,,0.999854,3155392970.329218,79433313.15955439
2026-07-08,global-dollar,usdg,Global Dollar,,0.999734,3230994032.2835765,64466540.77068847
2026-07-09,global-dollar,usdg,Global Dollar,,0.999935,3143995482.12777,47852518.57167705
2026-07-10,global-dollar,usdg,Global Dollar,,0.999892,3120164600.1352644,100980872.92178103
2026-07-11,global-dollar,usdg,Global Dollar,,1.000031,3148499573.852927,22172335.453381065
2026-07-12,global-dollar,usdg,Global Dollar,,1.000126,3148636728.7066073,16411310.969271295
2026-07-13,global-dollar,usdg,Global Dollar,,1.00006,3147952812.9061337,10254339.515556574
2026-07-14,global-dollar,usdg,Global Dollar,,1.000038,3169692307.809556,18691154.72483865
2026-07-15,global-dollar,usdg,Global Dollar,,1.000023,3161037712.912843,27877059.498564288
2026-07-16,global-dollar,usdg,Global Dollar,,0.999978,3159401413.8226285,35119779.66322445
2026-07-17,global-dollar,usdg,Global Dollar,,1.000098,3155711017.033486,32166493.26284588
2026-07-18,global-dollar,usdg,Global Dollar,,1.000216,3189090792.2873306,30506003.060985558
2026-07-19,global-dollar,usdg,Global Dollar,,1.000155,3198229905.835634,20250434.029092208
2026-07-20,global-dollar,usdg,Global Dollar,,1.000064,3197938237.4472723,21013993.45339248
2026-07-21,global-dollar,usdg,Global Dollar,,1.000072,3241705249.0902314,26285512.221518826
2026-07-22,global-dollar,usdg,Global Dollar,,1.000026,3244541120.8639474,38679243.284419835
2026-07-23,global-dollar,usdg,Global Dollar,,1.000015,3266002311.2894645,49979330.3664478
2026-07-24,global-dollar,usdg,Global Dollar,,1.000051,3266859852.8282247,54769313.56395882
2026-07-25,global-dollar,usdg,Global Dollar,,0.999792,3278353288.140122,285426728.80762976
2026-07-26,global-dollar,usdg,Global Dollar,,1.000188,3279653546.924199,122254776.30420364
2026-07-27,global-dollar,usdg,Global Dollar,,1.000063,3279192483.0406284,148093826.33299705
2026-07-28,global-dollar,usdg,Global Dollar,,0.999874,3295892259.616054,405748700.4329178
2026-07-29,global-dollar,usdg,Global Dollar,,0.999403,3306814072.7499437,449306462.26969916
2026-07-30,global-dollar,usdg,Global Dollar,,0.999314,3323010874.4723377,304871573.19946915
2026-07-31,global-dollar,usdg,Global Dollar,,1.000501,3354467468.74708,248660862.15469933
2026-08-01,global-dollar,usdg,Global Dollar,,0.999973,3400471932.4728284,227952058.84743837
2026-08-02,global-dollar,usdg,Global Dollar,,1.000073,3400810997.7001076,92341945.77525869
2026-08-03,global-dollar,usdg,Global Dollar,,0.999703,3399544430.0056653,97745496.64605951
2026-08-04,global-dollar,usdg,Global Dollar,,1.000056,3436093413.825843,201175073.61780298
2026-08-05,global-dollar,usdg,Global Dollar,,1.000175,3479325410.263213,246959935.19392118
2026-08-06,global-dollar,usdg,Global Dollar,,1.000401,3488114687.256355,261234653.261726
2026-08-07,global-dollar,usdg,Global Dollar,,0.999574,3462238922.0733304,278687518.86699253
2026-08-08,global-dollar,usdg,Global Dollar,,1.000095,3482047971.717131,227502785.58612165
2026-08-09,global-dollar,usdg,Global Dollar,,1.000103,3482071663.873628,122707497.99249671
2026-08-10,global-dollar,usdg,Global Dollar,,1.00054,3483496618.4943047,240540975.1781077
2026-08-11,global-dollar,usdg,Global Dollar,,0.999927,3471704124.690336,402535429.2457264
2026-08-12,global-dollar,usdg,Global Dollar,,0.999881,3491434614.232709,266492136.80496764
2026-08-13,global-dollar,usdg,Global Dollar,,0.999912,3470548756.308142,270227682.9611117
2026-08-14,global-dollar,usdg,Global Dollar,,0.99977,3470054339.514546,199722377.62349063
2026-08-15,global-dollar,usdg,Global Dollar,,0.999826,3467603663.876179,226691881.02054015
2026-08-16,global-dollar,usdg,Global Dollar,,0.999943,3467657135.387922,131090291.01204805
2026-08-17,global-dollar,usdg,Global Dollar,,1.000022,3467929611.0569134,155792178.22391555
2026-08-18,global-dollar,usdg,Global Dollar,,1.000063,3471073210.0446634,288671752.73535335
2026-08-19,global-dollar,usdg,Global Dollar,,1.000065,3463176418.58468,227894608.14018238
2026-08-20,global-dollar,usdg,Global Dollar,,1.000173,3465987160.3890104,629677827.4366499
2026-08-21,global-dollar,usdg,Global Dollar,,1.000024,3463469951.067356,381933166.5023654
2026-08-22,global-dollar,usdg,Global Dollar,,1.000043,3429470831.033811,549726378.9954052
2026-08-23,global-dollar,usdg,Global Dollar,,0.999972,3387047514.030563,297368586.706545
2026-08-24,global-dollar,usdg,Global Dollar,,0.999922,3386878251.704796,280369518.0142096
2026-08-25,global-dollar,usdg,Global Dollar,,1.000051,3396661700.8348856,413421608.9203909
2026-08-26,global-dollar,usdg,Global Dollar,,1.000082,3393900559.4067655,410400371.60444736
2026-08-27,global-dollar,usdg,Global Dollar,,1.000106,3349807844.878937,460736734.1962391
2026-08-28,global-dollar,usdg,Global Dollar,,1.00009,3333179981.6430726,451794957.3029271
2026-05-31,avalanche-2,avax,Avalanche,,8.945149,3862264622.1402617,153543048.8547925
2026-06-01,avalanche-2,avax,Avalanche,,8.97011,3873042071.7189417,147571801.1041972
2026-06-02,avalanche-2,avax,Avalanche,,8.923083,3852737195.824555,198561396.42718804
2026-06-03,avalanche-2,avax,Avalanche,,8.169561,3527387174.4914317,234233141.87044552
2026-06-04,avalanche-2,avax,Avalanche,,8.046954,3474448932.0845013,266830993.4857631
2026-06-05,avalanche-2,avax,Avalanche,,7.698492,3323993017.2217627,329653878.44155014
2026-06-06,avalanche-2,avax,Avalanche,,6.720923,2901906040.4158597,449146899.3319374
2026-06-07,avalanche-2,avax,Avalanche,,6.661122,2876085574.1737633,241873589.28271782
2026-06-08,avalanche-2,avax,Avalanche,,6.807538,2939304012.9918427,229731245.91197276
2026-06-09,avalanche-2,avax,Avalanche,,6.763416,2920253442.9396954,223200931.5590713
2026-06-10,avalanche-2,avax,Avalanche,,6.635275,2864925723.5609694,180059260.85618624
2026-06-11,avalanche-2,avax,Avalanche,,6.380602,2754965092.344055,207308656.86259583
2026-06-12,avalanche-2,avax,Avalanche,,6.636949,2865648545.767094,193556144.0695207
2026-06-13,avalanche-2,avax,Avalanche,,6.56755,2835684112.3916655,141826532.76226297
2026-06-14,avalanche-2,avax,Avalanche,,6.715002,2899349774.8205557,116186442.66172658
2026-06-15,avalanche-2,avax,Avalanche,,6.784081,2929175929.992826,154268467.79285666
2026-06-16,avalanche-2,avax,Avalanche,,6.836933,2951995843.5227675,238943464.74891502
2026-06-17,avalanche-2,avax,Avalanche,,6.871991,2967133152.3462186,199307904.77399647
2026-06-18,avalanche-2,avax,Avalanche,,6.758944,2918322620.8966103,231574431.6585902
2026-06-19,avalanche-2,avax,Avalanche,,6.310632,2724753876.968034,231834778.0657141
2026-06-20,avalanche-2,avax,Avalanche,,5.892212,2544091744.388065,421699380.66138136
2026-06-21,avalanche-2,avax,Avalanche,,6.236329,2692671805.6902957,372444065.69767255
2026-06-22,avalanche-2,avax,Avalanche,,6.10783,2637189667.950983,174604305.1578635
2026-06-23,avalanche-2,avax,Avalanche,,6.229837,2689869112.3414555,205940543.65603563
2026-06-24,avalanche-2,avax,Avalanche,,6.480394,2798052300.119857,288294161.09841275
2026-06-25,avalanche-2,avax,Avalanche,,6.45287,2786168265.3080626,264489902.95257127
2026-06-26,avalanche-2,avax,Avalanche,,6.227893,2689029570.2911673,276957011.49339366
2026-06-27,avalanche-2,avax,Avalanche,,6.615441,2856362010.88945,268210978.72701463
2026-06-28,avalanche-2,avax,Avalanche,,6.424284,2773825772.842808,192931767.530759
2026-06-29,avalanche-2,avax,Avalanche,,6.439566,2780424213.261376,149433509.86921206
2026-06-30,avalanche-2,avax,Avalanche,,6.664753,2877653422.343526,283650753.42107415
2026-07-01,avalanche-2,avax,Avalanche,,6.52916,2819108047.572362,177888743.0480133
2026-07-02,avalanche-2,avax,Avalanche,,6.659872,2875545827.5740647,206682328.49921724
2026-07-03,avalanche-2,avax,Avalanche,,6.793517,2933250024.4942765,191164288.48343298
2026-07-04,avalanche-2,avax,Avalanche,,6.944173,2998299359.691271,186701230.7390676
2026-07-05,avalanche-2,avax,Avalanche,,6.959237,3004803341.918971,144127046.69744357
2026-07-06,avalanche-2,avax,Avalanche,,6.917608,2986829045.2271714,144508241.33433858
2026-07-07,avalanche-2,avax,Avalanche,,6.923246,2989263473.3172865,176678255.70558667
2026-07-08,avalanche-2,avax,Avalanche,,6.686851,2887194748.929749,155141054.24820346
2026-07-09,avalanche-2,avax,Avalanche,,6.468296,2792828758.499305,171631438.26775613
2026-07-10,avalanche-2,avax,Avalanche,,6.676909,2882901957.771659,170986370.48296773
2026-07-11,avalanche-2,avax,Avalanche,,6.73657,2908661944.620721,104504233.60229048
2026-07-12,avalanche-2,avax,Avalanche,,6.546135,2826437633.815636,100436508.4849849
2026-07-13,avalanche-2,avax,Avalanche,,6.402352,2764356095.8540907,152446068.22802868
2026-07-14,avalanche-2,avax,Avalanche,,6.446276,2783321315.8362403,196910693.7487278
2026-07-15,avalanche-2,avax,Avalanche,,6.702169,2893808523.86823,155290648.8848797
2026-07-16,avalanche-2,avax,Avalanche,,6.695297,2890841316.3234344,139374986.1909108
2026-07-17,avalanche-2,avax,Avalanche,,6.508104,2810016948.3557277,129025351.71082507
2026-07-18,avalanche-2,avax,Avalanche,,6.583524,2842581239.241999,136287636.67126596
2026-07-19,avalanche-2,avax,Avalanche,,6.567658,2835730621.23815,124640734.57772467
2026-07-20,avalanche-2,avax,Avalanche,,6.459114,2788864339.870702,175576544.0893574
2026-07-21,avalanche-2,avax,Avalanche,,6.572774,2837939478.9018097,241554037.4635972
2026-07-22,avalanche-2,avax,Avalanche,,6.56416,2834220115.9975715,152859475.72812542
2026-07-23,avalanche-2,avax,Avalanche,,6.620291,2858456167.3138947,118313138.63861485
2026-07-24,avalanche-2,avax,Avalanche,,6.262487,2703966395.9575815,145018170.77937913
2026-07-25,avalanche-2,avax,Avalanche,,6.29925,2719839564.2630043,168430209.9728647
2026-07-26,avalanche-2,avax,Avalanche,,6.77206,2923985473.591554,253379515.45536512
2026-07-27,avalanche-2,avax,Avalanche,,6.735625,2908253955.308313,148808312.9735687
2026-07-28,avalanche-2,avax,Avalanche,,6.40156,2764014033.9207144,164776850.99244767
2026-07-29,avalanche-2,avax,Avalanche,,6.568806,2836226377.72841,150719865.37341163
2026-07-30,avalanche-2,avax,Avalanche,,6.42241,2773016595.4834895,176108360.1723302
2026-07-31,avalanche-2,avax,Avalanche,,6.430983,2776718162.8505206,120536373.64865841
2026-08-01,avalanche-2,avax,Avalanche,,6.378389,2754009708.7873693,142252707.71550643
2026-08-02,avalanche-2,avax,Avalanche,,6.186862,2671313347.7806587,138181493.72219697
2026-08-03,avalanche-2,avax,Avalanche,,6.54419,2825597909.9917483,235813722.31979957
2026-08-04,avalanche-2,avax,Avalanche,,6.566188,2835095761.225955,165563284.80260208
2026-08-05,avalanche-2,avax,Avalanche,,6.676991,2882937588.905974,286813868.08170164
2026-08-06,avalanche-2,avax,Avalanche,,6.655791,2873783831.4128146,170320168.67121485
2026-08-07,avalanche-2,avax,Avalanche,,6.432988,2777583841.2518272,196739710.35414264
2026-08-08,avalanche-2,avax,Avalanche,,6.430126,2776348003.2564945,139554756.36396292
2026-08-09,avalanche-2,avax,Avalanche,,6.476377,2796317950.609544,116658299.01113355
2026-08-10,avalanche-2,avax,Avalanche,,6.418173,2771187018.4107227,107523236.24857485
2026-08-11,avalanche-2,avax,Avalanche,,6.431043,2776744217.4249287,131407877.99565716
2026-08-12,avalanche-2,avax,Avalanche,,6.315464,2726840428.413232,162981090.12935683
2026-08-13,avalanche-2,avax,Avalanche,,6.313391,2725945248.3395014,185802474.8068115
2026-08-14,avalanche-2,avax,Avalanche,,6.449252,2784606117.867528,161564453.48508584
2026-08-15,avalanche-2,avax,Avalanche,,6.472015,2794434516.0924263,106659284.4039574
2026-08-16,avalanche-2,avax,Avalanche,,6.324406,2730701290.1539154,247695348.40432933
2026-08-17,avalanche-2,avax,Avalanche,,6.323979,2730516673.194765,132707801.90312566
2026-08-18,avalanche-2,avax,Avalanche,,6.344793,2739503931.961173,127470095.26539479
2026-08-19,avalanche-2,avax,Avalanche,,6.328546,2732488870.3507943,127289260.09359196
2026-08-20,avalanche-2,avax,Avalanche,,6.774493,2925036094.9095325,319642538.11661685
2026-08-21,avalanche-2,avax,Avalanche,,7.290677,3147909706.475148,386210758.32107025
2026-08-22,avalanche-2,avax,Avalanche,,7.836508,3383584391.016051,510165997.94518507
2026-08-23,avalanche-2,avax,Avalanche,,7.493331,3235410144.2996044,511392432.83411455
2026-08-24,avalanche-2,avax,Avalanche,,7.606611,3284321389.3870916,263850229.76793954
2026-08-25,avalanche-2,avax,Avalanche,,7.541446,3256184715.201235,288842778.2975536
2026-08-26,avalanche-2,avax,Avalanche,,7.325905,3163120240.9244285,237972039.25505954
2026-08-27,avalanche-2,avax,Avalanche,,7.440325,3212523876.4321012,172536930.0944354
2026-08-28,avalanche-2,avax,Avalanche,,7.528985,3250804671.8157353,216592299.23843512
2026-05-31,shiba-inu,shib,Shiba Inu,,5e-06,3237763749.210968,58043483.08285157
2026-06-01,shiba-inu,shib,Shiba Inu,,6e-06,3250239830.815437,58126096.10458709
2026-06-02,shiba-inu,shib,Shiba Inu,,6e-06,3253513298.097459,78487565.76931626
2026-06-03,shiba-inu,shib,Shiba Inu,,5e-06,3049904920.580628,86880787.93202363
2026-06-04,shiba-inu,shib,Shiba Inu,,5e-06,3062087277.436567,78481778.77167554
2026-06-05,shiba-inu,shib,Shiba Inu,,5e-06,2915904350.653624,105875615.3093825
2026-06-06,shiba-inu,shib,Shiba Inu,,5e-06,2683028471.695163,129249236.06544454
2026-06-07,shiba-inu,shib,Shiba Inu,,5e-06,2688884761.440309,69987681.45503812
2026-06-08,shiba-inu,shib,Shiba Inu,,5e-06,2778624031.9677553,65563975.4057649
2026-06-09,shiba-inu,shib,Shiba Inu,,5e-06,2777235281.563303,62847309.0677709
2026-06-10,shiba-inu,shib,Shiba Inu,,5e-06,2748959165.2640257,58907075.544423394
2026-06-11,shiba-inu,shib,Shiba Inu,,5e-06,2716398790.753136,63997501.484444074
2026-06-12,shiba-inu,shib,Shiba Inu,,5e-06,2833789496.3868394,59363557.14522497
2026-06-13,shiba-inu,shib,Shiba Inu,,5e-06,2854397589.187574,94123425.05126761
2026-06-14,shiba-inu,shib,Shiba Inu,,5e-06,2953734552.1261024,85060396.27794833
2026-06-15,shiba-inu,shib,Shiba Inu,,5e-06,2968330441.7422805,69949338.85183175
2026-06-16,shiba-inu,shib,Shiba Inu,,5e-06,2977852517.813581,123275826.1425852
2026-06-17,shiba-inu,shib,Shiba Inu,,5e-06,2932102139.939938,61906275.49002748
2026-06-18,shiba-inu,shib,Shiba Inu,,5e-06,2916628054.4609265,63199464.39334594
2026-06-19,shiba-inu,shib,Shiba Inu,,5e-06,2804799745.969565,58971158.53986161
2026-06-20,shiba-inu,shib,Shiba Inu,,5e-06,2799461488.893025,43140329.92160933
2026-06-21,shiba-inu,shib,Shiba Inu,,5e-06,2792652855.6929965,46408634.962054215
2026-06-22,shiba-inu,shib,Shiba Inu,,5e-06,2735249072.9320064,37364112.22697099
2026-06-23,shiba-inu,shib,Shiba Inu,,5e-06,2732641742.1208754,51173190.65143077
2026-06-24,shiba-inu,shib,Shiba Inu,,5e-06,2689207652.9300942,58073527.002648
2026-06-25,shiba-inu,shib,Shiba Inu,,4e-06,2579155783.7478375,76319341.87158445
2026-06-26,shiba-inu,shib,Shiba Inu,,4e-06,2498729217.783816,78853349.69700737
2026-06-27,shiba-inu,shib,Shiba Inu,,4e-06,2497009342.719741,70515557.11269042
2026-06-28,shiba-inu,shib,Shiba Inu,,4e-06,2479858554.670727,53154399.704672724
2026-06-29,shiba-inu,shib,Shiba Inu,,4e-06,2456704660.661805,48646025.49286268
2026-06-30,shiba-inu,shib,Shiba Inu,,4e-06,2507032887.1346436,65862792.435725056
2026-07-01,shiba-inu,shib,Shiba Inu,,4e-06,2470460036.08248,59287132.82526769
2026-07-02,shiba-inu,shib,Shiba Inu,,4e-06,2519587484.2749076,69663973.70532139
2026-07-03,shiba-inu,shib,Shiba Inu,,4e-06,2527678648.832944,64071625.99780651
2026-07-04,shiba-inu,shib,Shiba Inu,,4e-06,2617704110.3437514,67599008.06077178
2026-07-05,shiba-inu,shib,Shiba Inu,,4e-06,2623376232.3419356,63234390.64434754
2026-07-06,shiba-inu,shib,Shiba Inu,,4e-06,2600687700.8749433,60132367.120563515
2026-07-07,shiba-inu,shib,Shiba Inu,,4e-06,2588677209.298757,68493604.72167599
2026-07-08,shiba-inu,shib,Shiba Inu,,4e-06,2579131475.5192685,62936816.439236045
2026-07-09,shiba-inu,shib,Shiba Inu,,4e-06,2525911815.84164,71189577.70325942
2026-07-10,shiba-inu,shib,Shiba Inu,,4e-06,2523538579.757049,49343686.27093247
2026-07-11,shiba-inu,shib,Shiba Inu,,4e-06,2587535805.9555836,49132382.27091032
2026-07-12,shiba-inu,shib,Shiba Inu,,4e-06,2535303246.226849,41967035.72582992
2026-07-13,shiba-inu,shib,Shiba Inu,,4e-06,2493087121.498086,40716037.06513181
2026-07-14,shiba-inu,shib,Shiba Inu,,4e-06,2446857896.265864,56381327.24079597
2026-07-15,shiba-inu,shib,Shiba Inu,,4e-06,2487308927.562814,53496452.06744096
2026-07-16,shiba-inu,shib,Shiba Inu,,4e-06,2494882429.216919,49610410.68517853
2026-07-17,shiba-inu,shib,Shiba Inu,,4e-06,2424562818.0162854,45507380.712095276
2026-07-18,shiba-inu,shib,Shiba Inu,,4e-06,2441954543.873236,53883260.23991911
2026-07-19,shiba-inu,shib,Shiba Inu,,4e-06,2441633468.951906,42401261.727525204
2026-07-20,shiba-inu,shib,Shiba Inu,,4e-06,2442154781.039613,38219829.79604124
2026-07-21,shiba-inu,shib,Shiba Inu,,4e-06,2499321103.489687,59651104.2356528
2026-07-22,shiba-inu,shib,Shiba Inu,,4e-06,2511917904.9776096,46233691.20041442
2026-07-23,shiba-inu,shib,Shiba Inu,,4e-06,2504991142.7592726,43617233.839008465
2026-07-24,shiba-inu,shib,Shiba Inu,,4e-06,2436843184.031375,52171859.25767923
2026-07-25,shiba-inu,shib,Shiba Inu,,4e-06,2464124760.8178587,53080890.96409901
2026-07-26,shiba-inu,shib,Shiba Inu,,5e-06,2885328524.917723,297081920.34156734
2026-07-27,shiba-inu,shib,Shiba Inu,,5e-06,3129866168.6370015,526534973.97988814
2026-07-28,shiba-inu,shib,Shiba Inu,,5e-06,2846947996.5775504,214911568.17378113
2026-07-29,shiba-inu,shib,Shiba Inu,,5e-06,2728732549.4821043,129260551.90177126
2026-07-30,shiba-inu,shib,Shiba Inu,,5e-06,2733361460.716305,147172768.26247764
2026-07-31,shiba-inu,shib,Shiba Inu,,5e-06,2779374869.082312,81863952.81543496
2026-08-01,shiba-inu,shib,Shiba Inu,,5e-06,2773988506.9840055,109905277.88137168
2026-08-02,shiba-inu,shib,Shiba Inu,,5e-06,2836791175.883762,180645291.99933445
2026-08-03,shiba-inu,shib,Shiba Inu,,5e-06,2889009597.031017,99719827.43038337
2026-08-04,shiba-inu,shib,Shiba Inu,,5e-06,2934524232.009251,91549420.04862686
2026-08-05,shiba-inu,shib,Shiba Inu,,5e-06,2932862365.321051,80874905.63001613
2026-08-06,shiba-inu,shib,Shiba Inu,,5e-06,2895117181.7319055,64058520.06896705
2026-08-07,shiba-inu,shib,Shiba Inu,,5e-06,2757969345.1728954,81647777.8302922
2026-08-08,shiba-inu,shib,Shiba Inu,,5e-06,2725024435.792385,67926013.09906374
2026-08-09,shiba-inu,shib,Shiba Inu,,5e-06,2723182777.8508487,50163758.50052618
2026-08-10,shiba-inu,shib,Shiba Inu,,5e-06,2718322364.203816,50817536.91086676
2026-08-11,shiba-inu,shib,Shiba Inu,,5e-06,2657160708.3310623,65787927.40999322
2026-08-12,shiba-inu,shib,Shiba Inu,,4e-06,2645134297.951299,58747181.97456349
2026-08-13,shiba-inu,shib,Shiba Inu,,4e-06,2586817103.7704935,57004558.39075918
2026-08-14,shiba-inu,shib,Shiba Inu,,4e-06,2621782715.203489,52457039.05167832
2026-08-15,shiba-inu,shib,Shiba Inu,,5e-06,2722085133.7939467,84923973.39840515
2026-08-16,shiba-inu,shib,Shiba Inu,,5e-06,2652518376.453948,45592125.8413614
2026-08-17,shiba-inu,shib,Shiba Inu,,4e-06,2611209284.306056,43060580.89378656
2026-08-18,shiba-inu,shib,Shiba Inu,,4e-06,2633966110.215636,51891979.709926
2026-08-19,shiba-inu,shib,Shiba Inu,,4e-06,2599668037.425636,52220838.83914572
2026-08-20,shiba-inu,shib,Shiba Inu,,5e-06,2790402681.772573,87306611.25545496
2026-08-21,shiba-inu,shib,Shiba Inu,,5e-06,2907350332.567713,122019099.57581411
2026-08-22,shiba-inu,shib,Shiba Inu,,6e-06,3478579141.440934,266152027.7419488
2026-08-23,shiba-inu,shib,Shiba Inu,,5e-06,3212300180.82075,217669935.8588273
2026-08-24,shiba-inu,shib,Shiba Inu,,6e-06,3267297069.98991,105871883.69629043
2026-08-25,shiba-inu,shib,Shiba Inu,,5e-06,3221792212.983764,124482837.82733226
2026-08-26,shiba-inu,shib,Shiba Inu,,5e-06,3103880430.1165967,129880962.38559906
2026-08-27,shiba-inu,shib,Shiba Inu,,5e-06,3161735007.7803187,80709639.54513063
2026-08-28,shiba-inu,shib,Shiba Inu,,5e-06,3196574665.7110815,86083556.10781004
2026-05-31,sui,sui,Sui,,0.909192,3641696096.0061493,7200944.772067977
2026-06-01,sui,sui,Sui,,0.894594,3583222972.05956,125758187.57958072
2026-06-02,sui,sui,Sui,,0.87838,3539164923.929445,81278258.70477037
2026-06-03,sui,sui,Sui,,0.806934,3251297490.2210336,32630657.94406906
2026-06-04,sui,sui,Sui,,0.824481,3321996154.7961273,78413512.20228681
2026-06-05,sui,sui,Sui,,0.766326,3087678913.5202875,131605308.77091761
2026-06-06,sui,sui,Sui,,0.702847,2831910828.3665314,364379226.9704606
2026-06-07,sui,sui,Sui,,0.7176,2891350645.6465554,89515631.50734788
2026-06-08,sui,sui,Sui,,0.757204,3050922411.166084,84156141.29610439
2026-06-09,sui,sui,Sui,,0.75493,3041763286.380481,185345064.58123952
2026-06-10,sui,sui,Sui,,0.748999,3017862950.146885,56847806.693466514
2026-06-11,sui,sui,Sui,,0.726591,2927579336.3101635,122790951.6019335
2026-06-12,sui,sui,Sui,,0.754007,3038043494.1954265,212717451.75038934
2026-06-13,sui,sui,Sui,,0.750729,3024834147.940185,88777758.13658267
2026-06-14,sui,sui,Sui,,0.767683,3093145456.863753,35389897.79375995
2026-06-15,sui,sui,Sui,,0.802694,3234211936.545198,64032555.34831895
2026-06-16,sui,sui,Sui,,0.792949,3194947572.798717,218196601.67570603
2026-06-17,sui,sui,Sui,,0.79588,3206758841.0286894,102394687.35708827
2026-06-18,sui,sui,Sui,,0.76678,3089508349.3653145,122011594.79295237
2026-06-19,sui,sui,Sui,,0.728938,2937033298.7603154,163530222.0852542
2026-06-20,sui,sui,Sui,,0.71616,2885550976.904212,171964063.5081917
2026-06-21,sui,sui,Sui,,0.713426,2874532056.024109,226485949.0050904
2026-06-22,sui,sui,Sui,,0.692933,2791964127.057369,160680558.82631516
2026-06-23,sui,sui,Sui,,0.718594,2895355828.551929,232491443.13989478
2026-06-24,sui,sui,Sui,,0.703553,2834754405.20038,97309969.32016294
2026-06-25,sui,sui,Sui,,0.684786,2759138287.666002,227965307.04936847
2026-06-26,sui,sui,Sui,,0.683226,2752851150.8083363,285779643.4736487
2026-06-27,sui,sui,Sui,,0.697221,2809242055.551475,167828924.68903285
2026-06-28,sui,sui,Sui,,0.683579,2754273163.358154,172445795.6946204
2026-06-29,sui,sui,Sui,,0.68029,2741022222.4712524,117765165.76877895
2026-06-30,sui,sui,Sui,,0.701036,2824611340.9383445,191412967.6740754
2026-07-01,sui,sui,Sui,,0.689709,2778973456.228013,143827290.88794008
2026-07-02,sui,sui,Sui,,0.714723,2896295290.5666,202662510.8286887
2026-07-03,sui,sui,Sui,,0.734427,2976143811.867383,228085981.88518864
2026-07-04,sui,sui,Sui,,0.769173,3116944709.5064774,94300461.39280121
2026-07-05,sui,sui,Sui,,0.761217,3084706825.3452373,62304151.71532361
2026-07-06,sui,sui,Sui,,0.756154,3064189884.7037334,71722990.23445775
2026-07-07,sui,sui,Sui,,0.749315,3036473463.59959,116319639.6416534
2026-07-08,sui,sui,Sui,,0.728002,2950108285.608497,129076016.28745553
2026-07-09,sui,sui,Sui,,0.71056,2879426603.5187407,25916032.65462424
2026-07-10,sui,sui,Sui,,0.716733,2904443526.8627996,30685452.428215936
2026-07-11,sui,sui,Sui,,0.73838,2992162151.1728535,55936532.597642116
2026-07-12,sui,sui,Sui,,0.728579,2952446181.192194,110866709.0958588
2026-07-13,sui,sui,Sui,,0.735703,2981315401.5949464,23161536.58344689
2026-07-14,sui,sui,Sui,,0.721323,2923043741.807578,32472297.103758972
2026-07-15,sui,sui,Sui,,0.761897,3087461038.6310296,121731794.83119087
2026-07-16,sui,sui,Sui,,0.754758,3058529898.287298,57460530.172708854
2026-07-17,sui,sui,Sui,,0.738456,2992468997.4385,70459188.08587952
2026-07-18,sui,sui,Sui,,0.739649,2997305608.7982497,170356576.50546268
2026-07-19,sui,sui,Sui,,0.742895,3010459262.0582275,29023237.276000496
2026-07-20,sui,sui,Sui,,0.749103,3035614445.826245,43525047.20263004
2026-07-21,sui,sui,Sui,,0.764079,3096302282.807026,126009436.43243913
2026-07-22,sui,sui,Sui,,0.771257,3125392103.427312,44906425.925517835
2026-07-23,sui,sui,Sui,,0.764398,3097594665.982695,152372409.50057024
2026-07-24,sui,sui,Sui,,0.744025,3015039176.20096,45606642.87165956
2026-07-25,sui,sui,Sui,,0.710382,2878704915.263812,207288998.96556708
2026-07-26,sui,sui,Sui,,0.710737,2880143879.925222,114589319.41107363
2026-07-27,sui,sui,Sui,,0.722871,2929313717.2670135,130331746.0014722
2026-07-28,sui,sui,Sui,,0.680384,2757142843.926766,210504707.75121313
2026-07-29,sui,sui,Sui,,0.692051,2804421397.5061536,177617981.9222361
2026-07-30,sui,sui,Sui,,0.68555,2778076186.3082805,149039944.64229912
2026-07-31,sui,sui,Sui,,0.691791,2803369910.355453,136118632.78080893
2026-08-01,sui,sui,Sui,,0.681271,2760736270.168093,142435647.97952488
2026-08-02,sui,sui,Sui,,0.675494,2752322380.6121106,102391594.25573443
2026-08-03,sui,sui,Sui,,0.689032,2807480395.118168,120383225.49098937
2026-08-04,sui,sui,Sui,,0.690491,2813425668.9912124,115603522.61839117
2026-08-05,sui,sui,Sui,,0.692632,2822148704.0203543,104836679.70949888
2026-08-06,sui,sui,Sui,,0.689662,2810048275.883869,134191063.62711406
2026-08-07,sui,sui,Sui,,0.671777,2737176255.7183604,159960455.1954337
2026-08-08,sui,sui,Sui,,0.671791,2737231556.196892,168582826.26511824
2026-08-09,sui,sui,Sui,,0.691792,2818728012.5475655,176255785.64506498
2026-08-10,sui,sui,Sui,,0.686049,2795327106.2329264,132159789.91597766
2026-08-11,sui,sui,Sui,,0.683845,2786348471.2706933,159732192.73611948
2026-08-12,sui,sui,Sui,,0.692428,2821318756.5817213,152458870.60699674
2026-08-13,sui,sui,Sui,,0.680903,2774358175.4031262,145792574.39573765
2026-08-14,sui,sui,Sui,,0.688835,2806680558.9827757,124856202.88891026
2026-08-15,sui,sui,Sui,,0.682114,2779292499.962995,134633979.5607654
2026-08-16,sui,sui,Sui,,0.676892,2758015995.0094023,85159087.31037192
2026-08-17,sui,sui,Sui,,0.670605,2732401244.730576,73988085.1666469
2026-08-18,sui,sui,Sui,,0.674626,2748782103.4099197,108073100.88877359
2026-08-19,sui,sui,Sui,,0.651431,2654275856.122153,265225145.74524504
2026-08-20,sui,sui,Sui,,0.705642,2875160307.1031275,361319556.7685901
2026-08-21,sui,sui,Sui,,0.733498,2988661112.693032,459728851.5200777
2026-08-22,sui,sui,Sui,,0.843763,3437937357.8222594,998518053.2219585
2026-08-23,sui,sui,Sui,,0.815132,3321280552.6492724,1126724809.171339
2026-08-24,sui,sui,Sui,,0.849916,3463008861.398695,766231145.5824826
2026-08-25,sui,sui,Sui,,0.79902,3255631297.808432,710655383.5187676
2026-08-26,sui,sui,Sui,,0.757226,3085341309.4602747,630473135.8874005
2026-08-27,sui,sui,Sui,,0.767371,3126676063.572159,442035409.8868386
2026-08-28,sui,sui,Sui,,0.779805,3177340087.4257984,579881575.0287681
2026-05-31,hashnote-usyc,usyc,Circle USYC,,1.125989,2972120834.0986667,4896.9280444208625
2026-06-01,hashnote-usyc,usyc,Circle USYC,,1.124839,2969083654.0133476,224967.75918152469
2026-06-02,hashnote-usyc,usyc,Circle USYC,,1.125577,2971040111.4718537,225115.3759151714
2026-06-03,hashnote-usyc,usyc,Circle USYC,,1.12492,2969193682.8284597,1124920.4688527116
2026-06-04,hashnote-usyc,usyc,Circle USYC,,1.125107,2923773298.0476937,1125106.704100347
2026-06-21,hashnote-usyc,usyc,Circle USYC,,1.126353,3067158855.971775,89099.02282414037
2026-06-24,hashnote-usyc,usyc,Circle USYC,,1.126907,3126713275.7646027,225381.3495984955
2026-06-25,hashnote-usyc,usyc,Circle USYC,,1.12695,3126706199.8843894,450779.9194556683
2026-06-26,hashnote-usyc,usyc,Circle USYC,,1.126969,3126758107.909215,563484.2538502617
2026-06-27,hashnote-usyc,usyc,Circle USYC,,1.126696,3104475919.9068627,5633.480163172498
2026-06-29,hashnote-usyc,usyc,Circle USYC,,1.126954,3105187501.5021873,563477.1421634525
2026-06-30,hashnote-usyc,usyc,Circle USYC,,1.127375,3102322539.8847327,1014738.5513269452
2026-07-01,hashnote-usyc,usyc,Circle USYC,,1.127166,3101836536.3386426,112716.56110248556
2026-07-02,hashnote-usyc,usyc,Circle USYC,,1.129381,3107962945.597435,451718.54645885114
2026-07-03,hashnote-usyc,usyc,Circle USYC,,1.129019,3106153580.656623,129837.13893491108
2026-07-04,hashnote-usyc,usyc,Circle USYC,,1.129333,3107017545.5180373,225866.52633680284
2026-07-06,hashnote-usyc,usyc,Circle USYC,,1.129248,3106783988.2489033,56462.38693734025
2026-07-07,hashnote-usyc,usyc,Circle USYC,,1.129705,3105194367.968648,225940.972728684
2026-07-08,hashnote-usyc,usyc,Circle USYC,,1.130013,3107983351.8840766,226002.67218028614
2026-07-09,hashnote-usyc,usyc,Circle USYC,,1.128123,3102813828.690045,225624.5924991919
2026-07-10,hashnote-usyc,usyc,Circle USYC,,1.13022,3108612557.3820376,226044.0853801603
2026-07-11,hashnote-usyc,usyc,Circle USYC,,1.130273,3070749506.535551,1018.3763482268258
2026-07-14,hashnote-usyc,usyc,Circle USYC,,1.130385,3013891192.1509533,105.12576867144516
2026-07-17,hashnote-usyc,usyc,Circle USYC,,1.130885,3004032572.490844,24984.648254225416
2026-07-19,hashnote-usyc,usyc,Circle USYC,,1.130453,2957723684.771348,49950.201279238005
2026-07-20,hashnote-usyc,usyc,Circle USYC,,1.13015,2956929970.614226,149870.2889087913
2026-07-21,hashnote-usyc,usyc,Circle USYC,,1.12952,2955311823.96306,1207.4572220614882
2026-07-29,hashnote-usyc,usyc,Circle USYC,,1.131958,3005652491.935344,226391.66150230178
2026-07-30,hashnote-usyc,usyc,Circle USYC,,1.131653,3004871188.271051,452661.269799631
2026-07-31,hashnote-usyc,usyc,Circle USYC,,1.13065,3001236779.914666,565325.159366983
2026-08-01,hashnote-usyc,usyc,Circle USYC,,1.132078,3005555010.574308,341541.1068449497
2026-08-04,hashnote-usyc,usyc,Circle USYC,,1.130668,3001713344.996165,79.1467812272671
2026-08-05,hashnote-usyc,usyc,Circle USYC,,1.13114,3003054416.5919204,22.622809760653414
2026-08-09,hashnote-usyc,usyc,Circle USYC,,1.133445,3006068457.786117,1.1334453001522409
2026-08-10,hashnote-usyc,usyc,Circle USYC,,1.133361,3005843886.558798,7933.52437523788
2026-08-18,hashnote-usyc,usyc,Circle USYC,,1.134452,2997736114.5516863,0
2026-08-19,hashnote-usyc,usyc,Circle USYC,,1.134554,2982978660.807779,0
2026-08-20,hashnote-usyc,usyc,Circle USYC,,1.134652,2983265486.1967683,0
2026-08-21,hashnote-usyc,usyc,Circle USYC,,1.134751,2924774343.32223,0
2026-08-22,hashnote-usyc,usyc,Circle USYC,,1.135068,2924943519.3246,0
2026-08-23,hashnote-usyc,usyc,Circle USYC,,1.135068,2924943519.3246,0
2026-08-24,hashnote-usyc,usyc,Circle USYC,,1.135068,2924943519.3246,0
2026-08-25,hashnote-usyc,usyc,Circle USYC,,1.135147,2925176428.9962373,0
2026-08-26,hashnote-usyc,usyc,Circle USYC,,1.135246,2925516356.474595,0
2026-08-27,hashnote-usyc,usyc,Circle USYC,,1.135346,2891742323.343006,0
2026-08-28,hashnote-usyc,usyc,Circle USYC,,1.135444,2884017927.6574583,0
2026-05-31,uniswap,uni,Uniswap,,3.054861,1941393674.4517467,108582283.96956602
2026-06-01,uniswap,uni,Uniswap,,3.021206,1920005285.5606892,102825896.01444891
2026-06-02,uniswap,uni,Uniswap,,2.979921,1856388138.1408045,146299728.74547786
2026-06-03,uniswap,uni,Uniswap,,2.797365,1742634252.8564768,170710144.98960167
2026-06-04,uniswap,uni,Uniswap,,2.798396,1743091744.8582003,164780318.22035778
2026-06-05,uniswap,uni,Uniswap,,2.651981,1651620803.141078,188567576.21963432
2026-06-06,uniswap,uni,Uniswap,,2.460406,1532143169.4223642,229862012.44312924
2026-06-07,uniswap,uni,Uniswap,,2.464226,1534413113.4527478,112710862.20073827
2026-06-08,uniswap,uni,Uniswap,,2.568665,1599393655.975186,147090660.08834285
2026-06-09,uniswap,uni,Uniswap,,2.514604,1565682129.123521,158211449.36389405
2026-06-10,uniswap,uni,Uniswap,,2.477762,1542222140.6194859,113746614.76070276
2026-06-11,uniswap,uni,Uniswap,,2.394965,1490543895.591126,123248123.20051499
2026-06-12,uniswap,uni,Uniswap,,2.495412,1553028265.872321,166828064.94073188
2026-06-13,uniswap,uni,Uniswap,,2.498795,1554524346.5687907,110917012.70375025
2026-06-14,uniswap,uni,Uniswap,,2.556255,1590204395.5538504,94798790.25803505
2026-06-15,uniswap,uni,Uniswap,,2.590451,1611455951.5759315,87863712.50760534
2026-06-16,uniswap,uni,Uniswap,,2.843883,1769030408.264518,196497108.94416758
2026-06-17,uniswap,uni,Uniswap,,3.289426,2045271651.5201387,665813091.9308461
2026-06-18,uniswap,uni,Uniswap,,3.223939,2004373244.6122046,810155363.0045869
2026-06-19,uniswap,uni,Uniswap,,3.207202,1993890627.0458996,427910066.49089533
2026-06-20,uniswap,uni,Uniswap,,3.081548,1915722843.6559927,239989768.41820478
2026-06-21,uniswap,uni,Uniswap,,3.003225,1866995827.18224,176078164.75208887
2026-06-22,uniswap,uni,Uniswap,,2.982757,1854247728.812585,162262386.70348677
2026-06-23,uniswap,uni,Uniswap,,2.979178,1851974791.7469966,177409381.0465397
2026-06-24,uniswap,uni,Uniswap,,2.921045,1815778597.2467468,186151284.11697572
2026-06-25,uniswap,uni,Uniswap,,2.91878,1814359222.8797235,187042425.1276921
2026-06-26,uniswap,uni,Uniswap,,2.882906,1791967131.5959928,200831482.70148256
2026-06-27,uniswap,uni,Uniswap,,2.959487,2644853619.5329394,189753728.09367645
2026-06-28,uniswap,uni,Uniswap,,2.920373,1814373849.9380174,130797581.76970407
2026-06-29,uniswap,uni,Uniswap,,2.920923,1814674472.4038396,126632802.08714254
2026-06-30,uniswap,uni,Uniswap,,2.8879,1794065927.718222,174951966.19767326
2026-07-01,uniswap,uni,Uniswap,,2.776359,1724706440.0434527,159767293.5081684
2026-07-02,uniswap,uni,Uniswap,,2.78638,1730853291.439986,186053121.42850286
2026-07-03,uniswap,uni,Uniswap,,3.17583,1972658867.4177356,331853501.09979165
2026-07-04,uniswap,uni,Uniswap,,3.207595,1992210367.887115,178975660.56809524
2026-07-05,uniswap,uni,Uniswap,,3.215172,1996877474.9133983,110190639.13795896
2026-07-06,uniswap,uni,Uniswap,,3.172425,1970302709.7520409,111285272.75670114
2026-07-07,uniswap,uni,Uniswap,,3.178863,1974237827.8645074,150674208.8867976
2026-07-08,uniswap,uni,Uniswap,,3.192929,1982909477.82898,150900601.54116586
2026-07-09,uniswap,uni,Uniswap,,3.276429,2034687481.8623593,321700216.12852925
2026-07-10,uniswap,uni,Uniswap,,3.391594,2106164833.5183258,187638071.28059137
2026-07-11,uniswap,uni,Uniswap,,3.520686,2186316521.798453,207315854.06220672
2026-07-12,uniswap,uni,Uniswap,,3.656744,2270748446.8296742,193275169.3789867
2026-07-13,uniswap,uni,Uniswap,,3.591588,2230259859.9029675,130990606.56506814
2026-07-14,uniswap,uni,Uniswap,,3.552267,2205799890.1749225,185874371.23290247
2026-07-15,uniswap,uni,Uniswap,,3.662964,2291556145.7086124,183596877.67511278
2026-07-16,uniswap,uni,Uniswap,,3.616662,2262531367.7349358,162381845.1295155
2026-07-17,uniswap,uni,Uniswap,,3.538167,2213327313.549951,177090635.1370051
2026-07-18,uniswap,uni,Uniswap,,3.639417,2276555689.7818747,161427178.71250302
2026-07-19,uniswap,uni,Uniswap,,3.567337,2231432000.5416784,115329399.23615482
2026-07-20,uniswap,uni,Uniswap,,3.513507,2197233210.528381,90105071.16061902
2026-07-21,uniswap,uni,Uniswap,,3.629449,2269652829.996353,167643308.50581396
2026-07-22,uniswap,uni,Uniswap,,3.716213,2323910129.576489,151881178.7437182
2026-07-23,uniswap,uni,Uniswap,,3.780837,2364049572.6173306,164038511.01949304
2026-07-24,uniswap,uni,Uniswap,,3.752798,2346375112.815298,142437758.61823443
2026-07-25,uniswap,uni,Uniswap,,3.780658,2363650410.3101315,156163980.5976013
2026-07-26,uniswap,uni,Uniswap,,3.666911,2292484939.3470364,126794699.57654442
2026-07-27,uniswap,uni,Uniswap,,3.88775,2430417554.823351,178480846.3933513
2026-07-28,uniswap,uni,Uniswap,,3.703903,2315411651.3748655,165083664.93409267
2026-07-29,uniswap,uni,Uniswap,,3.890631,2431945969.462541,223324241.63732982
2026-07-30,uniswap,uni,Uniswap,,3.987062,2492111562.8301816,300386144.2449125
2026-07-31,uniswap,uni,Uniswap,,4.429369,2767932270.778505,353654677.3066948
2026-08-01,uniswap,uni,Uniswap,,4.347179,2716553923.550289,375484495.78412646
2026-08-02,uniswap,uni,Uniswap,,4.082265,2550837409.016637,208394428.79660568
2026-08-03,uniswap,uni,Uniswap,,4.165714,2602948443.3815207,195175709.2336553
2026-08-04,uniswap,uni,Uniswap,,3.904747,2439742099.189848,226355390.79112384
2026-08-05,uniswap,uni,Uniswap,,3.8513,2406332461.2060122,199220115.18477267
2026-08-06,uniswap,uni,Uniswap,,4.04225,2525373187.636534,252976277.2568953
2026-08-07,uniswap,uni,Uniswap,,4.012757,2506827174.60371,214055328.6621532
2026-08-08,uniswap,uni,Uniswap,,3.978438,2485244343.799575,162499247.00223842
2026-08-09,uniswap,uni,Uniswap,,4.003785,2500117290.757183,109314482.74512634
2026-08-10,uniswap,uni,Uniswap,,3.986348,2489093450.5304904,125084195.44356462
2026-08-11,uniswap,uni,Uniswap,,3.941776,2461057134.827107,124172545.0236948
2026-08-12,uniswap,uni,Uniswap,,3.747424,2339578585.329439,176454832.76356956
2026-08-13,uniswap,uni,Uniswap,,3.571364,2229411451.5466685,294281644.3721104
2026-08-14,uniswap,uni,Uniswap,,3.475002,2168854682.596978,145098148.89134565
2026-08-15,uniswap,uni,Uniswap,,3.197142,1995260737.4388955,268575908.7452678
2026-08-16,uniswap,uni,Uniswap,,3.236686,2019939502.0986817,141401802.52334604
2026-08-17,uniswap,uni,Uniswap,,3.271748,2041526236.476762,123253609.0489307
2026-08-18,uniswap,uni,Uniswap,,3.284639,2049373073.8692658,133301142.36488558
2026-08-19,uniswap,uni,Uniswap,,3.292022,2053775262.2956247,124059981.70064944
2026-08-20,uniswap,uni,Uniswap,,3.633166,2266341416.5959787,295608009.7636033
2026-08-21,uniswap,uni,Uniswap,,3.761374,2345910589.442575,295462606.77298814
2026-08-22,uniswap,uni,Uniswap,,4.136905,2579717900.865899,416508163.3571609
2026-08-23,uniswap,uni,Uniswap,,4.30458,2683899072.5647435,667939140.8327434
2026-08-24,uniswap,uni,Uniswap,,4.521477,2818826082.2977448,577775685.2647697
2026-08-25,uniswap,uni,Uniswap,,4.329036,2698532680.101147,443940334.8340568
2026-08-26,uniswap,uni,Uniswap,,4.269456,2661042470.231189,308608464.3451469
2026-08-27,uniswap,uni,Uniswap,,4.379796,2729596048.077179,245636870.6097871
2026-08-28,uniswap,uni,Uniswap,,4.684914,2919696299.3993573,359402583.62682486
2026-05-31,crypto-com-chain,cro,Cronos,,0.067839,3039705289.832964,12541970.816886224
2026-06-01,crypto-com-chain,cro,Cronos,,0.067387,3019629152.897314,11179984.485291261
2026-06-02,crypto-com-chain,cro,Cronos,,0.06557,2938402477.9526362,10063498.856315715
2026-06-03,crypto-com-chain,cro,Cronos,,0.062424,2797572533.0133843,11599467.167300873
2026-06-04,crypto-com-chain,cro,Cronos,,0.061637,2762476495.1843166,10527536.91483008
2026-06-05,crypto-com-chain,cro,Cronos,,0.060935,2731150740.0162582,16834130.808750607
2026-06-06,crypto-com-chain,cro,Cronos,,0.057696,2586117574.639745,13916136.017788462
2026-06-07,crypto-com-chain,cro,Cronos,,0.058248,2611045888.1848674,14056354.254372869
2026-06-08,crypto-com-chain,cro,Cronos,,0.060629,2717903132.893564,8709110.739689613
2026-06-09,crypto-com-chain,cro,Cronos,,0.062121,2784955143.422192,10279617.672509462
2026-06-10,crypto-com-chain,cro,Cronos,,0.059684,2675844890.3130364,9234511.4598392
2026-06-11,crypto-com-chain,cro,Cronos,,0.059354,2661215473.635138,8303203.210451682
2026-06-12,crypto-com-chain,cro,Cronos,,0.060702,2721807215.589596,8847823.436620371
2026-06-13,crypto-com-chain,cro,Cronos,,0.05935,2661348132.1142435,8544068.935152445
2026-06-14,crypto-com-chain,cro,Cronos,,0.060138,2696807706.3103065,8687113.702181738
2026-06-15,crypto-com-chain,cro,Cronos,,0.062449,2800621618.7934337,10828257.675849354
2026-06-16,crypto-com-chain,cro,Cronos,,0.062552,2805363485.659215,10492224.89235051
2026-06-17,crypto-com-chain,cro,Cronos,,0.060199,2700018721.6778297,10502550.65525705
2026-06-18,crypto-com-chain,cro,Cronos,,0.059171,2723086171.134033,8977129.216414034
2026-06-19,crypto-com-chain,cro,Cronos,,0.058879,2709803421.2219925,9370583.200199917
2026-06-20,crypto-com-chain,cro,Cronos,,0.058552,2694888220.2343464,7876187.887554565
2026-06-21,crypto-com-chain,cro,Cronos,,0.058884,2710320676.9466147,7410146.800428249
2026-06-22,crypto-com-chain,cro,Cronos,,0.058432,2689632035.287785,7181692.716512163
2026-06-23,crypto-com-chain,cro,Cronos,,0.058252,2681533441.624501,8204993.58831567
2026-06-24,crypto-com-chain,cro,Cronos,,0.056524,2602092191.1470346,9173624.80829481
2026-06-25,crypto-com-chain,cro,Cronos,,0.056636,2607406585.2370343,9931731.240057604
2026-06-26,crypto-com-chain,cro,Cronos,,0.054692,2518059717.9809837,9793155.818658419
2026-06-27,crypto-com-chain,cro,Cronos,,0.054843,2525126401.0518184,9663186.264194138
2026-06-28,crypto-com-chain,cro,Cronos,,0.054647,2516216442.6428304,7116729.400841975
2026-06-29,crypto-com-chain,cro,Cronos,,0.054167,2494283529.9866433,7418561.867401112
2026-06-30,crypto-com-chain,cro,Cronos,,0.054563,2512628665.296085,8128956.061492366
2026-07-01,crypto-com-chain,cro,Cronos,,0.053761,2475838718.9957075,8424458.221575977
2026-07-02,crypto-com-chain,cro,Cronos,,0.055733,2566780526.674421,8865292.846743545
2026-07-03,crypto-com-chain,cro,Cronos,,0.056225,2589600100.4361186,8552793.059084719
2026-07-04,crypto-com-chain,cro,Cronos,,0.06076,2798576301.1632047,10005526.634230921
2026-07-05,crypto-com-chain,cro,Cronos,,0.060602,2791484054.062152,9274507.423780369
2026-07-06,crypto-com-chain,cro,Cronos,,0.060426,2783508665.1550384,7148090.426051828
2026-07-07,crypto-com-chain,cro,Cronos,,0.059123,2723610955.6651354,8071530.698679204
2026-07-08,crypto-com-chain,cro,Cronos,,0.057031,2627390034.344148,7303231.182653565
2026-07-09,crypto-com-chain,cro,Cronos,,0.056479,2602099831.849571,7229515.949516801
2026-07-10,crypto-com-chain,cro,Cronos,,0.056168,2587898986.8212953,7155080.955099832
2026-07-11,crypto-com-chain,cro,Cronos,,0.055719,2567352455.089148,7369893.285560254
2026-07-12,crypto-com-chain,cro,Cronos,,0.055799,2571170478.1239247,6457353.124021779
2026-07-13,crypto-com-chain,cro,Cronos,,0.055845,2573405631.779064,6229642.841867359
2026-07-14,crypto-com-chain,cro,Cronos,,0.054612,2516736643.1105075,6877297.559013422
2026-07-15,crypto-com-chain,cro,Cronos,,0.05579,2571154470.8111005,7152149.531471611
2026-07-16,crypto-com-chain,cro,Cronos,,0.055673,2565870441.788542,6563537.896576535
2026-07-17,crypto-com-chain,cro,Cronos,,0.061166,2819180717.154226,34625315.495565586
2026-07-18,crypto-com-chain,cro,Cronos,,0.061378,2900718869.0781302,20115123.571213316
2026-07-19,crypto-com-chain,cro,Cronos,,0.059453,2809865816.619607,12794346.186631111
2026-07-20,crypto-com-chain,cro,Cronos,,0.058397,2760068746.987975,7439438.978279759
2026-07-21,crypto-com-chain,cro,Cronos,,0.057305,2708590710.0037103,8042721.725733751
2026-07-22,crypto-com-chain,cro,Cronos,,0.058597,2769792496.343218,7371565.989740556
2026-07-23,crypto-com-chain,cro,Cronos,,0.057784,2731503695.3831043,6850922.1364023555
2026-07-24,crypto-com-chain,cro,Cronos,,0.057078,2698297842.420586,7365180.791327761
2026-07-25,crypto-com-chain,cro,Cronos,,0.056732,2682050568.4416046,8149254.340793592
2026-07-26,crypto-com-chain,cro,Cronos,,0.056504,2671381373.783966,6536432.642575135
2026-07-27,crypto-com-chain,cro,Cronos,,0.05708,2698782609.8026376,6312077.813461136
2026-07-28,crypto-com-chain,cro,Cronos,,0.055569,2627449634.573583,7918323.64942135
2026-07-29,crypto-com-chain,cro,Cronos,,0.055528,2625637441.3829474,8537439.519421428
2026-07-30,crypto-com-chain,cro,Cronos,,0.05464,2583786003.724748,3890392.983588073
2026-07-31,crypto-com-chain,cro,Cronos,,0.055206,2610642536.074156,3254554.007863595
2026-08-01,crypto-com-chain,cro,Cronos,,0.05429,2567484407.4557815,3249939.8752373396
2026-08-02,crypto-com-chain,cro,Cronos,,0.054201,2563372799.2968674,2838663.330450738
2026-08-03,crypto-com-chain,cro,Cronos,,0.054812,2592387429.023461,2967868.7310021175
2026-08-04,crypto-com-chain,cro,Cronos,,0.055176,2609764883.214839,3048764.4957857807
2026-08-05,crypto-com-chain,cro,Cronos,,0.054493,2577569605.1390405,4379379.529256104
2026-08-06,crypto-com-chain,cro,Cronos,,0.053977,2553273854.344202,3336157.996692985
2026-08-07,crypto-com-chain,cro,Cronos,,0.053364,2524377247.177012,4362473.52643715
2026-08-08,crypto-com-chain,cro,Cronos,,0.050396,2384092797.25547,9221020.748048
2026-08-09,crypto-com-chain,cro,Cronos,,0.04899,2317699204.8269563,19033475.17517269
2026-08-10,crypto-com-chain,cro,Cronos,,0.04792,2267189314.913476,5698106.50582699
2026-08-11,crypto-com-chain,cro,Cronos,,0.047082,2227628496.0934663,5517053.472771449
2026-08-12,crypto-com-chain,cro,Cronos,,0.046908,2219539017.5623145,5486200.752361602
2026-08-13,crypto-com-chain,cro,Cronos,,0.046744,2211856269.6021395,4873427.0029896675
2026-08-14,crypto-com-chain,cro,Cronos,,0.047007,2224402287.684527,3791972.9740387755
2026-08-15,crypto-com-chain,cro,Cronos,,0.048397,2290302869.7823935,9513929.112924814
2026-08-16,crypto-com-chain,cro,Cronos,,0.047713,2258010844.595307,3581423.870243373
2026-08-17,crypto-com-chain,cro,Cronos,,0.04725,2236216516.3454704,3302490.4747844134
2026-08-18,crypto-com-chain,cro,Cronos,,0.047035,2281020843.986049,3105065.7969933124
2026-08-19,crypto-com-chain,cro,Cronos,,0.046214,2241290668.844599,5405978.095843014
2026-08-20,crypto-com-chain,cro,Cronos,,0.048782,2365928389.0201077,6092240.557768663
2026-08-21,crypto-com-chain,cro,Cronos,,0.053279,2584166947.8049383,14998046.742628897
2026-08-22,crypto-com-chain,cro,Cronos,,0.057851,2806058115.48885,12846497.724617284
2026-08-23,crypto-com-chain,cro,Cronos,,0.057411,2784808251.2573385,24966221.4112164
2026-08-24,crypto-com-chain,cro,Cronos,,0.059746,2898228215.899321,8342500.498869059
2026-08-25,crypto-com-chain,cro,Cronos,,0.060064,2913789310.4872413,14331391.406226847
2026-08-26,crypto-com-chain,cro,Cronos,,0.058507,2838388648.3332095,9527634.51365079
2026-08-27,crypto-com-chain,cro,Cronos,,0.059458,2884608322.0221667,7255297.22707796
2026-08-28,crypto-com-chain,cro,Cronos,,0.060911,2955255594.9753203,7896310.857729211
2026-05-31,tether-gold,xaut,Tether Gold,,4503.821532,2760048393.252855,67214104.32566582
2026-06-01,tether-gold,xaut,Tether Gold,,4518.052606,2768769531.9965706,78351612.58480266
2026-06-02,tether-gold,xaut,Tether Gold,,4463.570257,2735381459.7371664,212624346.75545657
2026-06-03,tether-gold,xaut,Tether Gold,,4446.46746,2724900460.6207733,247643828.89160293
2026-06-04,tether-gold,xaut,Tether Gold,,4429.24777,2714347827.34179,263897004.249177
2026-06-05,tether-gold,xaut,Tether Gold,,4435.33881,2718080560.862959,253310971.78886932
2026-06-06,tether-gold,xaut,Tether Gold,,4299.716814,2634968192.988482,303794015.13121855
2026-06-07,tether-gold,xaut,Tether Gold,,4289.034285,2628421686.4176216,98315399.5804204
2026-06-08,tether-gold,xaut,Tether Gold,,4321.261133,2648171061.130126,129072054.82571301
2026-06-09,tether-gold,xaut,Tether Gold,,4296.559744,2633033465.7784925,177593948.66322708
2026-06-10,tether-gold,xaut,Tether Gold,,4206.020028,2577548585.63885,209268389.1273321
2026-06-11,tether-gold,xaut,Tether Gold,,4043.882869,2478187098.214326,547918816.9181937
2026-06-12,tether-gold,xaut,Tether Gold,,4199.658002,2573649785.4231477,527738486.07232755
2026-06-13,tether-gold,xaut,Tether Gold,,4201.083525,2574523379.8925953,904739115.0550435
2026-06-14,tether-gold,xaut,Tether Gold,,4211.657763,2581003502.215247,144670559.08710828
2026-06-15,tether-gold,xaut,Tether Gold,,4278.325387,2621859020.549394,542660039.4175093
2026-06-16,tether-gold,xaut,Tether Gold,,4296.453857,2632968575.7065344,192235255.59482676
2026-06-17,tether-gold,xaut,Tether Gold,,4308.035983,2640066376.756381,205221953.66359106
2026-06-18,tether-gold,xaut,Tether Gold,,4260.096079,2610687669.012079,596847652.2263899
2026-06-19,tether-gold,xaut,Tether Gold,,4173.480631,2557607673.4126296,171955933.30515864
2026-06-20,tether-gold,xaut,Tether Gold,,4146.834562,2541278331.57835,154113105.02453154
2026-06-21,tether-gold,xaut,Tether Gold,,4140.925643,2537657206.4506354,46968086.46397815
2026-06-22,tether-gold,xaut,Tether Gold,,4127.504307,2529432294.303084,64486099.79040306
2026-06-23,tether-gold,xaut,Tether Gold,,4171.298213,2556270235.585851,121018991.77417003
2026-06-24,tether-gold,xaut,Tether Gold,,4086.638245,2504388604.351442,156467939.96087256
2026-06-25,tether-gold,xaut,Tether Gold,,4006.288125,2455148150.08063,331482664.2889306
2026-06-26,tether-gold,xaut,Tether Gold,,4004.417952,2454002063.7422237,232056189.23691902
2026-06-27,tether-gold,xaut,Tether Gold,,4070.999895,2494805053.6248903,153083393.11549804
2026-06-28,tether-gold,xaut,Tether Gold,,4065.565135,2491474503.9480457,43517066.151445664
2026-06-29,tether-gold,xaut,Tether Gold,,4050.487135,2482234349.0042124,54115050.973329045
2026-06-30,tether-gold,xaut,Tether Gold,,4006.356993,2455190353.858184,135474787.1194732
2026-07-01,tether-gold,xaut,Tether Gold,,3996.623398,2449225376.2617,171195377.9049223
2026-07-02,tether-gold,xaut,Tether Gold,,4027.219344,2467975296.0496807,187127995.43066752
2026-07-03,tether-gold,xaut,Tether Gold,,4115.707781,2522203104.0431986,171739630.94614425
2026-07-04,tether-gold,xaut,Tether Gold,,4160.439504,2549615762.337989,104428231.38595533
2026-07-05,tether-gold,xaut,Tether Gold,,4161.716946,2550398608.533026,41973438.82757948
2026-07-06,tether-gold,xaut,Tether Gold,,4170.133048,2555556194.9412217,57306136.94166769
2026-07-07,tether-gold,xaut,Tether Gold,,4146.750505,2541226819.741056,127493496.27759354
2026-07-08,tether-gold,xaut,Tether Gold,,4090.329425,2506650647.2181726,145523580.0309158
2026-07-09,tether-gold,xaut,Tether Gold,,4066.564509,2492086943.928006,159632685.16545984
2026-07-10,tether-gold,xaut,Tether Gold,,4108.900432,2518031399.167691,128271943.28894189
2026-07-11,tether-gold,xaut,Tether Gold,,4106.977288,2516852851.509823,161269404.96890604
2026-07-12,tether-gold,xaut,Tether Gold,,4097.205288,2510864338.3675814,51146987.61260686
2026-07-13,tether-gold,xaut,Tether Gold,,4075.650974,2497655345.012599,72219324.93294717
2026-07-14,tether-gold,xaut,Tether Gold,,3995.762152,2448697584.4270167,154405218.81051835
2026-07-15,tether-gold,xaut,Tether Gold,,4047.120899,2480171440.133266,186910022.12633964
2026-07-16,tether-gold,xaut,Tether Gold,,4050.450733,2482212040.9384465,140553557.66934547
2026-07-17,tether-gold,xaut,Tether Gold,,3985.546271,2442437051.1424985,176626300.38175517
2026-07-18,tether-gold,xaut,Tether Gold,,4005.35438,2454575929.128746,226079684.9329202
2026-07-19,tether-gold,xaut,Tether Gold,,4010.00093,2457423444.8847585,52103347.31349522
2026-07-20,tether-gold,xaut,Tether Gold,,3992.708781,2446826406.533763,78336181.78719097
2026-07-21,tether-gold,xaut,Tether Gold,,4007.629905,2455970424.7106953,169513719.7024831
2026-07-22,tether-gold,xaut,Tether Gold,,4073.569979,2496380061.908593,183070387.72228003
2026-07-23,tether-gold,xaut,Tether Gold,,4124.826598,2527791330.793924,191573807.27216977
2026-07-24,tether-gold,xaut,Tether Gold,,4045.083542,2478922899.181153,146718566.24683705
2026-07-25,tether-gold,xaut,Tether Gold,,4051.168072,2482651643.315352,156273027.6455077
2026-07-26,tether-gold,xaut,Tether Gold,,4052.704589,2483593257.1658883,46050712.63906091
2026-07-27,tether-gold,xaut,Tether Gold,,4082.980439,2502147014.459582,162482611.79429486
2026-07-28,tether-gold,xaut,Tether Gold,,4060.079161,2488112569.616285,148521345.436082
2026-07-29,tether-gold,xaut,Tether Gold,,4015.008703,2460492326.6167126,135350279.18643394
2026-07-30,tether-gold,xaut,Tether Gold,,4071.212391,2494935276.254353,212015348.5415052
2026-07-31,tether-gold,xaut,Tether Gold,,4093.541839,2508619290.3722343,202473493.84278667
2026-08-01,tether-gold,xaut,Tether Gold,,4038.107891,2474648055.599785,142089344.64297023
2026-08-02,tether-gold,xaut,Tether Gold,,4040.678978,2476223678.212753,53480671.14801952
2026-08-03,tether-gold,xaut,Tether Gold,,4058.063385,2486877254.313937,171221936.63594988
2026-08-04,tether-gold,xaut,Tether Gold,,4040.271654,2475974060.5134,129089246.76840533
2026-08-05,tether-gold,xaut,Tether Gold,,4058.065334,2486878448.391088,156461622.19922537
2026-08-06,tether-gold,xaut,Tether Gold,,4255.001642,2607565677.8482637,312192424.99206954
2026-08-07,tether-gold,xaut,Tether Gold,,4232.950142,2594051996.6995606,216045558.66186136
2026-08-08,tether-gold,xaut,Tether Gold,,4329.414551,2653167668.5921354,296560739.31506246
2026-08-09,tether-gold,xaut,Tether Gold,,4329.695951,2653340117.1213574,58383859.948900744
2026-08-10,tether-gold,xaut,Tether Gold,,4313.876029,2643645294.598052,77352268.62086624
2026-08-11,tether-gold,xaut,Tether Gold,,4374.7423,2680945585.7070336,174510418.60106122
2026-08-12,tether-gold,xaut,Tether Gold,,4349.584053,2665528016.5240126,187416480.83673295
2026-08-13,tether-gold,xaut,Tether Gold,,4388.784497,2689550976.39254,202841686.8275164
2026-08-14,tether-gold,xaut,Tether Gold,,4336.536938,2657532436.029713,196618118.856282
2026-08-15,tether-gold,xaut,Tether Gold,,4360.61433,2672287631.607959,176325491.16074792
2026-08-16,tether-gold,xaut,Tether Gold,,4357.479882,2670366767.6518736,46487975.51060686
2026-08-17,tether-gold,xaut,Tether Gold,,4349.444621,2665442569.288158,58612837.21897034
2026-08-18,tether-gold,xaut,Tether Gold,,4402.005911,2697653371.6334205,195613859.46150348
2026-08-19,tether-gold,xaut,Tether Gold,,4323.814436,2649735785.958493,202381904.98223832
2026-08-20,tether-gold,xaut,Tether Gold,,4485.665523,2748921961.4955344,571399715.1251235
2026-08-21,tether-gold,xaut,Tether Gold,,4503.707245,2759978355.1310167,553460409.7112451
2026-08-22,tether-gold,xaut,Tether Gold,,4586.126136,2810486601.809196,313169136.10493416
2026-08-23,tether-gold,xaut,Tether Gold,,4580.209073,2806860485.8268986,139248515.78536743
2026-08-24,tether-gold,xaut,Tether Gold,,4604.291004,2821618462.711252,129659230.88737531
2026-08-25,tether-gold,xaut,Tether Gold,,4662.510538,2857296770.3940682,292297105.28952295
2026-08-26,tether-gold,xaut,Tether Gold,,4638.718079,2842716188.872694,220649670.68877375
2026-08-27,tether-gold,xaut,Tether Gold,,4610.158512,2825214210.2908664,249305644.64033347
2026-08-28,tether-gold,xaut,Tether Gold,,4585.227432,2809935854.5501213,236527025.94679597
2026-05-31,blackrock-usd-institutional-digital-liquidity-fund,buidl,BlackRock USD Institutional Digital Liquidity Fund,,1,2438294304.740449,0
2026-06-01,blackrock-usd-institutional-digital-liquidity-fund,buidl,BlackRock USD Institutional Digital Liquidity Fund,,1,2438294304.740449,0
2026-06-02,blackrock-usd-institutional-digital-liquidity-fund,buidl,BlackRock USD Institutional Digital Liquidity Fund,,1,2428983972.270449,0
2026-06-03,blackrock-usd-institutional-digital-liquidity-fund,buidl,BlackRock USD Institutional Digital Liquidity Fund,,1,2421243642.270448,0
2026-06-04,blackrock-usd-institutional-digital-liquidity-fund,buidl,BlackRock USD Institutional Digital Liquidity Fund,,1,2416771769.930449,0
2026-06-05,blackrock-usd-institutional-digital-liquidity-fund,buidl,BlackRock USD Institutional Digital Liquidity Fund,,1,2416998971.920449,0
2026-06-06,blackrock-usd-institutional-digital-liquidity-fund,buidl,BlackRock USD Institutional Digital Liquidity Fund,,1,2407226190.470449,0
2026-06-07,blackrock-usd-institutional-digital-liquidity-fund,buidl,BlackRock USD Institutional Digital Liquidity Fund,,1,2407226190.470449,0
2026-06-08,blackrock-usd-institutional-digital-liquidity-fund,buidl,BlackRock USD Institutional Digital Liquidity Fund,,1,2407226190.470449,0
2026-06-09,blackrock-usd-institutional-digital-liquidity-fund,buidl,BlackRock USD Institutional Digital Liquidity Fund,,1,2472906319.600449,0
2026-06-10,blackrock-usd-institutional-digital-liquidity-fund,buidl,BlackRock USD Institutional Digital Liquidity Fund,,1,2444639404.980448,0
2026-06-11,blackrock-usd-institutional-digital-liquidity-fund,buidl,BlackRock USD Institutional Digital Liquidity Fund,,1,2460869149.510449,0
2026-06-12,blackrock-usd-institutional-digital-liquidity-fund,buidl,BlackRock USD Institutional Digital Liquidity Fund,,1,2482626874.860449,0
2026-06-13,blackrock-usd-institutional-digital-liquidity-fund,buidl,BlackRock USD Institutional Digital Liquidity Fund,,1,2382859933.170449,0
2026-06-14,blackrock-usd-institutional-digital-liquidity-fund,buidl,BlackRock USD Institutional Digital Liquidity Fund,,1,2382859933.170449,0
2026-06-15,blackrock-usd-institutional-digital-liquidity-fund,buidl,BlackRock USD Institutional Digital Liquidity Fund,,1,2382859933.170449,0
2026-06-16,blackrock-usd-institutional-digital-liquidity-fund,buidl,BlackRock USD Institutional Digital Liquidity Fund,,1,2383535592.240449,0
2026-06-17,blackrock-usd-institutional-digital-liquidity-fund,buidl,BlackRock USD Institutional Digital Liquidity Fund,,1,2383762997.960448,0
2026-06-18,blackrock-usd-institutional-digital-liquidity-fund,buidl,BlackRock USD Institutional Digital Liquidity Fund,,1,2383987563.510449,0
2026-06-19,blackrock-usd-institutional-digital-liquidity-fund,buidl,BlackRock USD Institutional Digital Liquidity Fund,,1,2384211874.630449,0
2026-06-20,blackrock-usd-institutional-digital-liquidity-fund,buidl,BlackRock USD Institutional Digital Liquidity Fund,,1,2384211874.630449,0
2026-06-21,blackrock-usd-institutional-digital-liquidity-fund,buidl,BlackRock USD Institutional Digital Liquidity Fund,,1,2384211874.630449,0
2026-06-22,blackrock-usd-institutional-digital-liquidity-fund,buidl,BlackRock USD Institutional Digital Liquidity Fund,,1,2384211874.630449,0
2026-06-23,blackrock-usd-institutional-digital-liquidity-fund,buidl,BlackRock USD Institutional Digital Liquidity Fund,,1,2369357579.460449,0
2026-06-24,blackrock-usd-institutional-digital-liquidity-fund,buidl,BlackRock USD Institutional Digital Liquidity Fund,,1,2368170057.220448,0
2026-06-25,blackrock-usd-institutional-digital-liquidity-fund,buidl,BlackRock USD Institutional Digital Liquidity Fund,,1,2417392676.490449,0
2026-06-26,blackrock-usd-institutional-digital-liquidity-fund,buidl,BlackRock USD Institutional Digital Liquidity Fund,,1,2417620191.490449,0
2026-06-27,blackrock-usd-institutional-digital-liquidity-fund,buidl,BlackRock USD Institutional Digital Liquidity Fund,,1,2248639185.240449,0
2026-06-28,blackrock-usd-institutional-digital-liquidity-fund,buidl,BlackRock USD Institutional Digital Liquidity Fund,,1,2248639185.240449,0
2026-06-29,blackrock-usd-institutional-digital-liquidity-fund,buidl,BlackRock USD Institutional Digital Liquidity Fund,,1,2248639185.240449,0
2026-06-30,blackrock-usd-institutional-digital-liquidity-fund,buidl,BlackRock USD Institutional Digital Liquidity Fund,,1,2248521673.550449,0
2026-07-01,blackrock-usd-institutional-digital-liquidity-fund,buidl,BlackRock USD Institutional Digital Liquidity Fund,,1,2248383012.920449,0
2026-07-02,blackrock-usd-institutional-digital-liquidity-fund,buidl,BlackRock USD Institutional Digital Liquidity Fund,,1,2241895982.750448,0
2026-07-03,blackrock-usd-institutional-digital-liquidity-fund,buidl,BlackRock USD Institutional Digital Liquidity Fund,,1,2242107932.070449,0
2026-07-04,blackrock-usd-institutional-digital-liquidity-fund,buidl,BlackRock USD Institutional Digital Liquidity Fund,,1,2242107932.070449,0
2026-07-05,blackrock-usd-institutional-digital-liquidity-fund,buidl,BlackRock USD Institutional Digital Liquidity Fund,,1,2242107932.070448,0
2026-07-06,blackrock-usd-institutional-digital-liquidity-fund,buidl,BlackRock USD Institutional Digital Liquidity Fund,,1,2242107932.070449,0
2026-07-07,blackrock-usd-institutional-digital-liquidity-fund,buidl,BlackRock USD Institutional Digital Liquidity Fund,,1,2247754514.760449,0
2026-07-08,blackrock-usd-institutional-digital-liquidity-fund,buidl,BlackRock USD Institutional Digital Liquidity Fund,,1,2247966167.300449,0
2026-07-09,blackrock-usd-institutional-digital-liquidity-fund,buidl,BlackRock USD Institutional Digital Liquidity Fund,,1,2248177466.610449,0
2026-07-10,blackrock-usd-institutional-digital-liquidity-fund,buidl,BlackRock USD Institutional Digital Liquidity Fund,,1,2382637190.400449,0
2026-07-11,blackrock-usd-institutional-digital-liquidity-fund,buidl,BlackRock USD Institutional Digital Liquidity Fund,,1,2882970321.060448,0
2026-07-12,blackrock-usd-institutional-digital-liquidity-fund,buidl,BlackRock USD Institutional Digital Liquidity Fund,,1,2882970321.060448,0
2026-07-13,blackrock-usd-institutional-digital-liquidity-fund,buidl,BlackRock USD Institutional Digital Liquidity Fund,,1,2882970321.060449,0
2026-07-14,blackrock-usd-institutional-digital-liquidity-fund,buidl,BlackRock USD Institutional Digital Liquidity Fund,,1,2878767629.810448,0
2026-07-15,blackrock-usd-institutional-digital-liquidity-fund,buidl,BlackRock USD Institutional Digital Liquidity Fund,,1,2884134604.920449,0
2026-07-16,blackrock-usd-institutional-digital-liquidity-fund,buidl,BlackRock USD Institutional Digital Liquidity Fund,,1,2609394566.680449,0
2026-07-17,blackrock-usd-institutional-digital-liquidity-fund,buidl,BlackRock USD Institutional Digital Liquidity Fund,,1,2613744732.980449,0
2026-07-18,blackrock-usd-institutional-digital-liquidity-fund,buidl,BlackRock USD Institutional Digital Liquidity Fund,,1,2632725630.420449,0
2026-07-19,blackrock-usd-institutional-digital-liquidity-fund,buidl,BlackRock USD Institutional Digital Liquidity Fund,,1,2632725630.420449,0
2026-07-20,blackrock-usd-institutional-digital-liquidity-fund,buidl,BlackRock USD Institutional Digital Liquidity Fund,,1,2632725630.420449,0
2026-07-21,blackrock-usd-institutional-digital-liquidity-fund,buidl,BlackRock USD Institutional Digital Liquidity Fund,,1,2533621257.410449,0
2026-07-22,blackrock-usd-institutional-digital-liquidity-fund,buidl,BlackRock USD Institutional Digital Liquidity Fund,,1,2536756528.560448,0
2026-07-23,blackrock-usd-institutional-digital-liquidity-fund,buidl,BlackRock USD Institutional Digital Liquidity Fund,,1,2538044534.490448,0
2026-07-24,blackrock-usd-institutional-digital-liquidity-fund,buidl,BlackRock USD Institutional Digital Liquidity Fund,,1,2618033868.090449,0
2026-07-25,blackrock-usd-institutional-digital-liquidity-fund,buidl,BlackRock USD Institutional Digital Liquidity Fund,,1,2636982101.220449,0
2026-07-26,blackrock-usd-institutional-digital-liquidity-fund,buidl,BlackRock USD Institutional Digital Liquidity Fund,,1,2636982101.220449,0
2026-07-27,blackrock-usd-institutional-digital-liquidity-fund,buidl,BlackRock USD Institutional Digital Liquidity Fund,,1.0,2636982101.2204485,0
2026-07-28,blackrock-usd-institutional-digital-liquidity-fund,buidl,BlackRock USD Institutional Digital Liquidity Fund,,1,2636342224.950449,0
2026-07-29,blackrock-usd-institutional-digital-liquidity-fund,buidl,BlackRock USD Institutional Digital Liquidity Fund,,1,2637827999.670449,0
2026-07-30,blackrock-usd-institutional-digital-liquidity-fund,buidl,BlackRock USD Institutional Digital Liquidity Fund,,1,2667079362.070449,0
2026-07-31,blackrock-usd-institutional-digital-liquidity-fund,buidl,BlackRock USD Institutional Digital Liquidity Fund,,1,2684658683.590448,0
2026-08-01,blackrock-usd-institutional-digital-liquidity-fund,buidl,BlackRock USD Institutional Digital Liquidity Fund,,1,2702712403.230448,0
2026-08-02,blackrock-usd-institutional-digital-liquidity-fund,buidl,BlackRock USD Institutional Digital Liquidity Fund,,1,2702712403.230448,0
2026-08-03,blackrock-usd-institutional-digital-liquidity-fund,buidl,BlackRock USD Institutional Digital Liquidity Fund,,1,2702712403.230449,0
2026-08-04,blackrock-usd-institutional-digital-liquidity-fund,buidl,BlackRock USD Institutional Digital Liquidity Fund,,1.0,2703988727.7004476,0
2026-08-05,blackrock-usd-institutional-digital-liquidity-fund,buidl,BlackRock USD Institutional Digital Liquidity Fund,,1.0,2704917042.9104476,0
2026-08-06,blackrock-usd-institutional-digital-liquidity-fund,buidl,BlackRock USD Institutional Digital Liquidity Fund,,1.0,2713874502.8404484,0
2026-08-07,blackrock-usd-institutional-digital-liquidity-fund,buidl,BlackRock USD Institutional Digital Liquidity Fund,,1.0,2725652906.3704486,0
2026-08-08,blackrock-usd-institutional-digital-liquidity-fund,buidl,BlackRock USD Institutional Digital Liquidity Fund,,1.0,2725215203.1004486,0
2026-08-09,blackrock-usd-institutional-digital-liquidity-fund,buidl,BlackRock USD Institutional Digital Liquidity Fund,,1,2725215203.100449,0
2026-08-10,blackrock-usd-institutional-digital-liquidity-fund,buidl,BlackRock USD Institutional Digital Liquidity Fund,,1.0,2725215203.1004477,0
2026-08-11,blackrock-usd-institutional-digital-liquidity-fund,buidl,BlackRock USD Institutional Digital Liquidity Fund,,1,2726419552.810449,0
2026-08-12,blackrock-usd-institutional-digital-liquidity-fund,buidl,BlackRock USD Institutional Digital Liquidity Fund,,1.0,2741921546.6904473,0
2026-08-13,blackrock-usd-institutional-digital-liquidity-fund,buidl,BlackRock USD Institutional Digital Liquidity Fund,,1,2754566805.250449,0
2026-08-14,blackrock-usd-institutional-digital-liquidity-fund,buidl,BlackRock USD Institutional Digital Liquidity Fund,,1,2757427312.150449,0
2026-08-15,blackrock-usd-institutional-digital-liquidity-fund,buidl,BlackRock USD Institutional Digital Liquidity Fund,,1,2757688569.800449,0
2026-08-16,blackrock-usd-institutional-digital-liquidity-fund,buidl,BlackRock USD Institutional Digital Liquidity Fund,,1,2757688569.800449,0
2026-08-17,blackrock-usd-institutional-digital-liquidity-fund,buidl,BlackRock USD Institutional Digital Liquidity Fund,,1.0,2757688569.8004484,0
2026-08-18,blackrock-usd-institutional-digital-liquidity-fund,buidl,BlackRock USD Institutional Digital Liquidity Fund,,1,2758652380.450449,0
2026-08-19,blackrock-usd-institutional-digital-liquidity-fund,buidl,BlackRock USD Institutional Digital Liquidity Fund,,1,2758916034.470449,0
2026-08-20,blackrock-usd-institutional-digital-liquidity-fund,buidl,BlackRock USD Institutional Digital Liquidity Fund,,1,2753178774.770449,0
2026-08-21,blackrock-usd-institutional-digital-liquidity-fund,buidl,BlackRock USD Institutional Digital Liquidity Fund,,1,2753439539.220448,0
2026-08-22,blackrock-usd-institutional-digital-liquidity-fund,buidl,BlackRock USD Institutional Digital Liquidity Fund,,1,2605208255.430448,0
2026-08-23,blackrock-usd-institutional-digital-liquidity-fund,buidl,BlackRock USD Institutional Digital Liquidity Fund,,1.0,2605208255.4304485,0
2026-08-24,blackrock-usd-institutional-digital-liquidity-fund,buidl,BlackRock USD Institutional Digital Liquidity Fund,,1,2605208255.430448,0
2026-08-25,blackrock-usd-institutional-digital-liquidity-fund,buidl,BlackRock USD Institutional Digital Liquidity Fund,,1,2657343399.560449,0
2026-08-26,blackrock-usd-institutional-digital-liquidity-fund,buidl,BlackRock USD Institutional Digital Liquidity Fund,,1,2800146876.880449,0
2026-08-27,blackrock-usd-institutional-digital-liquidity-fund,buidl,BlackRock USD Institutional Digital Liquidity Fund,,1,2810713934.120449,0
2026-08-28,blackrock-usd-institutional-digital-liquidity-fund,buidl,BlackRock USD Institutional Digital Liquidity Fund,,1,2810381263.710448,0
2026-05-31,paypal-usd,pyusd,PayPal USD,,0.999396,3058514997.8639,22365905.581425507
2026-06-01,paypal-usd,pyusd,PayPal USD,,0.999587,3059100628.055634,27073144.823424313
2026-06-02,paypal-usd,pyusd,PayPal USD,,0.999496,3032681667.9837403,68440330.17747216
2026-06-03,paypal-usd,pyusd,PayPal USD,,0.999264,2991595054.651973,75884059.09385268
2026-06-04,paypal-usd,pyusd,PayPal USD,,0.999454,2946258663.914283,89871629.58203565
2026-06-05,paypal-usd,pyusd,PayPal USD,,0.999705,2971487444.546562,168209620.952895
2026-06-06,paypal-usd,pyusd,PayPal USD,,0.999616,2867205709.8456335,188868652.18827662
2026-06-07,paypal-usd,pyusd,PayPal USD,,0.999566,2849080717.202579,88808576.73228504
2026-06-08,paypal-usd,pyusd,PayPal USD,,0.999667,2862252303.3887925,118942006.10312884
2026-06-09,paypal-usd,pyusd,PayPal USD,,0.999787,2793598383.3000298,112297903.03528802
2026-06-10,paypal-usd,pyusd,PayPal USD,,0.999762,2831800613.5573378,111830768.9952361
2026-06-11,paypal-usd,pyusd,PayPal USD,,0.999712,2857931639.9348044,95069779.24060795
2026-06-12,paypal-usd,pyusd,PayPal USD,,0.999628,2784264792.14741,91654409.19938698
2026-06-13,paypal-usd,pyusd,PayPal USD,,0.999827,2747376777.09435,74809440.22594501
2026-06-14,paypal-usd,pyusd,PayPal USD,,0.999763,2773236179.795023,14321564.831474597
2026-06-15,paypal-usd,pyusd,PayPal USD,,0.999538,2772613024.757484,41567505.57306586
2026-06-16,paypal-usd,pyusd,PayPal USD,,0.999702,2740256558.586908,41275707.116053365
2026-06-17,paypal-usd,pyusd,PayPal USD,,0.999507,2746779617.002911,112435937.06542954
2026-06-18,paypal-usd,pyusd,PayPal USD,,0.999677,2735157000.5612607,123157360.34852079
2026-06-19,paypal-usd,pyusd,PayPal USD,,0.999628,2765282888.637084,111458157.58904037
2026-06-20,paypal-usd,pyusd,PayPal USD,,0.999603,2773944262.3062134,88054372.33020763
2026-06-21,paypal-usd,pyusd,PayPal USD,,0.999419,2776410882.4781017,44570200.183031246
2026-06-22,paypal-usd,pyusd,PayPal USD,,0.999614,2776951854.7911997,33093289.09238733
2026-06-23,paypal-usd,pyusd,PayPal USD,,0.999461,2770532032.2664914,94459650.23651215
2026-06-24,paypal-usd,pyusd,PayPal USD,,0.999461,2761021648.4429193,82823816.78813908
2026-06-25,paypal-usd,pyusd,PayPal USD,,0.999368,2760297770.4907856,125054399.00569454
2026-06-26,paypal-usd,pyusd,PayPal USD,,0.999456,2750208456.01398,181460390.97447866
2026-06-27,paypal-usd,pyusd,PayPal USD,,0.999325,2736816854.729798,160478759.14362717
2026-06-28,paypal-usd,pyusd,PayPal USD,,0.999362,2741871182.1179304,41817977.48256948
2026-06-29,paypal-usd,pyusd,PayPal USD,,0.999452,2742116813.959865,66265338.46097923
2026-06-30,paypal-usd,pyusd,PayPal USD,,0.999627,2692702057.505959,188539686.43993816
2026-07-01,paypal-usd,pyusd,PayPal USD,,0.999444,2695189157.843683,176233806.3040476
2026-07-02,paypal-usd,pyusd,PayPal USD,,0.999652,2716281805.523524,199265979.72459263
2026-07-03,paypal-usd,pyusd,PayPal USD,,0.999596,2788579954.595783,164854339.4601395
2026-07-04,paypal-usd,pyusd,PayPal USD,,0.999708,2853107978.095894,82290284.8958597
2026-07-05,paypal-usd,pyusd,PayPal USD,,0.999649,2856292501.9850287,45195287.126752704
2026-07-06,paypal-usd,pyusd,PayPal USD,,0.999505,2855881860.4852157,49609651.17757244
2026-07-07,paypal-usd,pyusd,PayPal USD,,0.999762,2835210299.5438013,131455651.04539688
2026-07-08,paypal-usd,pyusd,PayPal USD,,0.999828,2838793967.2504644,149339181.84307626
2026-07-09,paypal-usd,pyusd,PayPal USD,,0.999723,2842570844.4452395,130325003.80912867
2026-07-10,paypal-usd,pyusd,PayPal USD,,0.999641,2839774442.4971924,101357811.77604173
2026-07-11,paypal-usd,pyusd,PayPal USD,,0.999824,2849208608.891402,111282604.18304816
2026-07-12,paypal-usd,pyusd,PayPal USD,,0.999862,2856557814.377612,50427995.69999568
2026-07-13,paypal-usd,pyusd,PayPal USD,,0.999546,2863127305.2953963,23816481.946596425
2026-07-14,paypal-usd,pyusd,PayPal USD,,0.999665,2843000028.463352,142295835.07234234
2026-07-15,paypal-usd,pyusd,PayPal USD,,0.999805,2856983276.5891924,254702832.19985157
2026-07-16,paypal-usd,pyusd,PayPal USD,,0.999756,2857891025.814241,52297264.11983278
2026-07-17,paypal-usd,pyusd,PayPal USD,,0.999811,2819638689.992739,64550145.75218037
2026-07-18,paypal-usd,pyusd,PayPal USD,,0.999841,2894491117.0867934,44168683.03600584
2026-07-19,paypal-usd,pyusd,PayPal USD,,0.999874,2900878359.04281,20032840.985415347
2026-07-20,paypal-usd,pyusd,PayPal USD,,0.999524,2899862371.0189195,14681329.476943986
2026-07-21,paypal-usd,pyusd,PayPal USD,,0.999713,2849184128.3728557,66216736.91338644
2026-07-22,paypal-usd,pyusd,PayPal USD,,0.99979,2778951046.420062,50552826.10371076
2026-07-23,paypal-usd,pyusd,PayPal USD,,0.999773,2766579811.7682447,73090939.04586646
2026-07-24,paypal-usd,pyusd,PayPal USD,,0.999754,2704449678.727463,76573101.46679917
2026-07-25,paypal-usd,pyusd,PayPal USD,,0.999868,2678747599.2602124,167198649.9800494
2026-07-26,paypal-usd,pyusd,PayPal USD,,0.999714,2678334144.3217793,15003797.655452041
2026-07-27,paypal-usd,pyusd,PayPal USD,,0.999601,2685223853.554003,19641083.65847023
2026-07-28,paypal-usd,pyusd,PayPal USD,,0.999794,2711608790.541826,129894023.33815977
2026-07-29,paypal-usd,pyusd,PayPal USD,,0.999922,2717261768.8643126,219962255.03401616
2026-07-30,paypal-usd,pyusd,PayPal USD,,0.999785,2712391696.0700626,168802275.27488747
2026-07-31,paypal-usd,pyusd,PayPal USD,,1.000207,2682931589.3397384,188926410.78337634
2026-08-01,paypal-usd,pyusd,PayPal USD,,0.999738,2710578395.8706384,100766844.32174681
2026-08-02,paypal-usd,pyusd,PayPal USD,,0.999685,2710436586.0968375,22391839.140702397
2026-08-03,paypal-usd,pyusd,PayPal USD,,0.999713,2716244011.6639485,53419193.62703728
2026-08-04,paypal-usd,pyusd,PayPal USD,,0.999628,2723369468.340654,57614000.697708786
2026-08-05,paypal-usd,pyusd,PayPal USD,,0.999727,2749072388.5086164,164889898.64672607
2026-08-06,paypal-usd,pyusd,PayPal USD,,0.999628,2743944359.5713835,125397079.15552332
2026-08-07,paypal-usd,pyusd,PayPal USD,,0.999696,2756278770.9778056,59028094.98168439
2026-08-08,paypal-usd,pyusd,PayPal USD,,0.999807,2785547528.169533,188254594.33123225
2026-08-09,paypal-usd,pyusd,PayPal USD,,0.999731,2790685444.9160323,38478141.20846699
2026-08-10,paypal-usd,pyusd,PayPal USD,,0.99953,2797698294.139592,29309287.65158919
2026-08-11,paypal-usd,pyusd,PayPal USD,,0.99967,2790319527.0535097,123002794.52341639
2026-08-12,paypal-usd,pyusd,PayPal USD,,0.99981,2805234784.346038,138116077.58876655
2026-08-13,paypal-usd,pyusd,PayPal USD,,0.999781,2799297111.9767227,131623566.89976768
2026-08-14,paypal-usd,pyusd,PayPal USD,,0.999893,2795611121.442986,198779245.0707282
2026-08-15,paypal-usd,pyusd,PayPal USD,,0.999806,2772644103.864131,163586916.01513
2026-08-16,paypal-usd,pyusd,PayPal USD,,0.999729,2773423791.816436,35498678.94328485
2026-08-17,paypal-usd,pyusd,PayPal USD,,0.999894,2778880234.8273387,33345541.1517496
2026-08-18,paypal-usd,pyusd,PayPal USD,,0.999847,2772670741.377202,94349536.0164059
2026-08-19,paypal-usd,pyusd,PayPal USD,,0.999894,2775503833.2285433,67344781.13504538
2026-08-20,paypal-usd,pyusd,PayPal USD,,0.999841,2781218584.6645613,157725040.0084714
2026-08-21,paypal-usd,pyusd,PayPal USD,,0.99999,2819196237.2967777,190722154.0844601
2026-08-22,paypal-usd,pyusd,PayPal USD,,0.999841,2859956950.812107,281890446.58794886
2026-08-23,paypal-usd,pyusd,PayPal USD,,0.999971,2895425804.412263,104048966.25639087
2026-08-24,paypal-usd,pyusd,PayPal USD,,0.999882,2895168705.644037,44928356.94158763
2026-08-25,paypal-usd,pyusd,PayPal USD,,0.999841,2803541472.9613047,142908230.61444333
2026-08-26,paypal-usd,pyusd,PayPal USD,,0.999926,2785134108.8992705,151363532.02010152
2026-08-27,paypal-usd,pyusd,PayPal USD,,0.999958,2793617629.6142235,79034551.2077571
2026-08-28,paypal-usd,pyusd,PayPal USD,,1.00007,2773310354.5537496,177528926.74231163
2026-05-31,near,near,NEAR Protocol,,2.252242,2920951828.445497,638073293.0075078
2026-06-01,near,near,NEAR Protocol,,2.321128,3010537268.595205,668164397.7352628
2026-06-02,near,near,NEAR Protocol,,2.635685,3418732705.766752,1084877110.850425
2026-06-03,near,near,NEAR Protocol,,2.623135,3402663005.0872283,1124963520.7731738
2026-06-04,near,near,NEAR Protocol,,2.818683,3656545077.150235,1305865611.4743228
2026-06-05,near,near,NEAR Protocol,,2.198444,2852170497.4551554,1093566845.6688383
2026-06-06,near,near,NEAR Protocol,,1.965349,2549920694.4235806,997645291.940158
2026-06-07,near,near,NEAR Protocol,,1.859484,2412718464.1137967,424601052.47877854
2026-06-08,near,near,NEAR Protocol,,2.055811,2667625091.316948,654286164.4993682
2026-06-09,near,near,NEAR Protocol,,2.129323,2763247813.154756,591006765.2288054
2026-06-10,near,near,NEAR Protocol,,2.150757,2791237816.0470257,487720671.7508771
2026-06-11,near,near,NEAR Protocol,,1.970104,2556950181.0593367,458876887.1031024
2026-06-12,near,near,NEAR Protocol,,2.062623,2677197029.0118117,454429939.7524512
2026-06-13,near,near,NEAR Protocol,,2.008933,2607673203.136305,346075500.29400945
2026-06-14,near,near,NEAR Protocol,,2.127055,2761231345.4903164,281079157.78548807
2026-06-15,near,near,NEAR Protocol,,2.216718,2877805949.3411813,291757077.4500789
2026-06-16,near,near,NEAR Protocol,,2.390458,3103553383.9999084,585753430.0740614
2026-06-17,near,near,NEAR Protocol,,2.307693,2996283897.1458464,477150817.3019479
2026-06-18,near,near,NEAR Protocol,,2.179209,2829694448.3125825,408873902.9235579
2026-06-19,near,near,NEAR Protocol,,2.235127,2902481671.7465067,397668006.20039904
2026-06-20,near,near,NEAR Protocol,,2.186364,2839333366.802456,281625352.7986244
2026-06-21,near,near,NEAR Protocol,,2.191881,2846732131.3495307,236312018.75191844
2026-06-22,near,near,NEAR Protocol,,2.099677,2727148701.562994,257304394.73345375
2026-06-23,near,near,NEAR Protocol,,2.066798,2684609849.8974366,264028733.7497407
2026-06-24,near,near,NEAR Protocol,,1.979893,2571938790.9458666,271822516.3102675
2026-06-25,near,near,NEAR Protocol,,1.961967,2548809424.052526,262896505.77701956
2026-06-26,near,near,NEAR Protocol,,1.833572,2382157316.9517803,317996569.7884909
2026-06-27,near,near,NEAR Protocol,,1.800346,2339134987.581014,354870682.83652484
2026-06-28,near,near,NEAR Protocol,,1.867031,2425973554.3314776,255271106.37467661
2026-06-29,near,near,NEAR Protocol,,1.831108,2379441053.498342,226719892.9465433
2026-06-30,near,near,NEAR Protocol,,1.860751,2418107999.730373,234472299.33844873
2026-07-01,near,near,NEAR Protocol,,1.779483,2312685649.987144,217731991.3367296
2026-07-02,near,near,NEAR Protocol,,1.803733,2344344024.30468,266774193.06745812
2026-07-03,near,near,NEAR Protocol,,1.940986,2522890255.091173,251476183.81441683
2026-07-04,near,near,NEAR Protocol,,2.04274,2655375644.073209,271723831.6367214
2026-07-05,near,near,NEAR Protocol,,1.996892,2595936933.951637,186873302.07489944
2026-07-06,near,near,NEAR Protocol,,2.015197,2619894573.924859,144757031.15144122
2026-07-07,near,near,NEAR Protocol,,2.051294,2667044384.733988,288702160.6697182
2026-07-08,near,near,NEAR Protocol,,1.977569,2571347183.968311,219439874.77554956
2026-07-09,near,near,NEAR Protocol,,1.890954,2458878059.50253,218119035.91505688
2026-07-10,near,near,NEAR Protocol,,1.91862,2495008036.290144,122048566.58973803
2026-07-11,near,near,NEAR Protocol,,1.891365,2459769626.8167725,123344176.74054034
2026-07-12,near,near,NEAR Protocol,,1.866641,2427764346.9273243,98081499.23673591
2026-07-13,near,near,NEAR Protocol,,1.887943,2455620364.788377,103837155.21272938
2026-07-14,near,near,NEAR Protocol,,1.920515,2498143615.400807,213104663.37358433
2026-07-15,near,near,NEAR Protocol,,2.01072,2615699847.622794,238628176.4998829
2026-07-16,near,near,NEAR Protocol,,2.066249,2688106810.815162,180146534.64697272
2026-07-17,near,near,NEAR Protocol,,1.963642,2554779135.8088117,171788186.16259468
2026-07-18,near,near,NEAR Protocol,,1.926621,2506767267.8404984,172689506.12998304
2026-07-19,near,near,NEAR Protocol,,1.93124,2512982909.3019905,105514188.97548899
2026-07-20,near,near,NEAR Protocol,,1.915607,2492793862.6207833,117734270.17798562
2026-07-21,near,near,NEAR Protocol,,1.976605,2572331299.0021605,177295481.73357332
2026-07-22,near,near,NEAR Protocol,,1.935027,2518387813.374637,211370843.3216959
2026-07-23,near,near,NEAR Protocol,,1.867704,2430970332.82193,159836305.87335318
2026-07-24,near,near,NEAR Protocol,,1.883352,2451487915.9497566,100676472.94310904
2026-07-25,near,near,NEAR Protocol,,1.805184,2349884116.4568048,134396725.6654206
2026-07-26,near,near,NEAR Protocol,,1.79173,2332561013.327424,77916278.19229409
2026-07-27,near,near,NEAR Protocol,,1.836717,2391274778.662394,85643516.03209302
2026-07-28,near,near,NEAR Protocol,,1.687294,2196872115.5770464,160061192.20736825
2026-07-29,near,near,NEAR Protocol,,1.652639,2151885349.835347,148593294.11540088
2026-07-30,near,near,NEAR Protocol,,1.6203,2109951842.066032,213163162.20947665
2026-07-31,near,near,NEAR Protocol,,1.676637,2183447712.738295,158451245.2317743
2026-08-01,near,near,NEAR Protocol,,1.662549,2165237289.6341653,184215690.0432928
2026-08-02,near,near,NEAR Protocol,,1.673592,2179754407.628607,112379005.24849366
2026-08-03,near,near,NEAR Protocol,,1.715743,2234839861.411613,141818474.66383862
2026-08-04,near,near,NEAR Protocol,,1.734273,2259115772.916584,109412047.14884095
2026-08-05,near,near,NEAR Protocol,,1.729573,2253133512.3169684,94541699.03221221
2026-08-06,near,near,NEAR Protocol,,1.697891,2211999110.3599677,99212664.72787797
2026-08-07,near,near,NEAR Protocol,,1.656305,2158000196.7078166,122842315.27771981
2026-08-08,near,near,NEAR Protocol,,1.590676,2072621112.4915268,147246160.25872907
2026-08-09,near,near,NEAR Protocol,,1.610897,2099099056.1652975,107723996.92119667
2026-08-10,near,near,NEAR Protocol,,1.598026,2082498294.316239,78934528.95550506
2026-08-11,near,near,NEAR Protocol,,1.599678,2084780581.494017,142529946.97606835
2026-08-12,near,near,NEAR Protocol,,1.617848,2108591603.6669261,147855217.92743543
2026-08-13,near,near,NEAR Protocol,,1.642677,2141087805.2318947,175170434.3980227
2026-08-14,near,near,NEAR Protocol,,1.639012,2136486833.5926092,100157556.99121667
2026-08-15,near,near,NEAR Protocol,,1.639549,2137318218.034493,106809084.45533334
2026-08-16,near,near,NEAR Protocol,,1.61797,2109321068.3383274,70904386.1535077
2026-08-17,near,near,NEAR Protocol,,1.601547,2088040288.232836,51799615.13986772
2026-08-18,near,near,NEAR Protocol,,1.636468,2133745268.5230372,114227677.01066889
2026-08-19,near,near,NEAR Protocol,,1.58796,2070625640.1175308,103103590.15169114
2026-08-20,near,near,NEAR Protocol,,1.730383,2256478667.212862,214746799.13921386
2026-08-21,near,near,NEAR Protocol,,1.767162,2304629024.746122,187736389.10324994
2026-08-22,near,near,NEAR Protocol,,1.966122,2564262507.176224,412116673.26431596
2026-08-23,near,near,NEAR Protocol,,1.878457,2450082803.942081,608643762.2106274
2026-08-24,near,near,NEAR Protocol,,2.01415,2627229832.905707,367012887.44583416
2026-08-25,near,near,NEAR Protocol,,1.953637,2548455079.1757364,409511998.11286014
2026-08-26,near,near,NEAR Protocol,,1.86034,2426952613.4747925,256905372.9388813
2026-08-27,near,near,NEAR Protocol,,1.900101,2478976794.233059,189431081.2873422
2026-08-28,near,near,NEAR Protocol,,1.927721,2515168306.406712,215011845.47207463
2026-05-31,memecore,m,MemeCore,,2.874974,3758496116.40356,4059255.195973009
2026-06-01,memecore,m,MemeCore,,2.975271,3890671161.7828274,7340844.24772926
2026-06-02,memecore,m,MemeCore,,3.252974,4255069308.8074455,5173339.111762495
2026-06-03,memecore,m,MemeCore,,3.365276,4403213006.696783,5192514.254096359
2026-06-04,memecore,m,MemeCore,,3.379277,4422783654.473247,8876670.981489066
2026-06-05,memecore,m,MemeCore,,3.309648,4332879409.713862,10945685.200273667
2026-06-06,memecore,m,MemeCore,,2.868303,3756147049.682329,6618748.466130888
2026-06-07,memecore,m,MemeCore,,3.003365,3934128017.7149305,6957212.215859211
2026-06-08,memecore,m,MemeCore,,3.086532,4044211553.5149803,9502827.298570963
2026-06-09,memecore,m,MemeCore,,3.11264,4079572647.153981,4400415.636484999
2026-06-10,memecore,m,MemeCore,,2.916275,3823287003.660364,4792465.807849973
2026-06-11,memecore,m,MemeCore,,2.886939,3785895499.681465,6173770.144425895
2026-06-12,memecore,m,MemeCore,,2.902303,3807118123.7053733,9089451.928333407
2026-06-13,memecore,m,MemeCore,,3.054496,4007889350.0836735,9434201.01376169
2026-06-14,memecore,m,MemeCore,,3.015984,3958473887.6822248,7396690.115088085
2026-06-15,memecore,m,MemeCore,,2.97422,3904759765.2455683,9950603.540645335
2026-06-16,memecore,m,MemeCore,,2.914734,3827696663.4787188,4498408.7505405145
2026-06-17,memecore,m,MemeCore,,3.168257,4161803142.8824525,8641682.966186479
2026-06-18,memecore,m,MemeCore,,2.925221,3843680232.679467,4179795.1104416777
2026-06-19,memecore,m,MemeCore,,2.9188,3836324344.774666,4889963.466513516
2026-06-20,memecore,m,MemeCore,,2.890028,3799532746.172962,4099074.322710473
2026-06-21,memecore,m,MemeCore,,2.844753,3741062729.8978567,4332402.283115282
2026-06-22,memecore,m,MemeCore,,2.90934,3827121994.328656,8595600.529171081
2026-06-23,memecore,m,MemeCore,,2.918728,3840552847.2809906,4174436.4749738793
2026-06-24,memecore,m,MemeCore,,2.835075,3731528654.165406,5715109.996953815
2026-06-25,memecore,m,MemeCore,,2.65461,3494983545.66335,13034025.7678265
2026-06-26,memecore,m,MemeCore,,1.002639,1320416733.8312254,47237367.5741463
2026-06-27,memecore,m,MemeCore,,0.769451,1013607497.2098954,16382159.154366646
2026-06-28,memecore,m,MemeCore,,0.74211,977864954.6996597,11692430.61745396
2026-06-29,memecore,m,MemeCore,,0.664336,875619421.5131234,12564813.92448096
2026-06-30,memecore,m,MemeCore,,0.589089,776668555.7286972,18269761.68680029
2026-07-01,memecore,m,MemeCore,,0.710623,937164260.1244328,13660285.19373851
2026-07-02,memecore,m,MemeCore,,1.235942,1630390352.304963,31236363.769652635
2026-07-03,memecore,m,MemeCore,,1.602914,2115098409.9246514,26258313.875956483
2026-07-04,memecore,m,MemeCore,,1.534168,2024954578.7464874,19930145.80866593
2026-07-05,memecore,m,MemeCore,,1.395671,1842647150.6870742,15193326.893281128
2026-07-06,memecore,m,MemeCore,,1.401768,1851215894.5779994,14285692.901360584
2026-07-07,memecore,m,MemeCore,,1.202452,1588438336.7790368,17181282.414996814
2026-07-08,memecore,m,MemeCore,,1.315906,1738797861.580007,14464113.613768242
2026-07-09,memecore,m,MemeCore,,1.323955,1749924465.4059172,14955124.225858584
2026-07-10,memecore,m,MemeCore,,1.207239,1596102444.0804427,13292902.209748706
2026-07-11,memecore,m,MemeCore,,1.329328,1758010897.2039213,13365223.449277598
2026-07-12,memecore,m,MemeCore,,1.267525,1676745975.4666283,11552591.05600269
2026-07-13,memecore,m,MemeCore,,1.237813,1637899554.5096872,14347192.440600868
2026-07-14,memecore,m,MemeCore,,1.20754,1598288931.138151,13053594.649011806
2026-07-15,memecore,m,MemeCore,,1.230819,1629557307.5553992,14613800.809298003
2026-07-16,memecore,m,MemeCore,,1.238843,1640658384.8227777,12855145.851226531
2026-07-17,memecore,m,MemeCore,,1.219746,1615819404.7767615,10315280.778884057
2026-07-18,memecore,m,MemeCore,,1.255171,1663192041.8758936,14785046.396911891
2026-07-19,memecore,m,MemeCore,,1.231639,1632485694.4652386,11069909.080226919
2026-07-20,memecore,m,MemeCore,,1.210829,1605351706.1996686,9085744.137903107
2026-07-21,memecore,m,MemeCore,,1.197664,1588340688.5040934,13930501.915112771
2026-07-22,memecore,m,MemeCore,,1.192131,1581443302.2217443,16047180.407855518
2026-07-23,memecore,m,MemeCore,,1.132336,1502541366.5635734,11311635.628614068
2026-07-24,memecore,m,MemeCore,,1.143347,1517575841.9779508,11070459.944457272
2026-07-25,memecore,m,MemeCore,,1.202862,1597014917.3516667,9170308.430205252
2026-07-26,memecore,m,MemeCore,,1.234408,1639355276.9878192,10611644.685861241
2026-07-27,memecore,m,MemeCore,,1.232164,1636831241.26485,11592332.078794874
2026-07-28,memecore,m,MemeCore,,1.170202,1554953968.5219555,11294000.562140198
2026-07-29,memecore,m,MemeCore,,1.140279,1515614283.105463,9944690.58932406
2026-07-30,memecore,m,MemeCore,,1.144395,1521508178.355737,7687774.555128466
2026-07-31,memecore,m,MemeCore,,0.980877,1304469695.7361107,9511532.054301895
2026-08-01,memecore,m,MemeCore,,1.099493,1462625083.1344097,10737587.053097399
2026-08-02,memecore,m,MemeCore,,1.085604,1444550640.4029725,8218765.876094148
2026-08-03,memecore,m,MemeCore,,1.191913,1586451273.9206073,8746366.832583651
2026-08-04,memecore,m,MemeCore,,1.18882,1582773985.4344928,7674001.730817098
2026-08-05,memecore,m,MemeCore,,1.166324,1553254931.8417244,5152463.871618027
2026-08-06,memecore,m,MemeCore,,1.223177,1629422284.7056715,4562130.422593577
2026-08-07,memecore,m,MemeCore,,1.138457,1516986388.2769353,4808461.499331322
2026-08-08,memecore,m,MemeCore,,1.158057,1543531683.250331,5379419.34681056
2026-08-09,memecore,m,MemeCore,,1.141402,1521755475.2236364,4627982.241495229
2026-08-10,memecore,m,MemeCore,,1.095634,1461125203.5548146,5772895.450051434
2026-08-11,memecore,m,MemeCore,,1.096232,1462344925.7635732,6669119.17227769
2026-08-12,memecore,m,MemeCore,,1.1259,1502321534.0972922,5240205.608211593
2026-08-13,memecore,m,MemeCore,,1.092255,1457832030.6906607,5043091.10975361
2026-08-14,memecore,m,MemeCore,,1.112097,1484744598.0070014,5388321.9103057925
2026-08-15,memecore,m,MemeCore,,1.103685,1473921723.2732472,4932249.454879804
2026-08-16,memecore,m,MemeCore,,1.103492,1474056746.009613,5053893.352362757
2026-08-17,memecore,m,MemeCore,,1.14241,1526465674.0489337,4750575.286810385
2026-08-18,memecore,m,MemeCore,,1.145694,1531278057.573468,5501639.092958465
2026-08-19,memecore,m,MemeCore,,1.146695,1533041403.9580503,4383477.923297918
2026-08-20,memecore,m,MemeCore,,1.245391,2818592729.442737,7079621.417034653
2026-08-21,memecore,m,MemeCore,,1.164615,2636208835.7648835,4142163.7214031387
2026-08-22,memecore,m,MemeCore,,1.10962,2512133364.0249753,4257013.4174404675
2026-08-23,memecore,m,MemeCore,,1.1124,2518857573.712645,4297322.971874024
2026-08-24,memecore,m,MemeCore,,1.116041,2527515862.2707386,3719201.447450761
2026-08-25,memecore,m,MemeCore,,1.131057,2561939627.267963,5144712.768530871
2026-08-26,memecore,m,MemeCore,,1.174158,2660002334.5528455,3965374.2430422963
2026-08-27,memecore,m,MemeCore,,1.142695,2589146779.554064,3710467.390528512
2026-08-28,memecore,m,MemeCore,,1.118445,2534615449.085607,1956453.7806830409
2026-05-31,okb,okb,OKB,,90.639935,1903438635.6274295,13460511.576444333
2026-06-01,okb,okb,OKB,,92.793776,1948669290.345484,39741382.22090845
2026-06-02,okb,okb,OKB,,89.290679,1875104249.9064636,24451813.742625374
2026-06-03,okb,okb,OKB,,83.531042,1754151887.3594766,26170532.00357202
2026-06-04,okb,okb,OKB,,78.905005,1657005099.9887156,23228107.40173491
2026-06-05,okb,okb,OKB,,74.354474,1561443952.6879654,36220502.20513303
2026-06-06,okb,okb,OKB,,70.788977,1486568510.8444567,38352729.800576024
2026-06-07,okb,okb,OKB,,69.008705,1449182800.9780512,18092508.455638066
2026-06-08,okb,okb,OKB,,72.636642,1525369474.6052394,15534690.629870184
2026-06-09,okb,okb,OKB,,72.757239,1527902023.32276,11885851.751453124
2026-06-10,okb,okb,OKB,,71.531152,1502154192.9540977,16043762.936653093
2026-06-11,okb,okb,OKB,,70.341853,1477178912.2434177,11879840.022915816
2026-06-12,okb,okb,OKB,,72.327268,1518872621.0351346,8698147.757226624
2026-06-13,okb,okb,OKB,,73.559695,1544753595.2275767,11725049.509947734
2026-06-14,okb,okb,OKB,,74.904927,1573003474.6776228,9464676.337884713
2026-06-15,okb,okb,OKB,,75.209454,1579398540.8400764,9526317.087832712
2026-06-16,okb,okb,OKB,,75.427879,1583985461.8873813,17079603.366817836
2026-06-17,okb,okb,OKB,,76.256021,1601376448.0045495,11664328.294049542
2026-06-18,okb,okb,OKB,,73.719789,1548115565.6453362,14555954.614381162
2026-06-19,okb,okb,OKB,,72.792141,1528634957.2650545,11067260.387342047
2026-06-20,okb,okb,OKB,,77.218664,1621591933.7639964,19542996.346902795
2026-06-21,okb,okb,OKB,,75.32244,1581771241.0178733,17333707.132239833
2026-06-22,okb,okb,OKB,,76.375629,1603888214.007048,11817161.347953562
2026-06-23,okb,okb,OKB,,80.217647,1684570585.5301347,35831181.78768036
2026-06-24,okb,okb,OKB,,77.089659,1618882833.4296644,19635258.787301484
2026-06-25,okb,okb,OKB,,75.275722,1580790151.6102333,22347373.998192456
2026-06-26,okb,okb,OKB,,75.782545,1591433450.8959804,19604737.878847413
2026-06-27,okb,okb,OKB,,75.199324,1579185808.3326232,16270478.254790146
2026-06-28,okb,okb,OKB,,78.032712,1638686961.6296318,26294650.288564276
2026-06-29,okb,okb,OKB,,78.071246,1639496158.3412528,19822488.198139835
2026-06-30,okb,okb,OKB,,80.432998,1689092958.6772406,21206169.604140304
2026-07-01,okb,okb,OKB,,78.747456,1653696575.1956158,25745829.7116277
2026-07-02,okb,okb,OKB,,79.896705,1677830802.8909237,22104344.960608978
2026-07-03,okb,okb,OKB,,80.628344,1693195232.5638478,17720439.442213785
2026-07-04,okb,okb,OKB,,80.971153,1700394213.052009,13132793.780573256
2026-07-05,okb,okb,OKB,,80.641033,1693461690.6714668,13745420.270916468
2026-07-06,okb,okb,OKB,,80.310592,1686522436.1909153,14621172.110397186
2026-07-07,okb,okb,OKB,,79.996252,1679921292.1828227,18877591.99004716
2026-07-08,okb,okb,OKB,,79.392998,1667252963.6081922,14301778.5082851
2026-07-09,okb,okb,OKB,,78.717751,1653072761.6057577,17861288.363909423
2026-07-10,okb,okb,OKB,,79.447321,1668393743.5767848,14810936.016598579
2026-07-11,okb,okb,OKB,,80.464086,1689745797.4111207,13836137.114686824
2026-07-12,okb,okb,OKB,,79.631691,1672265508.1698058,11366535.222167177
2026-07-13,okb,okb,OKB,,80.706902,1694844936.7825236,13338009.522494748
2026-07-14,okb,okb,OKB,,80.212589,1684464372.1960406,13695420.156620242
2026-07-15,okb,okb,OKB,,81.27845,1706847441.6624172,15386361.340384893
2026-07-16,okb,okb,OKB,,81.519211,1711903441.4624858,14085268.271267984
2026-07-17,okb,okb,OKB,,80.216472,1684545910.9190543,14845233.348221282
2026-07-18,okb,okb,OKB,,81.29904,1707279833.9337406,16757658.404758459
2026-07-19,okb,okb,OKB,,81.315623,1707628079.6894138,12350908.30326048
2026-07-20,okb,okb,OKB,,80.148644,1683121514.3170042,13035512.901024668
2026-07-21,okb,okb,OKB,,81.751818,1716788187.5031712,13237758.805683183
2026-07-22,okb,okb,OKB,,82.250004,1727250090.2533755,12261326.761419555
2026-07-23,okb,okb,OKB,,82.21966,1726612869.7360942,13032660.90942532
2026-07-24,okb,okb,OKB,,81.98667,1721720068.1098218,20803110.53495509
2026-07-25,okb,okb,OKB,,82.355783,1729471452.587754,10978091.073454283
2026-07-26,okb,okb,OKB,,83.218511,1747588730.6822066,10949155.177713323
2026-07-27,okb,okb,OKB,,84.749901,1779747930.2915576,14277245.554976976
2026-07-28,okb,okb,OKB,,85.787798,1801543757.8526227,25244546.67971244
2026-07-29,okb,okb,OKB,,86.224119,1810706492.8316445,18194003.503390875
2026-07-30,okb,okb,OKB,,85.611512,1797841760.2395315,20550179.274223875
2026-07-31,okb,okb,OKB,,86.436315,1815162621.488321,16238316.488754429
2026-08-01,okb,okb,OKB,,85.843883,1802721546.2652183,13891439.245472025
2026-08-02,okb,okb,OKB,,86.345141,1813247968.0259204,10022464.777646208
2026-08-03,okb,okb,OKB,,86.72668,1821260279.4723263,14654800.098436436
2026-08-04,okb,okb,OKB,,86.278187,1811841924.527865,12445259.553975793
2026-08-05,okb,okb,OKB,,86.806469,1822935842.8657575,11877925.066062773
2026-08-06,okb,okb,OKB,,85.868835,1803245544.3892283,14283235.456595015
2026-08-07,okb,okb,OKB,,85.295686,1791209404.8600996,12007496.07951245
2026-08-08,okb,okb,OKB,,89.963098,1889225059.736302,29106064.372396633
2026-08-09,okb,okb,OKB,,93.768586,1969140312.099746,35160821.86041659
2026-08-10,okb,okb,OKB,,93.87746,1971426667.3562412,25079093.239318524
2026-08-11,okb,okb,OKB,,94.756547,1989887487.1407492,26600486.44163746
2026-08-12,okb,okb,OKB,,94.685827,1988402362.9624248,18897555.0360304
2026-08-13,okb,okb,OKB,,98.667495,2072017384.6384265,24228824.592755195
2026-08-14,okb,okb,OKB,,103.750676,2178764202.7291555,58972645.425333686
2026-08-15,okb,okb,OKB,,107.67875,2261253746.076614,54716056.71254667
2026-08-16,okb,okb,OKB,,104.964418,2204252776.7449946,45577579.07868094
2026-08-17,okb,okb,OKB,,104.005638,2184118394.651671,30989671.797221344
2026-08-18,okb,okb,OKB,,98.997077,2078938625.3884482,35700950.76541113
2026-08-19,okb,okb,OKB,,101.203739,2125278515.4542677,25484080.311589137
2026-08-20,okb,okb,OKB,,103.64812,2176610521.7246504,38989573.19901108
2026-08-21,okb,okb,OKB,,107.024814,2247521085.67069,39254362.895477444
2026-08-22,okb,okb,OKB,,107.213871,2251491290.2726097,48474764.92148622
2026-08-23,okb,okb,OKB,,110.302126,2316344648.1437,98725525.67461516
2026-08-24,okb,okb,OKB,,111.800021,2347800433.805041,35420686.66923388
2026-08-25,okb,okb,OKB,,115.83108,2432452673.94062,48803566.1657802
2026-08-26,okb,okb,OKB,,112.775314,2368281587.0162225,42164782.32011332
2026-08-27,okb,okb,OKB,,113.161062,2376382309.4096603,29896301.520129986
2026-08-28,okb,okb,OKB,,113.675722,2387190151.981611,21925589.50446849
2026-05-31,bittensor,tao,Bittensor,,254.915037,2446544775.5839458,148735261.2274621
2026-06-01,bittensor,tao,Bittensor,,255.429928,2451486433.263488,140422268.22982842
2026-06-02,bittensor,tao,Bittensor,,252.506067,2423424701.1489167,197836250.71250272
2026-06-03,bittensor,tao,Bittensor,,225.651875,2165691842.894579,270484994.409834
2026-06-04,bittensor,tao,Bittensor,,226.332258,2172221805.1770463,272992619.95746523
2026-06-05,bittensor,tao,Bittensor,,211.468282,2029564932.048899,272700482.20552385
2026-06-06,bittensor,tao,Bittensor,,195.076771,1872247557.9112566,316401798.3743358
2026-06-07,bittensor,tao,Bittensor,,193.643712,1858493783.4266472,155991791.72250962
2026-06-08,bittensor,tao,Bittensor,,213.870688,2052622001.1312776,202932934.77649826
2026-06-09,bittensor,tao,Bittensor,,215.358769,2066903846.242954,149730758.693723
2026-06-10,bittensor,tao,Bittensor,,205.999463,1977077992.5277815,145859328.3503915
2026-06-11,bittensor,tao,Bittensor,,200.874163,1927887971.585571,131036693.64430681
2026-06-12,bittensor,tao,Bittensor,,213.588175,2049910587.5447035,127413788.59280516
2026-06-13,bittensor,tao,Bittensor,,212.06377,2035280119.7026577,99102027.95373954
2026-06-14,bittensor,tao,Bittensor,,262.818377,2522397007.708642,539392178.7830235
2026-06-15,bittensor,tao,Bittensor,,270.488694,2596012810.4606895,368635925.21600527
2026-06-16,bittensor,tao,Bittensor,,266.223551,2555078133.9056177,432090767.0938914
2026-06-17,bittensor,tao,Bittensor,,257.21851,2468652338.4199805,264638892.27279112
2026-06-18,bittensor,tao,Bittensor,,246.187116,2362778632.5826573,260163087.63237154
2026-06-19,bittensor,tao,Bittensor,,235.919211,2264232508.833988,199807636.06153777
2026-06-20,bittensor,tao,Bittensor,,228.792808,2195836916.183712,199368306.341634
2026-06-21,bittensor,tao,Bittensor,,231.452596,2221364204.982868,281858244.44357663
2026-06-22,bittensor,tao,Bittensor,,228.533582,2193348993.92974,294409401.08510745
2026-06-23,bittensor,tao,Bittensor,,227.837355,2186666965.468457,310997433.1978675
2026-06-24,bittensor,tao,Bittensor,,220.371604,2115014482.62361,881513927.0046332
2026-06-25,bittensor,tao,Bittensor,,219.298453,2104714924.4518938,177023692.1988626
2026-06-26,bittensor,tao,Bittensor,,212.252437,2037090856.4656212,169016791.93054318
2026-06-27,bittensor,tao,Bittensor,,214.156446,2055364562.311796,171585525.52393177
2026-06-28,bittensor,tao,Bittensor,,208.888236,2004802962.7883353,100285406.29819074
2026-06-29,bittensor,tao,Bittensor,,204.924275,1966758887.5627167,90148392.37548295
2026-06-30,bittensor,tao,Bittensor,,208.218228,1998372570.8964767,132864303.78522456
2026-07-01,bittensor,tao,Bittensor,,201.93045,1938025678.2647262,121915522.70588385
2026-07-02,bittensor,tao,Bittensor,,202.518398,1943668501.4173553,154643751.98726404
2026-07-03,bittensor,tao,Bittensor,,209.103306,2006867099.618249,168427035.34576735
2026-07-04,bittensor,tao,Bittensor,,215.23813,2065746015.41978,111999058.4749253
2026-07-05,bittensor,tao,Bittensor,,216.626837,2079074118.6102235,93155420.57397638
2026-07-06,bittensor,tao,Bittensor,,215.02198,2063671515.1966815,84843706.24694358
2026-07-07,bittensor,tao,Bittensor,,214.506168,2058721018.8108182,95145665.35958326
2026-07-08,bittensor,tao,Bittensor,,211.329032,2028228486.387846,98580715.89043912
2026-07-09,bittensor,tao,Bittensor,,204.657209,1964195719.3533318,106291516.97277069
2026-07-10,bittensor,tao,Bittensor,,214.302366,2056765031.5229344,385476312.0706673
2026-07-11,bittensor,tao,Bittensor,,212.980395,2044077428.576493,88274580.57115443
2026-07-12,bittensor,tao,Bittensor,,207.730609,1993692654.2854786,130877716.41282737
2026-07-13,bittensor,tao,Bittensor,,209.788833,2013446435.183645,226803397.20476106
2026-07-14,bittensor,tao,Bittensor,,199.834985,1917914473.6773405,162268135.16639575
2026-07-15,bittensor,tao,Bittensor,,201.077036,1929835047.4350708,136230023.11381602
2026-07-16,bittensor,tao,Bittensor,,199.213336,1911948202.3838367,126259202.30107789
2026-07-17,bittensor,tao,Bittensor,,191.269354,1835705899.6456995,118454769.80658592
2026-07-18,bittensor,tao,Bittensor,,194.707081,1868699454.1618686,98818318.98688422
2026-07-19,bittensor,tao,Bittensor,,195.965,1880772324.9477792,60184192.72836071
2026-07-20,bittensor,tao,Bittensor,,198.628516,1906335390.3966274,72409673.90455085
2026-07-21,bittensor,tao,Bittensor,,195.02413,1871742328.5115445,116278526.57601032
2026-07-22,bittensor,tao,Bittensor,,200.667655,1925906011.8331926,121099633.14867178
2026-07-23,bittensor,tao,Bittensor,,197.308248,1893664138.0623615,84324436.29002263
2026-07-24,bittensor,tao,Bittensor,,192.724678,1849673358.5477564,64862510.885853
2026-07-25,bittensor,tao,Bittensor,,191.163282,1834687882.1383593,74895003.70067252
2026-07-26,bittensor,tao,Bittensor,,191.507428,1837990814.214675,47157054.663607135
2026-07-27,bittensor,tao,Bittensor,,199.295787,1912739521.390155,80853183.81454797
2026-07-28,bittensor,tao,Bittensor,,187.456474,1799111825.1273205,77550956.06843069
2026-07-29,bittensor,tao,Bittensor,,194.764868,1869254071.3147774,115961024.47521207
2026-07-30,bittensor,tao,Bittensor,,190.459278,1827931207.899189,104189963.84232032
2026-07-31,bittensor,tao,Bittensor,,192.389585,1846457310.8130476,85360226.79792188
2026-08-01,bittensor,tao,Bittensor,,193.101589,1853290767.236099,95416757.72529739
2026-08-02,bittensor,tao,Bittensor,,192.289323,1845495051.182191,79499066.79927649
2026-08-03,bittensor,tao,Bittensor,,192.237541,1844998066.6731634,59838246.35070773
2026-08-04,bittensor,tao,Bittensor,,191.517923,1838091540.3861926,79189649.35457933
2026-08-05,bittensor,tao,Bittensor,,195.543353,1876725571.5746284,99960426.95703055
2026-08-06,bittensor,tao,Bittensor,,197.354832,1894111220.9627373,87504271.94914679
2026-08-07,bittensor,tao,Bittensor,,191.903715,1841794181.8174832,81079377.60258183
2026-08-08,bittensor,tao,Bittensor,,193.351081,1855685260.6478407,86612206.7429466
2026-08-09,bittensor,tao,Bittensor,,203.842452,1956376099.1933274,77369298.14169767
2026-08-10,bittensor,tao,Bittensor,,201.97811,1938483090.4354053,116506874.55724904
2026-08-11,bittensor,tao,Bittensor,,199.45913,1914307209.1659195,84662831.2768183
2026-08-12,bittensor,tao,Bittensor,,201.450552,1933419860.7275116,77868631.66319275
2026-08-13,bittensor,tao,Bittensor,,199.839438,1917957209.4899864,90339921.3980371
2026-08-14,bittensor,tao,Bittensor,,203.243687,1950629455.3014486,75766991.18640548
2026-08-15,bittensor,tao,Bittensor,,199.339918,1913163065.699269,86319816.95144181
2026-08-16,bittensor,tao,Bittensor,,196.623036,1887087817.8389413,45825925.93177683
2026-08-17,bittensor,tao,Bittensor,,195.684124,1878076621.416902,39114242.25440057
2026-08-18,bittensor,tao,Bittensor,,196.119184,1882252104.6414783,68899560.55862552
2026-08-19,bittensor,tao,Bittensor,,190.670931,1829962539.7819517,73578502.09923339
2026-08-20,bittensor,tao,Bittensor,,205.51704,1972447938.8871,159648564.7064212
2026-08-21,bittensor,tao,Bittensor,,214.746257,2061025272.6634982,191897552.4021457
2026-08-22,bittensor,tao,Bittensor,,229.93599,2206808599.237251,293327053.1610835
2026-08-23,bittensor,tao,Bittensor,,222.633365,2136721716.551048,301771775.4842671
2026-08-24,bittensor,tao,Bittensor,,237.120947,2275766150.1474185,235360552.74591863
2026-08-25,bittensor,tao,Bittensor,,240.603974,2309194471.854181,223339577.1315959
2026-08-26,bittensor,tao,Bittensor,,229.242672,2200154485.748901,185882998.67514834
2026-08-27,bittensor,tao,Bittensor,,234.711548,2252641971.6541533,151114743.42046252
2026-08-28,bittensor,tao,Bittensor,,254.068152,2438416801.822988,338931797.52072495
2026-05-31,ripple-usd,rlusd,Ripple USD,,1.000186,1698642822.1487014,27264028.978891447
2026-06-01,ripple-usd,rlusd,Ripple USD,,1.000299,1698834034.311629,9940130.05436124
2026-06-02,ripple-usd,rlusd,Ripple USD,,0.999943,1813606553.8464186,89492953.79487199
2026-06-03,ripple-usd,rlusd,Ripple USD,,1.000053,1806999323.0627694,93343835.65364581
2026-06-04,ripple-usd,rlusd,Ripple USD,,1.000085,1748788313.5060496,89257681.19754128
2026-06-05,ripple-usd,rlusd,Ripple USD,,1.000251,1697825781.0104282,90160882.77552958
2026-06-06,ripple-usd,rlusd,Ripple USD,,0.999791,1685647589.415704,51993944.119076185
2026-06-07,ripple-usd,rlusd,Ripple USD,,0.999982,1685968738.418764,49445720.12284823
2026-06-08,ripple-usd,rlusd,Ripple USD,,1.000009,1686014220.7391803,31719587.60024979
2026-06-09,ripple-usd,rlusd,Ripple USD,,1.000043,1682360642.348334,63710421.693350606
2026-06-10,ripple-usd,rlusd,Ripple USD,,1.000164,1651596408.4244273,34975721.14897295
2026-06-11,ripple-usd,rlusd,Ripple USD,,1.000293,1651208994.4451723,38140865.92675562
2026-06-12,ripple-usd,rlusd,Ripple USD,,1.000063,1650309223.200536,43866127.45248624
2026-06-13,ripple-usd,rlusd,Ripple USD,,0.999906,1638740615.8101516,86219692.77069609
2026-06-14,ripple-usd,rlusd,Ripple USD,,0.999987,1638873888.6135287,16585987.68186628
2026-06-15,ripple-usd,rlusd,Ripple USD,,0.999829,1638614630.686128,28712011.32921717
2026-06-16,ripple-usd,rlusd,Ripple USD,,0.999926,1646555115.2270284,52411159.22653619
2026-06-17,ripple-usd,rlusd,Ripple USD,,0.999989,1637380323.4485629,75004994.35998523
2026-06-18,ripple-usd,rlusd,Ripple USD,,1.000049,1647906507.120563,99860776.85498488
2026-06-19,ripple-usd,rlusd,Ripple USD,,1.000091,1631013778.6096537,57678747.810760245
2026-06-20,ripple-usd,rlusd,Ripple USD,,1.000044,1628437384.488847,54058983.919765085
2026-06-21,ripple-usd,rlusd,Ripple USD,,1.000051,1628448716.1075728,30949345.583792556
2026-06-22,ripple-usd,rlusd,Ripple USD,,1.000222,1628727225.0285447,26633466.64597711
2026-06-23,ripple-usd,rlusd,Ripple USD,,0.999926,1619006520.1129453,65919212.0604714
2026-06-24,ripple-usd,rlusd,Ripple USD,,0.999939,1597004404.4269538,98032232.05423199
2026-06-25,ripple-usd,rlusd,Ripple USD,,1.00009,1585793412.4868932,58359713.2694284
2026-06-26,ripple-usd,rlusd,Ripple USD,,1.000072,1575968476.519373,99670781.13488604
2026-06-27,ripple-usd,rlusd,Ripple USD,,1.000106,1570849972.9942703,67504015.82633044
2026-06-28,ripple-usd,rlusd,Ripple USD,,1.00012,1570873249.7814488,19522329.5907781
2026-06-29,ripple-usd,rlusd,Ripple USD,,1.000044,1566453764.4737163,8363377.465252839
2026-06-30,ripple-usd,rlusd,Ripple USD,,0.999954,1564074868.6421564,123732465.35397162
2026-07-01,ripple-usd,rlusd,Ripple USD,,1.000067,1411128262.48165,38087026.340802826
2026-07-02,ripple-usd,rlusd,Ripple USD,,0.999989,1580648048.6520674,73415585.40437001
2026-07-03,ripple-usd,rlusd,Ripple USD,,1.000086,1626504613.504612,78449489.60982671
2026-07-04,ripple-usd,rlusd,Ripple USD,,0.999984,1585451281.4618726,100317982.20149437
2026-07-05,ripple-usd,rlusd,Ripple USD,,1.000017,1575502777.0070999,66537796.11253676
2026-07-06,ripple-usd,rlusd,Ripple USD,,1.000128,1575677981.8296154,31097776.58771653
2026-07-07,ripple-usd,rlusd,Ripple USD,,1.000052,1596167956.069509,299187859.8389726
2026-07-08,ripple-usd,rlusd,Ripple USD,,0.999992,1582058066.890817,124723001.99144088
2026-07-09,ripple-usd,rlusd,Ripple USD,,1.00004,1566043586.628375,57271709.09048883
2026-07-10,ripple-usd,rlusd,Ripple USD,,1.000047,1550382622.2429438,112276478.2713675
2026-07-11,ripple-usd,rlusd,Ripple USD,,1.000131,1539482250.5041254,83645707.83220659
2026-07-12,ripple-usd,rlusd,Ripple USD,,1.000096,1539428166.6234093,30199958.249101922
2026-07-13,ripple-usd,rlusd,Ripple USD,,1.00006,1539373048.8987536,27534200.684022658
2026-07-14,ripple-usd,rlusd,Ripple USD,,1.000362,1531653948.573998,90504779.71796437
2026-07-15,ripple-usd,rlusd,Ripple USD,,0.999923,1518156320.6900797,59300313.201858535
2026-07-16,ripple-usd,rlusd,Ripple USD,,1.000114,1515848984.070659,62563378.25010831
2026-07-17,ripple-usd,rlusd,Ripple USD,,1.000203,1514484114.947352,38868728.79541985
2026-07-18,ripple-usd,rlusd,Ripple USD,,1.00024,1531653433.7608917,46500100.10955648
2026-07-19,ripple-usd,rlusd,Ripple USD,,1.000155,1531523195.7100286,15944147.558309454
2026-07-20,ripple-usd,rlusd,Ripple USD,,1.000136,1531494307.3584597,31480189.157064434
2026-07-21,ripple-usd,rlusd,Ripple USD,,1.000235,1643273039.4292586,45077117.00455409
2026-07-22,ripple-usd,rlusd,Ripple USD,,1.000096,1583386603.6582778,49093163.97293889
2026-07-23,ripple-usd,rlusd,Ripple USD,,1.000215,1575395777.9138303,34414278.7371078
2026-07-24,ripple-usd,rlusd,Ripple USD,,1.000252,1594352700.381717,21463814.170722164
2026-07-25,ripple-usd,rlusd,Ripple USD,,1.000193,1589655141.095484,113710041.91611363
2026-07-26,ripple-usd,rlusd,Ripple USD,,1.000318,1589853721.034543,53960353.597727396
2026-07-27,ripple-usd,rlusd,Ripple USD,,1.00021,1589682247.1368618,47638807.938347414
2026-07-28,ripple-usd,rlusd,Ripple USD,,1.000202,1585960542.3688188,113244025.90518424
2026-07-29,ripple-usd,rlusd,Ripple USD,,1.000314,1595922586.8749714,133454006.62581998
2026-07-30,ripple-usd,rlusd,Ripple USD,,1.000178,1569483800.555285,80497801.97487637
2026-07-31,ripple-usd,rlusd,Ripple USD,,1.000214,1583545221.7335346,93803977.37181562
2026-08-01,ripple-usd,rlusd,Ripple USD,,1.000022,1463727138.438957,138200860.64239597
2026-08-02,ripple-usd,rlusd,Ripple USD,,1.00023,1469083767.326856,32824053.73956959
2026-08-03,ripple-usd,rlusd,Ripple USD,,1.000009,1463707786.1066432,35298656.30096083
2026-08-04,ripple-usd,rlusd,Ripple USD,,1.000079,1549893844.5428722,75174897.87757093
2026-08-05,ripple-usd,rlusd,Ripple USD,,1.000107,1550068218.5258744,85517611.42089716
2026-08-06,ripple-usd,rlusd,Ripple USD,,0.999967,1593779000.1299577,97378743.98707245
2026-08-07,ripple-usd,rlusd,Ripple USD,,1.000168,1589875014.366405,76293690.74610324
2026-08-08,ripple-usd,rlusd,Ripple USD,,0.999977,1583131363.6205263,93078490.52368121
2026-08-09,ripple-usd,rlusd,Ripple USD,,1.000144,1584396650.94657,33222288.702661082
2026-08-10,ripple-usd,rlusd,Ripple USD,,1.00004,1584232151.3309147,30210083.118909165
2026-08-11,ripple-usd,rlusd,Ripple USD,,0.999955,1553924155.9530294,70810619.55656743
2026-08-12,ripple-usd,rlusd,Ripple USD,,1.000174,1573873799.2971704,129447999.09706503
2026-08-13,ripple-usd,rlusd,Ripple USD,,1.000115,1575625432.8245833,111654449.79785645
2026-08-14,ripple-usd,rlusd,Ripple USD,,1.000081,1576912195.3842623,116897803.85747138
2026-08-15,ripple-usd,rlusd,Ripple USD,,1.000223,1716646813.38472,195030296.67231768
2026-08-16,ripple-usd,rlusd,Ripple USD,,1.000184,1716579724.1667683,55165177.23359338
2026-08-17,ripple-usd,rlusd,Ripple USD,,1.000113,1716457953.5698552,46667270.199034624
2026-08-18,ripple-usd,rlusd,Ripple USD,,1.000141,1763464074.0696793,122863677.92724748
2026-08-19,ripple-usd,rlusd,Ripple USD,,1.000157,1760641397.6116438,99281109.53548017
2026-08-20,ripple-usd,rlusd,Ripple USD,,1.000284,1815989261.332048,368484287.6484324
2026-08-21,ripple-usd,rlusd,Ripple USD,,1.000211,1886870551.321507,680267089.557097
2026-08-22,ripple-usd,rlusd,Ripple USD,,1.000205,2073809866.464275,932454765.1696143
2026-08-23,ripple-usd,rlusd,Ripple USD,,1.000185,2073769695.012227,847187497.7768428
2026-08-24,ripple-usd,rlusd,Ripple USD,,1.000047,2077482614.9683325,471301370.3838564
2026-08-25,ripple-usd,rlusd,Ripple USD,,1.000142,2072430168.9272466,520777154.7123329
2026-08-26,ripple-usd,rlusd,Ripple USD,,1.000057,2078818455.6039312,314553706.8737573
2026-08-27,ripple-usd,rlusd,Ripple USD,,1.000209,2108259134.998234,147490984.7970784
2026-08-28,ripple-usd,rlusd,Ripple USD,,1.000496,2196173531.091033,388358314.3893709
2026-05-31,ondo-us-dollar-yield,usdy,Ondo US Dollar Yield,,1.132146,2138195878.9485707,344634.34638162993
2026-06-01,ondo-us-dollar-yield,usdy,Ondo US Dollar Yield,,1.134135,2141950679.6988764,1878151.5705230762
2026-06-02,ondo-us-dollar-yield,usdy,Ondo US Dollar Yield,,1.132419,2138709930.109685,356434.54322988924
2026-06-03,ondo-us-dollar-yield,usdy,Ondo US Dollar Yield,,1.133818,2139174004.09366,5013519.77213436
2026-06-04,ondo-us-dollar-yield,usdy,Ondo US Dollar Yield,,1.132891,2137552731.8958488,247652.780281895
2026-06-05,ondo-us-dollar-yield,usdy,Ondo US Dollar Yield,,1.133894,2139484777.3783572,425883.2370932456
2026-06-06,ondo-us-dollar-yield,usdy,Ondo US Dollar Yield,,1.135871,2143223176.0792787,11568684.908686284
2026-06-07,ondo-us-dollar-yield,usdy,Ondo US Dollar Yield,,1.134764,2141136539.8184114,229165.34749474644
2026-06-08,ondo-us-dollar-yield,usdy,Ondo US Dollar Yield,,1.134305,2140870190.8643153,492719.7705097548
2026-06-09,ondo-us-dollar-yield,usdy,Ondo US Dollar Yield,,1.134176,2145620743.9741566,1202844.9288908744
2026-06-10,ondo-us-dollar-yield,usdy,Ondo US Dollar Yield,,1.136081,2149116222.185874,115021.13256900408
2026-06-11,ondo-us-dollar-yield,usdy,Ondo US Dollar Yield,,1.130786,2140091275.1473343,2891506.175211623
2026-06-12,ondo-us-dollar-yield,usdy,Ondo US Dollar Yield,,1.133821,2145832001.929491,568818.1783552718
2026-06-13,ondo-us-dollar-yield,usdy,Ondo US Dollar Yield,,1.134319,2146976037.6367133,11485632.991173869
2026-06-14,ondo-us-dollar-yield,usdy,Ondo US Dollar Yield,,1.134184,2146853484.8647337,4281856.329203964
2026-06-15,ondo-us-dollar-yield,usdy,Ondo US Dollar Yield,,1.134947,2148509662.076322,1521245.5840160481
2026-06-16,ondo-us-dollar-yield,usdy,Ondo US Dollar Yield,,1.127598,2134597597.5313604,3260384.3947921866
2026-06-17,ondo-us-dollar-yield,usdy,Ondo US Dollar Yield,,1.12765,2134647465.1265054,1250476.1957740558
2026-06-18,ondo-us-dollar-yield,usdy,Ondo US Dollar Yield,,1.135888,2150241882.8974156,54098.92434837378
2026-06-19,ondo-us-dollar-yield,usdy,Ondo US Dollar Yield,,1.139199,2159564140.872614,4331963.679255399
2026-06-20,ondo-us-dollar-yield,usdy,Ondo US Dollar Yield,,1.138457,2158609703.55202,892746.5656001087
2026-06-21,ondo-us-dollar-yield,usdy,Ondo US Dollar Yield,,1.137864,2158066915.021226,1790466.6407072046
2026-06-22,ondo-us-dollar-yield,usdy,Ondo US Dollar Yield,,1.137659,2160384446.319108,243694.29260876798
2026-06-23,ondo-us-dollar-yield,usdy,Ondo US Dollar Yield,,1.136428,2156824221.8186445,1393368.4125615805
2026-06-24,ondo-us-dollar-yield,usdy,Ondo US Dollar Yield,,1.136581,2157271635.652174,1693348.5141440497
2026-06-25,ondo-us-dollar-yield,usdy,Ondo US Dollar Yield,,1.136144,2157216684.1296835,1609827.4473126621
2026-06-26,ondo-us-dollar-yield,usdy,Ondo US Dollar Yield,,1.136809,2158780101.6275764,1815255.8436577031
2026-06-27,ondo-us-dollar-yield,usdy,Ondo US Dollar Yield,,1.136925,2159922424.14887,2867679.044924939
2026-06-28,ondo-us-dollar-yield,usdy,Ondo US Dollar Yield,,1.1363,2159067259.392315,2046119.5761181144
2026-06-29,ondo-us-dollar-yield,usdy,Ondo US Dollar Yield,,1.136285,2158827315.0717616,1890570.3398744096
2026-06-30,ondo-us-dollar-yield,usdy,Ondo US Dollar Yield,,1.136708,2159441184.9993043,2102819.600005002
2026-07-01,ondo-us-dollar-yield,usdy,Ondo US Dollar Yield,,1.136636,2159251944.153005,1057512.1827597858
2026-07-02,ondo-us-dollar-yield,usdy,Ondo US Dollar Yield,,1.137702,2160551510.4289594,764180.8516148779
2026-07-03,ondo-us-dollar-yield,usdy,Ondo US Dollar Yield,,1.137234,2159688019.0267224,2514450.1731568063
2026-07-04,ondo-us-dollar-yield,usdy,Ondo US Dollar Yield,,1.136947,2152792554.651203,2288164.5903012347
2026-07-05,ondo-us-dollar-yield,usdy,Ondo US Dollar Yield,,1.134483,2147868194.3183923,1516302.8271719383
2026-07-06,ondo-us-dollar-yield,usdy,Ondo US Dollar Yield,,1.133795,2147136642.2182555,1166812.541492351
2026-07-07,ondo-us-dollar-yield,usdy,Ondo US Dollar Yield,,1.133806,2146472041.2456062,1523616.1757472004
2026-07-08,ondo-us-dollar-yield,usdy,Ondo US Dollar Yield,,1.137379,2154077737.5383286,858890.0186513686
2026-07-09,ondo-us-dollar-yield,usdy,Ondo US Dollar Yield,,1.13595,2151369577.125743,1712262.511012133
2026-07-10,ondo-us-dollar-yield,usdy,Ondo US Dollar Yield,,1.13542,2150397323.829755,1269933.6873133965
2026-07-11,ondo-us-dollar-yield,usdy,Ondo US Dollar Yield,,1.138282,2157027998.6834955,641666.4055713833
2026-07-12,ondo-us-dollar-yield,usdy,Ondo US Dollar Yield,,1.13788,2156227987.804508,420612.7406916021
2026-07-13,ondo-us-dollar-yield,usdy,Ondo US Dollar Yield,,1.134698,2150196417.3730555,874502.559632542
2026-07-14,ondo-us-dollar-yield,usdy,Ondo US Dollar Yield,,1.135977,2153650253.4054894,1691465.8566777317
2026-07-15,ondo-us-dollar-yield,usdy,Ondo US Dollar Yield,,1.138764,2158947532.6220007,974449.22877421
2026-07-16,ondo-us-dollar-yield,usdy,Ondo US Dollar Yield,,1.135631,2153899922.634238,1606025.294450685
2026-07-17,ondo-us-dollar-yield,usdy,Ondo US Dollar Yield,,1.138437,2158715235.8066835,1321843.4164775212
2026-07-18,ondo-us-dollar-yield,usdy,Ondo US Dollar Yield,,1.136483,2154661160.5206566,2188503.881968628
2026-07-19,ondo-us-dollar-yield,usdy,Ondo US Dollar Yield,,1.138725,2158912442.0191736,1097609.1057258337
2026-07-20,ondo-us-dollar-yield,usdy,Ondo US Dollar Yield,,1.138787,2159005393.310251,1117264.8953241007
2026-07-21,ondo-us-dollar-yield,usdy,Ondo US Dollar Yield,,1.136174,2152872344.9245234,2241718.3867335804
2026-07-22,ondo-us-dollar-yield,usdy,Ondo US Dollar Yield,,1.139055,2156873894.879063,1247409.9030272712
2026-07-23,ondo-us-dollar-yield,usdy,Ondo US Dollar Yield,,1.136884,2152735757.0980573,1686974.6909796242
2026-07-24,ondo-us-dollar-yield,usdy,Ondo US Dollar Yield,,1.137806,2153677213.8914075,1948947.911341573
2026-07-25,ondo-us-dollar-yield,usdy,Ondo US Dollar Yield,,1.136556,2153317401.498981,2339515.662237611
2026-07-26,ondo-us-dollar-yield,usdy,Ondo US Dollar Yield,,1.136986,2154132124.5389376,1129815.032783683
2026-07-27,ondo-us-dollar-yield,usdy,Ondo US Dollar Yield,,1.139572,2159031661.9338593,797432.3562629085
2026-07-28,ondo-us-dollar-yield,usdy,Ondo US Dollar Yield,,1.137011,2144609567.2701657,1799521.5109287812
2026-07-29,ondo-us-dollar-yield,usdy,Ondo US Dollar Yield,,1.139364,2149071228.412122,683946.3449014097
2026-07-30,ondo-us-dollar-yield,usdy,Ondo US Dollar Yield,,1.139818,2149622833.053625,1033312.8309510302
2026-07-31,ondo-us-dollar-yield,usdy,Ondo US Dollar Yield,,1.140521,2153739933.9278955,1019728.9364376036
2026-08-01,ondo-us-dollar-yield,usdy,Ondo US Dollar Yield,,1.140048,2150494864.144443,989399.1743719772
2026-08-02,ondo-us-dollar-yield,usdy,Ondo US Dollar Yield,,1.140012,2150592541.4841876,860111.60339727
2026-08-03,ondo-us-dollar-yield,usdy,Ondo US Dollar Yield,,1.140623,2150469529.759583,1915190.8416130284
2026-08-04,ondo-us-dollar-yield,usdy,Ondo US Dollar Yield,,1.140788,2149290616.6699085,2652296.323955988
2026-08-05,ondo-us-dollar-yield,usdy,Ondo US Dollar Yield,,1.139269,2146522661.483504,1462124.7041470665
2026-08-06,ondo-us-dollar-yield,usdy,Ondo US Dollar Yield,,1.14095,2145031836.6353204,750408.2148852105
2026-08-07,ondo-us-dollar-yield,usdy,Ondo US Dollar Yield,,1.140051,2143890033.6980457,1294151.5404772984
2026-08-08,ondo-us-dollar-yield,usdy,Ondo US Dollar Yield,,1.139399,2139133348.8203108,1142316.53976085
2026-08-09,ondo-us-dollar-yield,usdy,Ondo US Dollar Yield,,1.138509,2137496615.8175988,1184324.1522310905
2026-08-10,ondo-us-dollar-yield,usdy,Ondo US Dollar Yield,,1.139055,2138493299.4985924,1147776.5031155152
2026-08-11,ondo-us-dollar-yield,usdy,Ondo US Dollar Yield,,1.139029,2138384455.9179459,1659535.5282823592
2026-08-12,ondo-us-dollar-yield,usdy,Ondo US Dollar Yield,,1.139515,2138513756.3884933,1301278.6938146194
2026-08-13,ondo-us-dollar-yield,usdy,Ondo US Dollar Yield,,1.139606,2138692427.4270155,1656003.8492230242
2026-08-14,ondo-us-dollar-yield,usdy,Ondo US Dollar Yield,,1.139534,2138301700.7222955,1739745.5341609833
2026-08-15,ondo-us-dollar-yield,usdy,Ondo US Dollar Yield,,1.140328,2140990977.397961,1484016.498532368
2026-08-16,ondo-us-dollar-yield,usdy,Ondo US Dollar Yield,,1.140056,2140482773.9259696,1093428.0777012205
2026-08-17,ondo-us-dollar-yield,usdy,Ondo US Dollar Yield,,1.141958,2145515194.806616,4205067.991958845
2026-08-18,ondo-us-dollar-yield,usdy,Ondo US Dollar Yield,,1.141961,2145797435.62316,1585561.1457594219
2026-08-19,ondo-us-dollar-yield,usdy,Ondo US Dollar Yield,,1.138148,2138506474.8574736,1487114.452528689
2026-08-20,ondo-us-dollar-yield,usdy,Ondo US Dollar Yield,,1.139013,2140102770.6789412,1816492.2615683393
2026-08-21,ondo-us-dollar-yield,usdy,Ondo US Dollar Yield,,1.138417,2142110400.776487,1997125.7152475584
2026-08-22,ondo-us-dollar-yield,usdy,Ondo US Dollar Yield,,1.143,2154700487.676255,689207.7750505025
2026-08-23,ondo-us-dollar-yield,usdy,Ondo US Dollar Yield,,1.137384,2144102259.2772062,6465613.362859633
2026-08-24,ondo-us-dollar-yield,usdy,Ondo US Dollar Yield,,1.142413,2153286903.7646217,169749.79523424827
2026-08-25,ondo-us-dollar-yield,usdy,Ondo US Dollar Yield,,1.140524,2154136237.4512415,4133595.1397238476
2026-08-26,ondo-us-dollar-yield,usdy,Ondo US Dollar Yield,,1.140516,2179095955.1329107,3106825.8734849356
2026-08-27,ondo-us-dollar-yield,usdy,Ondo US Dollar Yield,,1.144198,2186277167.101454,1093726.234066785
2026-08-28,ondo-us-dollar-yield,usdy,Ondo US Dollar Yield,,1.144528,2186916239.3882213,685461.9491181803
2026-05-31,pax-gold,paxg,PAX Gold,,4518.350324,2110406426.1407142,51468185.43367556
2026-06-01,pax-gold,paxg,PAX Gold,,4530.131846,2115909275.3636506,59811489.62672937
2026-06-02,pax-gold,paxg,PAX Gold,,4475.726203,2077707219.7371438,168720185.86291757
2026-06-03,pax-gold,paxg,PAX Gold,,4464.274509,2072391151.1805632,163126105.590613
2026-06-04,pax-gold,paxg,PAX Gold,,4447.514548,2050147542.782002,156526874.0738601
2026-06-05,pax-gold,paxg,PAX Gold,,4453.081531,2052713726.2130163,189545553.96983093
2026-06-06,pax-gold,paxg,PAX Gold,,4319.843332,1991295609.3732219,260001577.7456435
2026-06-07,pax-gold,paxg,PAX Gold,,4297.293811,1980901074.6908128,92211974.27316333
2026-06-08,pax-gold,paxg,PAX Gold,,4334.58787,1998092322.0310683,135689279.3171323
2026-06-09,pax-gold,paxg,PAX Gold,,4308.831247,1986219206.4730062,152362850.827537
2026-06-10,pax-gold,paxg,PAX Gold,,4214.948421,1925786797.785804,145335100.01123312
2026-06-11,pax-gold,paxg,PAX Gold,,4051.273237,1851004504.7156866,237730144.01951256
2026-06-12,pax-gold,paxg,PAX Gold,,4211.554049,1924235927.554124,197857758.82213968
2026-06-13,pax-gold,paxg,PAX Gold,,4210.168691,1923602965.4925294,134951424.72073174
2026-06-14,pax-gold,paxg,PAX Gold,,4220.968745,1928537450.8502605,47548572.12340802
2026-06-15,pax-gold,paxg,PAX Gold,,4287.039842,1958724972.4715881,104154142.14536315
2026-06-16,pax-gold,paxg,PAX Gold,,4305.793762,1967293535.4696884,121101667.91875242
2026-06-17,pax-gold,paxg,PAX Gold,,4319.476014,1973544881.15491,107834803.35524742
2026-06-18,pax-gold,paxg,PAX Gold,,4269.438309,1940115855.2077782,169770138.52141854
2026-06-19,pax-gold,paxg,PAX Gold,,4180.939734,1899900380.1858208,128667710.50451128
2026-06-20,pax-gold,paxg,PAX Gold,,4151.363177,1886460217.4990656,99819580.69001117
2026-06-21,pax-gold,paxg,PAX Gold,,4150.000999,1885841217.1953454,44951171.30029224
2026-06-22,pax-gold,paxg,PAX Gold,,4133.746136,1878454690.9028428,48310865.55711312
2026-06-23,pax-gold,paxg,PAX Gold,,4179.226671,1899121931.3322814,101511074.24217469
2026-06-24,pax-gold,paxg,PAX Gold,,4091.817106,1850953906.5726454,144774867.70856866
2026-06-25,pax-gold,paxg,PAX Gold,,4006.780406,1812487130.483898,242989263.6634424
2026-06-26,pax-gold,paxg,PAX Gold,,4008.622083,1812500738.262068,164937444.4983575
2026-06-27,pax-gold,paxg,PAX Gold,,4077.150653,1843485967.9168775,139088256.1086939
2026-06-28,pax-gold,paxg,PAX Gold,,4070.510237,1840483499.9638908,42009067.6442361
2026-06-29,pax-gold,paxg,PAX Gold,,4053.836912,1832944640.4776783,58275900.86018493
2026-06-30,pax-gold,paxg,PAX Gold,,4007.787134,1812123207.580937,99378985.41462167
2026-07-01,pax-gold,paxg,PAX Gold,,3999.215378,1808247361.875113,217627976.5521992
2026-07-02,pax-gold,paxg,PAX Gold,,4029.525114,1821951925.4399834,178896476.11192626
2026-07-03,pax-gold,paxg,PAX Gold,,4119.461593,1862614451.5818162,150346072.73029894
2026-07-04,pax-gold,paxg,PAX Gold,,4166.264048,1883776177.226772,104302985.01281413
2026-07-05,pax-gold,paxg,PAX Gold,,4164.471995,1882965900.4556482,45787624.71725224
2026-07-06,pax-gold,paxg,PAX Gold,,4176.594962,1888447299.5880897,50245986.80674262
2026-07-07,pax-gold,paxg,PAX Gold,,4149.735436,1876302765.3844702,105429764.44868538
2026-07-08,pax-gold,paxg,PAX Gold,,4093.839699,1851031796.2281241,129024194.8077359
2026-07-09,pax-gold,paxg,PAX Gold,,4070.146901,1827086394.7051446,132478871.85431841
2026-07-10,pax-gold,paxg,PAX Gold,,4114.712035,1847091655.6342518,98343851.6615649
2026-07-11,pax-gold,paxg,PAX Gold,,4111.325876,1845562078.314095,87571004.3660437
2026-07-12,pax-gold,paxg,PAX Gold,,4100.122778,1840517974.3291724,35202879.05608529
2026-07-13,pax-gold,paxg,PAX Gold,,4077.423232,1830317104.9822779,45455662.71867684
2026-07-14,pax-gold,paxg,PAX Gold,,3995.05245,1793341632.3891246,118603782.92047752
2026-07-15,pax-gold,paxg,PAX Gold,,4045.639102,1816041021.2850177,128956192.25557844
2026-07-16,pax-gold,paxg,PAX Gold,,4048.779562,1817450737.5862265,91211281.93997242
2026-07-17,pax-gold,paxg,PAX Gold,,3981.862439,1787412408.125981,123254742.05955346
2026-07-18,pax-gold,paxg,PAX Gold,,4004.061338,1797377239.4586031,102812153.01899971
2026-07-19,pax-gold,paxg,PAX Gold,,4009.6501,1799885970.6061373,34241589.773668535
2026-07-20,pax-gold,paxg,PAX Gold,,3990.343538,1791219476.1492395,40576716.70431152
2026-07-21,pax-gold,paxg,PAX Gold,,4001.368076,1796168265.161451,94567555.68397886
2026-07-22,pax-gold,paxg,PAX Gold,,4071.209156,1827519125.306931,122428832.42405607
2026-07-23,pax-gold,paxg,PAX Gold,,4124.69264,1851527248.2932422,143751227.0478769
2026-07-24,pax-gold,paxg,PAX Gold,,4043.576968,1798846502.311751,99603163.28329988
2026-07-25,pax-gold,paxg,PAX Gold,,4050.609332,1801974955.8381653,93163957.35696347
2026-07-26,pax-gold,paxg,PAX Gold,,4052.178557,1802673049.393379,21327923.337759085
2026-07-27,pax-gold,paxg,PAX Gold,,4084.789648,1817180587.557561,48553311.57794288
2026-07-28,pax-gold,paxg,PAX Gold,,4062.718081,1807129794.0923865,110432308.6731371
2026-07-29,pax-gold,paxg,PAX Gold,,4018.632752,1789114148.3285513,87447735.59756258
2026-07-30,pax-gold,paxg,PAX Gold,,4077.975649,1802228352.4567258,120662382.71360652
2026-07-31,pax-gold,paxg,PAX Gold,,4098.599259,1811342693.6604528,114181096.71630475
2026-08-01,pax-gold,paxg,PAX Gold,,4043.989596,1787197889.5186546,100596045.5844601
2026-08-02,pax-gold,paxg,PAX Gold,,4045.455906,1787833684.3339508,24003592.318827186
2026-08-03,pax-gold,paxg,PAX Gold,,4068.035209,1797799949.8369112,53594378.360992014
2026-08-04,pax-gold,paxg,PAX Gold,,4048.099115,1788957747.652071,78640488.16683945
2026-08-05,pax-gold,paxg,PAX Gold,,4065.470803,1796624795.2564223,95324608.97795038
2026-08-06,pax-gold,paxg,PAX Gold,,4266.994645,1885670293.8283322,244317411.7973759
2026-08-07,pax-gold,paxg,PAX Gold,,4245.058694,1853198363.7417932,137351002.3274115
2026-08-08,pax-gold,paxg,PAX Gold,,4341.863113,1895458743.2655456,161452731.89450505
2026-08-09,pax-gold,paxg,PAX Gold,,4344.130018,1896448370.1941245,44500672.38952375
2026-08-10,pax-gold,paxg,PAX Gold,,4328.232997,1889508458.138801,50098182.36841635
2026-08-11,pax-gold,paxg,PAX Gold,,4392.508852,1917568355.1434755,122049935.12479784
2026-08-12,pax-gold,paxg,PAX Gold,,4365.295101,1905688076.733339,139415198.64591008
2026-08-13,pax-gold,paxg,PAX Gold,,4403.752611,1922474363.7553,134700581.38193673
2026-08-14,pax-gold,paxg,PAX Gold,,4352.930659,1900290327.4090476,109017360.36359206
2026-08-15,pax-gold,paxg,PAX Gold,,4376.138506,1912141677.4180582,119398177.95752722
2026-08-16,pax-gold,paxg,PAX Gold,,4375.20759,1911734916.3296409,34905373.91093708
2026-08-17,pax-gold,paxg,PAX Gold,,4365.299431,1907405573.487307,40460023.24808382
2026-08-18,pax-gold,paxg,PAX Gold,,4415.761478,1929454826.1584795,120036533.56388406
2026-08-19,pax-gold,paxg,PAX Gold,,4333.461124,1893493912.541943,116218592.17345424
2026-08-20,pax-gold,paxg,PAX Gold,,4494.799862,1973031459.6208444,283678524.1198463
2026-08-21,pax-gold,paxg,PAX Gold,,4513.773506,1981360105.4238422,247499880.28977704
2026-08-22,pax-gold,paxg,PAX Gold,,4599.390429,1992943188.9256043,254771361.26288033
2026-08-23,pax-gold,paxg,PAX Gold,,4588.081314,1988042882.2689998,100043965.83337057
2026-08-24,pax-gold,paxg,PAX Gold,,4615.088212,1999745131.385684,118695388.64213212
2026-08-25,pax-gold,paxg,PAX Gold,,4672.307573,2018900733.951117,190440600.44618592
2026-08-26,pax-gold,paxg,PAX Gold,,4646.495878,2007747518.8270078,171545403.97801238
2026-08-27,pax-gold,paxg,PAX Gold,,4615.090797,1994177406.2252223,126510919.0635363
2026-08-28,pax-gold,paxg,PAX Gold,,4587.965725,1982456682.1576898,113064765.07837163
2026-05-31,aave,aave,Aave,,82.78232,1232056296.6907113,121952498.81236733
2026-06-01,aave,aave,Aave,,82.051255,1221179056.3101764,121293155.26290119
2026-06-02,aave,aave,Aave,,80.190321,1193506463.468237,187700726.38114098
2026-06-03,aave,aave,Aave,,73.535178,1094577505.3328846,259548158.28036678
2026-06-04,aave,aave,Aave,,74.325248,1106342929.616138,227357686.4094802
2026-06-05,aave,aave,Aave,,71.264148,1060786156.1602327,230879648.89053297
2026-06-06,aave,aave,Aave,,62.255582,926698670.738518,453225978.1636376
2026-06-07,aave,aave,Aave,,60.932071,907001949.6702298,212881945.99644184
2026-06-08,aave,aave,Aave,,63.643953,947371819.8731427,198959864.6054217
2026-06-09,aave,aave,Aave,,63.431806,944228208.4792032,136996414.1886312
2026-06-10,aave,aave,Aave,,62.062746,923849912.0887774,142151376.71507078
2026-06-11,aave,aave,Aave,,61.246574,911722158.3022234,171113589.3613895
2026-06-12,aave,aave,Aave,,64.2516,956459521.9423361,152485761.76642147
2026-06-13,aave,aave,Aave,,64.184451,955460918.3105406,108936503.12207015
2026-06-14,aave,aave,Aave,,67.068588,998396866.4156327,107968750.8396167
2026-06-15,aave,aave,Aave,,68.303075,1016775535.9705592,101170967.98055205
2026-06-16,aave,aave,Aave,,73.72707,1097533760.244487,230665446.84415895
2026-06-17,aave,aave,Aave,,75.846529,1129091496.9390736,174130177.38857844
2026-06-18,aave,aave,Aave,,73.829966,1099088877.2021763,210350593.1146849
2026-06-19,aave,aave,Aave,,74.80965,1113674799.704648,157800483.6923226
2026-06-20,aave,aave,Aave,,73.567876,1095190363.5692072,134470398.44852096
2026-06-21,aave,aave,Aave,,75.994124,1131311909.6126907,124000991.82861906
2026-06-22,aave,aave,Aave,,73.980305,1101341153.5494857,110731823.70441134
2026-06-23,aave,aave,Aave,,74.942592,1115672178.7694762,140397535.69999447
2026-06-24,aave,aave,Aave,,72.361723,1077251806.1126378,176128301.02713344
2026-06-25,aave,aave,Aave,,79.941573,1190094700.542904,375665958.9421448
2026-06-26,aave,aave,Aave,,82.331924,1225683374.2612846,491592400.4142457
2026-06-27,aave,aave,Aave,,94.96202,1519392325.8367298,581647812.8872466
2026-06-28,aave,aave,Aave,,93.888987,1502223798.9670186,340432077.4070569
2026-06-29,aave,aave,Aave,,91.401305,1462420872.4768598,276222340.8790592
2026-06-30,aave,aave,Aave,,91.328932,1359683163.7459059,264736329.0537376
2026-07-01,aave,aave,Aave,,85.075065,1266577328.4724596,199758379.27569684
2026-07-02,aave,aave,Aave,,83.143969,1237827628.4361002,216075627.46973273
2026-07-03,aave,aave,Aave,,86.144078,1282492530.1365342,195432346.3178445
2026-07-04,aave,aave,Aave,,87.505189,1302756432.233594,242319326.00486588
2026-07-05,aave,aave,Aave,,88.565155,1318536949.2115855,153853307.16071668
2026-07-06,aave,aave,Aave,,89.0118,1325186497.3863413,123660424.91922411
2026-07-07,aave,aave,Aave,,94.142007,1401563794.8952932,266130672.62761572
2026-07-08,aave,aave,Aave,,90.021367,1340216697.9788706,213516304.39489293
2026-07-09,aave,aave,Aave,,88.224013,1313458110.8951938,209552186.51242653
2026-07-10,aave,aave,Aave,,91.272667,1460362673.0257988,212564267.4027677
2026-07-11,aave,aave,Aave,,95.691078,1531057242.0033765,248088810.70667246
2026-07-12,aave,aave,Aave,,98.086506,1569384092.3168948,237085945.017224
2026-07-13,aave,aave,Aave,,96.906093,1550497481.9242625,168784421.73451963
2026-07-14,aave,aave,Aave,,94.499318,1511989086.1447973,192380310.93985096
2026-07-15,aave,aave,Aave,,98.871933,1581950928.568899,218607216.85926676
2026-07-16,aave,aave,Aave,,95.740095,1531841518.702359,194932080.25696886
2026-07-17,aave,aave,Aave,,91.133837,1458141396.9500735,185985505.98518476
2026-07-18,aave,aave,Aave,,89.956823,1439309163.2550547,174585912.6190315
2026-07-19,aave,aave,Aave,,89.912936,1438606983.3827536,152569709.62929153
2026-07-20,aave,aave,Aave,,89.487082,1379566318.5371537,115124153.8285216
2026-07-21,aave,aave,Aave,,89.766853,1383883605.6722877,164462423.49745867
2026-07-22,aave,aave,Aave,,95.569013,1473424884.9057248,210704974.94747922
2026-07-23,aave,aave,Aave,,97.379892,1501348895.9437535,276540171.2123773
2026-07-24,aave,aave,Aave,,94.923589,1463488243.4208064,157858069.0551621
2026-07-25,aave,aave,Aave,,93.05559,1434689774.8233833,149687263.39427727
2026-07-26,aave,aave,Aave,,91.948279,1417624665.334464,123064304.32129458
2026-07-27,aave,aave,Aave,,101.391073,1563216113.7644725,290992904.74411434
2026-07-28,aave,aave,Aave,,97.896471,1509355730.4852536,248529557.28234962
2026-07-29,aave,aave,Aave,,100.792196,1554068120.136896,259658186.6303698
2026-07-30,aave,aave,Aave,,95.971746,1479747160.5641243,322961352.9587135
2026-07-31,aave,aave,Aave,,99.434477,1533160175.0669267,269927798.6296375
2026-08-01,aave,aave,Aave,,93.654858,1444344745.0921807,260082335.06979513
2026-08-02,aave,aave,Aave,,90.569207,1396761805.9865,290136029.8852605
2026-08-03,aave,aave,Aave,,92.057026,1419707490.1028545,191560963.3383475
2026-08-04,aave,aave,Aave,,92.306559,1423564889.5248032,183301509.53218615
2026-08-05,aave,aave,Aave,,90.416345,1394414706.3939865,170345821.63865033
2026-08-06,aave,aave,Aave,,89.781774,1384633968.1465733,180619869.92438668
2026-08-07,aave,aave,Aave,,89.637918,1382428563.9309688,161289592.62952462
2026-08-08,aave,aave,Aave,,89.869337,1386007669.1688333,150339697.2716754
2026-08-09,aave,aave,Aave,,91.191984,1406410181.708138,108770885.29124871
2026-08-10,aave,aave,Aave,,90.577293,1396933646.3297987,119961302.8542762
2026-08-11,aave,aave,Aave,,89.213591,1375903332.9372108,129612970.77824117
2026-08-12,aave,aave,Aave,,88.21431,1360495311.7977967,129298274.9544862
2026-08-13,aave,aave,Aave,,87.905151,1355733855.6943781,130154620.30852543
2026-08-14,aave,aave,Aave,,87.847828,1354852693.8865726,132746382.54567833
2026-08-15,aave,aave,Aave,,86.37996,1332215213.5743256,125486587.07535595
2026-08-16,aave,aave,Aave,,86.132578,1328402157.6479986,98682981.66077179
2026-08-17,aave,aave,Aave,,85.942199,1325468404.0952961,100794261.56024258
2026-08-18,aave,aave,Aave,,89.248084,1376460798.535294,149500947.42433053
2026-08-19,aave,aave,Aave,,87.49184,1349383723.1931388,168609188.1655518
2026-08-20,aave,aave,Aave,,95.27986,1469501917.9916918,242050706.30107185
2026-08-21,aave,aave,Aave,,99.184957,1529737213.565813,244507187.27886575
2026-08-22,aave,aave,Aave,,122.576912,1890521021.3194044,663209676.9206609
2026-08-23,aave,aave,Aave,,126.570981,1952140064.2871823,691422622.2664788
2026-08-24,aave,aave,Aave,,141.530479,2182919350.524116,717604162.7331959
2026-08-25,aave,aave,Aave,,132.267924,2040076467.5147207,552285381.750731
2026-08-26,aave,aave,Aave,,126.558657,1952033261.4043002,357905701.65702134
2026-08-27,aave,aave,Aave,,127.039441,1959491329.4957275,249726318.81446797
2026-08-28,aave,aave,Aave,,128.098276,1975918834.5329118,290797151.97116894
2026-05-31,aster-2,aster,Aster,,0.750522,1936288859.0504498,206660363.31221676
2026-06-01,aster-2,aster,Aster,,0.725752,1872383830.72987,257509585.89563382
2026-06-02,aster-2,aster,Aster,,0.690349,1781046494.4774237,231205080.73596093
2026-06-03,aster-2,aster,Aster,,0.669527,1727326584.7827923,235742277.7528184
2026-06-04,aster-2,aster,Aster,,0.685055,1767387551.152695,193933429.71845612
2026-06-05,aster-2,aster,Aster,,0.666235,1718834999.3420076,144895307.38120842
2026-06-06,aster-2,aster,Aster,,0.616385,1590226222.8985343,243383228.9652487
2026-06-07,aster-2,aster,Aster,,0.620645,1601215423.0130534,149110177.3901821
2026-06-08,aster-2,aster,Aster,,0.633261,1633764527.2772317,110626016.836619
2026-06-09,aster-2,aster,Aster,,0.631268,1628622592.8469992,93900824.37539066
2026-06-10,aster-2,aster,Aster,,0.620929,1662388153.5031075,94146930.75140737
2026-06-11,aster-2,aster,Aster,,0.619165,1657665995.8401976,101938244.7907621
2026-06-12,aster-2,aster,Aster,,0.630794,1688799091.6183615,101136657.79024477
2026-06-13,aster-2,aster,Aster,,0.627243,1679291521.1870766,61297872.6335433
2026-06-14,aster-2,aster,Aster,,0.639915,1713218854.656702,65511246.979318775
2026-06-15,aster-2,aster,Aster,,0.634945,1699914117.883327,51182988.38385649
2026-06-16,aster-2,aster,Aster,,0.648478,1736143322.1437182,93962623.98873009
2026-06-17,aster-2,aster,Aster,,0.661145,1770057099.4552138,109561492.14422263
2026-06-18,aster-2,aster,Aster,,0.715955,1916796756.3328395,493614118.70361173
2026-06-19,aster-2,aster,Aster,,0.637552,1706893015.0554156,243248304.99156538
2026-06-20,aster-2,aster,Aster,,0.633915,1697154489.9243963,108496125.70304558
2026-06-21,aster-2,aster,Aster,,0.64616,1729938470.7757454,90077558.7049838
2026-06-22,aster-2,aster,Aster,,0.635941,1702579233.4894404,59045132.037465736
2026-06-23,aster-2,aster,Aster,,0.629847,1686265078.1163156,68404228.14621276
2026-06-24,aster-2,aster,Aster,,0.634913,1699828007.821845,95781962.07779247
2026-06-25,aster-2,aster,Aster,,0.614729,1645790186.8041594,94901844.99315673
2026-06-26,aster-2,aster,Aster,,0.62215,1665656336.9919162,75605178.16307308
2026-06-27,aster-2,aster,Aster,,0.62953,1685415845.8039858,84811263.70708185
2026-06-28,aster-2,aster,Aster,,0.620683,1661729210.1861873,48245436.592591204
2026-06-29,aster-2,aster,Aster,,0.62147,1663836336.6963174,60764542.421907835
2026-06-30,aster-2,aster,Aster,,0.625696,1676987486.6103575,89978304.59319241
2026-07-01,aster-2,aster,Aster,,0.622329,1667964643.0977793,65482379.87817752
2026-07-02,aster-2,aster,Aster,,0.628889,1685545757.976122,57843079.05578554
2026-07-03,aster-2,aster,Aster,,0.63711,1707580481.978702,74793771.68546334
2026-07-04,aster-2,aster,Aster,,0.649971,1742051050.7773678,58521155.66370307
2026-07-05,aster-2,aster,Aster,,0.641627,1719687941.7645576,49271295.72549816
2026-07-06,aster-2,aster,Aster,,0.644888,1728427244.7138531,42385605.52378765
2026-07-07,aster-2,aster,Aster,,0.637479,1708570199.2798858,48324190.62764099
2026-07-08,aster-2,aster,Aster,,0.626602,1679417696.892266,44830527.18036106
2026-07-09,aster-2,aster,Aster,,0.622051,1667220050.0198903,54206202.369940646
2026-07-10,aster-2,aster,Aster,,0.622308,1667909287.2652748,51525254.29977043
2026-07-11,aster-2,aster,Aster,,0.629232,1686466222.182949,40752928.6306552
2026-07-12,aster-2,aster,Aster,,0.622174,1667548594.5116196,36570839.792808674
2026-07-13,aster-2,aster,Aster,,0.62129,1665180764.4494827,36592180.72490496
2026-07-14,aster-2,aster,Aster,,0.626933,1683646939.0198152,59018205.04610597
2026-07-15,aster-2,aster,Aster,,0.630345,1692810653.2220254,65104231.1833066
2026-07-16,aster-2,aster,Aster,,0.628419,1687638872.6552916,64513740.23526916
2026-07-17,aster-2,aster,Aster,,0.617423,1658109262.3332744,66760685.338033974
2026-07-18,aster-2,aster,Aster,,0.622809,1672572240.7886238,85429073.33711837
2026-07-19,aster-2,aster,Aster,,0.620367,1666015845.4356706,48030516.68725134
2026-07-20,aster-2,aster,Aster,,0.620281,1665783230.1195235,47549898.260049045
2026-07-21,aster-2,aster,Aster,,0.625504,1679809300.4916773,59862873.48643567
2026-07-22,aster-2,aster,Aster,,0.627356,1684784370.2672572,66576062.15479608
2026-07-23,aster-2,aster,Aster,,0.622113,1670702695.1923478,58859814.48748243
2026-07-24,aster-2,aster,Aster,,0.620115,1665338786.2537303,65651204.83892422
2026-07-25,aster-2,aster,Aster,,0.629598,1690805192.4225533,65428261.95285153
2026-07-26,aster-2,aster,Aster,,0.629647,1690937639.9061446,39991910.31925016
2026-07-27,aster-2,aster,Aster,,0.628228,1687127028.592873,44305845.71141036
2026-07-28,aster-2,aster,Aster,,0.61992,1666187902.5408633,61407844.21259682
2026-07-29,aster-2,aster,Aster,,0.621116,1669401900.7248526,64615816.323471375
2026-07-30,aster-2,aster,Aster,,0.598251,1607946967.0451093,98329918.94665287
2026-07-31,aster-2,aster,Aster,,0.607762,1633508959.3324013,76832421.52060169
2026-08-01,aster-2,aster,Aster,,0.599373,1610960519.8828032,71342875.18113984
2026-08-02,aster-2,aster,Aster,,0.599447,1611160278.721291,42201505.40543487
2026-08-03,aster-2,aster,Aster,,0.603752,1622730084.5688045,44815578.78900602
2026-08-04,aster-2,aster,Aster,,0.600537,1614091371.6177967,48884364.96841468
2026-08-05,aster-2,aster,Aster,,0.604304,1624216097.5621793,44600408.363432124
2026-08-06,aster-2,aster,Aster,,0.604382,1624424765.2006037,47603821.009951845
2026-08-07,aster-2,aster,Aster,,0.599707,1611859051.3533819,48182533.47329459
2026-08-08,aster-2,aster,Aster,,0.600239,1613289216.3864357,40042805.151836246
2026-08-09,aster-2,aster,Aster,,0.603884,1623086892.039087,41949375.37770972
2026-08-10,aster-2,aster,Aster,,0.612132,1645254626.108978,48106264.44916312
2026-08-11,aster-2,aster,Aster,,0.599863,1613989330.1240196,56912542.01196851
2026-08-12,aster-2,aster,Aster,,0.604865,1627448090.585524,39806767.583358206
2026-08-13,aster-2,aster,Aster,,0.601783,1619155945.0109127,40623107.53495897
2026-08-14,aster-2,aster,Aster,,0.60261,1621380927.016112,38765420.32109225
2026-08-15,aster-2,aster,Aster,,0.6035,1623774543.8090773,49202892.59441805
2026-08-16,aster-2,aster,Aster,,0.59997,1614275786.000878,42223979.1185603
2026-08-17,aster-2,aster,Aster,,0.59861,1610618225.5980668,44660395.270958155
2026-08-18,aster-2,aster,Aster,,0.601029,1618477897.0168862,70370219.79273959
2026-08-19,aster-2,aster,Aster,,0.601872,1620749429.9816165,63455283.33932992
2026-08-20,aster-2,aster,Aster,,0.625083,1683251420.3910291,89801068.010316
2026-08-21,aster-2,aster,Aster,,0.664203,1788597901.6642246,149225493.9420079
2026-08-22,aster-2,aster,Aster,,0.709295,1910023479.8665884,238349988.34263808
2026-08-23,aster-2,aster,Aster,,0.648765,1747025723.0811024,248840126.1738041
2026-08-24,aster-2,aster,Aster,,0.674787,1817097037.698243,149523206.39640218
2026-08-25,aster-2,aster,Aster,,0.699142,1887691820.2337534,161673389.95505634
2026-08-26,aster-2,aster,Aster,,0.698495,1885944136.2840095,136024697.98105192
2026-08-27,aster-2,aster,Aster,,0.727623,1964590409.733373,108476830.41453254
2026-08-28,aster-2,aster,Aster,,0.703007,1898126916.249746,95590257.43644923
2026-05-31,pump-fun,pump,Pump.fun,,0.001783,627621338.1979953,28273941.90028468
2026-06-01,pump-fun,pump,Pump.fun,,0.001796,631594325.4335083,26926737.33499395
2026-06-02,pump-fun,pump,Pump.fun,,0.001832,643855238.9389861,57650668.18744712
2026-06-03,pump-fun,pump,Pump.fun,,0.001635,574213399.8285627,67479275.42249723
2026-06-04,pump-fun,pump,Pump.fun,,0.001764,618805423.309168,70839046.79035923
2026-06-05,pump-fun,pump,Pump.fun,,0.001648,577986943.4385802,96169598.39281964
2026-06-06,pump-fun,pump,Pump.fun,,0.001419,497290803.4160872,116027792.40295973
2026-06-07,pump-fun,pump,Pump.fun,,0.001425,499172290.470692,48595871.18692755
2026-06-08,pump-fun,pump,Pump.fun,,0.001525,533830354.8736322,51816386.75716894
2026-06-09,pump-fun,pump,Pump.fun,,0.001624,567811310.732188,66101893.05295986
2026-06-10,pump-fun,pump,Pump.fun,,0.001519,530781002.8423446,47400239.2292844
2026-06-11,pump-fun,pump,Pump.fun,,0.001372,478900477.6271241,40657199.4850966
2026-06-12,pump-fun,pump,Pump.fun,,0.001454,507381211.50669837,41492139.03107221
2026-06-13,pump-fun,pump,Pump.fun,,0.00151,526238985.6436852,47579920.5448159
2026-06-14,pump-fun,pump,Pump.fun,,0.001539,536043830.8817434,25655083.31860259
2026-06-15,pump-fun,pump,Pump.fun,,0.001575,548124124.5963522,44658546.10565353
2026-06-16,pump-fun,pump,Pump.fun,,0.001557,541486027.316719,43377026.739749156
2026-06-17,pump-fun,pump,Pump.fun,,0.001508,523883271.62935245,41428996.44899505
2026-06-18,pump-fun,pump,Pump.fun,,0.001475,512001959.0619718,47857768.327435866
2026-06-19,pump-fun,pump,Pump.fun,,0.001453,504018476.0927041,40349561.899442814
2026-06-20,pump-fun,pump,Pump.fun,,0.001379,478126002.82176036,38683656.69165791
2026-06-21,pump-fun,pump,Pump.fun,,0.001416,490547477.5830391,29652016.658202127
2026-06-22,pump-fun,pump,Pump.fun,,0.001464,506710276.8994597,56813025.30902134
2026-06-23,pump-fun,pump,Pump.fun,,0.001454,502974450.8298439,44757392.43066259
2026-06-24,pump-fun,pump,Pump.fun,,0.001445,499464273.81308955,35348295.07431046
2026-06-25,pump-fun,pump,Pump.fun,,0.001282,442733361.38391066,56307744.41859171
2026-06-26,pump-fun,pump,Pump.fun,,0.001199,488332340.7973999,64567104.02126441
2026-06-27,pump-fun,pump,Pump.fun,,0.001344,546833217.063203,56293176.56345773
2026-06-28,pump-fun,pump,Pump.fun,,0.001351,549103319.8333144,48177278.84093208
2026-06-29,pump-fun,pump,Pump.fun,,0.001438,583912782.1343971,103628774.12914778
2026-06-30,pump-fun,pump,Pump.fun,,0.001501,609367321.6441813,79752541.59564318
2026-07-01,pump-fun,pump,Pump.fun,,0.001414,573202255.2973372,55293674.12483172
2026-07-02,pump-fun,pump,Pump.fun,,0.001383,560388347.7188386,56151902.63813721
2026-07-03,pump-fun,pump,Pump.fun,,0.001522,615827109.716036,81107193.47290044
2026-07-04,pump-fun,pump,Pump.fun,,0.001629,658611341.3886107,58586388.12489778
2026-07-05,pump-fun,pump,Pump.fun,,0.001552,627131946.2921274,41168047.050309345
2026-07-06,pump-fun,pump,Pump.fun,,0.001628,657445638.1983312,52346648.495971024
2026-07-07,pump-fun,pump,Pump.fun,,0.001628,656947826.533315,67964243.92955573
2026-07-08,pump-fun,pump,Pump.fun,,0.001565,630914979.8892329,52013289.64678926
2026-07-09,pump-fun,pump,Pump.fun,,0.001489,599880068.0966451,45261220.49741945
2026-07-10,pump-fun,pump,Pump.fun,,0.001478,594747342.5115541,23976396.299539607
2026-07-11,pump-fun,pump,Pump.fun,,0.001458,586476426.1193554,30077395.099012136
2026-07-12,pump-fun,pump,Pump.fun,,0.001389,558207387.3851925,20599635.12363875
2026-07-13,pump-fun,pump,Pump.fun,,0.001461,586862565.9361359,26232105.378995895
2026-07-14,pump-fun,pump,Pump.fun,,0.001479,594031515.5304682,59631634.385164544
2026-07-15,pump-fun,pump,Pump.fun,,0.001512,606778054.5896664,76451223.76816632
2026-07-16,pump-fun,pump,Pump.fun,,0.001689,677289967.4006811,112594461.00282405
2026-07-17,pump-fun,pump,Pump.fun,,0.001695,679360679.6900202,80450660.76308767
2026-07-18,pump-fun,pump,Pump.fun,,0.001636,655391274.469261,52137295.14656268
2026-07-19,pump-fun,pump,Pump.fun,,0.001662,665210271.9972239,22546583.03372829
2026-07-20,pump-fun,pump,Pump.fun,,0.001996,798529091.9734813,87172246.35701536
2026-07-21,pump-fun,pump,Pump.fun,,0.002024,809237164.3688058,156650486.3684352
2026-07-22,pump-fun,pump,Pump.fun,,0.002002,799862982.0951599,74378721.73149036
2026-07-23,pump-fun,pump,Pump.fun,,0.001908,761922730.104178,66833752.83676157
2026-07-24,pump-fun,pump,Pump.fun,,0.001829,729557302.3360198,41041049.03921359
2026-07-25,pump-fun,pump,Pump.fun,,0.001833,730610993.9810565,38462490.37085022
2026-07-26,pump-fun,pump,Pump.fun,,0.001781,709222956.1433606,23219824.544638466
2026-07-27,pump-fun,pump,Pump.fun,,0.002015,802018421.5330906,77716005.38064316
2026-07-28,pump-fun,pump,Pump.fun,,0.002116,841369957.1051605,149669327.29815888
2026-07-29,pump-fun,pump,Pump.fun,,0.001966,781247304.4236794,92793119.49217626
2026-07-30,pump-fun,pump,Pump.fun,,0.001863,739599695.2478968,70659063.42827003
2026-07-31,pump-fun,pump,Pump.fun,,0.001985,787277901.6088129,67214877.60426784
2026-08-01,pump-fun,pump,Pump.fun,,0.00207,820303593.3536463,91570006.01525763
2026-08-02,pump-fun,pump,Pump.fun,,0.002113,837097902.1970818,69845209.19089076
2026-08-03,pump-fun,pump,Pump.fun,,0.002083,824660540.7580318,74027411.5750615
2026-08-04,pump-fun,pump,Pump.fun,,0.002132,843350467.8253193,79629733.41855472
2026-08-05,pump-fun,pump,Pump.fun,,0.002422,956858246.1705346,145026509.48589218
2026-08-06,pump-fun,pump,Pump.fun,,0.002407,950418816.6714265,102677034.46595225
2026-08-07,pump-fun,pump,Pump.fun,,0.00239,942868906.4674473,82791737.05135131
2026-08-08,pump-fun,pump,Pump.fun,,0.002265,893062530.9119148,65348827.55881099
2026-08-09,pump-fun,pump,Pump.fun,,0.002406,948118263.3057362,48331104.27728997
2026-08-10,pump-fun,pump,Pump.fun,,0.002675,1052968553.6595728,132614357.65243833
2026-08-11,pump-fun,pump,Pump.fun,,0.002776,1092038779.504185,137964155.85214674
2026-08-12,pump-fun,pump,Pump.fun,,0.002722,1070088059.9865168,114143053.67448306
2026-08-13,pump-fun,pump,Pump.fun,,0.002751,1080324668.1642706,83874013.5191087
2026-08-14,pump-fun,pump,Pump.fun,,0.002906,1140417778.525457,93553243.01938026
2026-08-15,pump-fun,pump,Pump.fun,,0.00284,1113892057.0667605,91924041.18810444
2026-08-16,pump-fun,pump,Pump.fun,,0.002751,1078224816.7105253,57665276.46541329
2026-08-17,pump-fun,pump,Pump.fun,,0.002666,1044543692.8073617,44785575.33431127
2026-08-18,pump-fun,pump,Pump.fun,,0.002742,1073439426.9350203,104788835.46349834
2026-08-19,pump-fun,pump,Pump.fun,,0.003092,1209516699.4692464,91775569.42571993
2026-08-20,pump-fun,pump,Pump.fun,,0.003,1172566729.3870337,139069819.14960423
2026-08-21,pump-fun,pump,Pump.fun,,0.003839,1499163476.6548464,288734741.73492515
2026-08-22,pump-fun,pump,Pump.fun,,0.004061,1585190919.6854703,296192262.5588515
2026-08-23,pump-fun,pump,Pump.fun,,0.004969,1938312503.892063,777008748.4418365
2026-08-24,pump-fun,pump,Pump.fun,,0.005225,2037487174.5835752,537668059.9723928
2026-08-25,pump-fun,pump,Pump.fun,,0.004743,1848573009.283775,262254809.91189274
2026-08-26,pump-fun,pump,Pump.fun,,0.004502,1753410711.3774023,237660213.09657294
2026-08-27,pump-fun,pump,Pump.fun,,0.004889,1903036728.7481637,266608386.60950896
2026-08-28,pump-fun,pump,Pump.fun,,0.004881,1938044162.7050042,337901180.06165624
2026-05-31,world-liberty-financial,wlfi,World Liberty Financial,,0.05914,1879070654.2577565,25143573.495919023
2026-06-01,world-liberty-financial,wlfi,World Liberty Financial,,0.059313,1884575952.8257973,25095895.365633488
2026-06-02,world-liberty-financial,wlfi,World Liberty Financial,,0.05906,1876532657.4473906,46553425.38440953
2026-06-03,world-liberty-financial,wlfi,World Liberty Financial,,0.059504,1890670767.8361156,50716087.980860226
2026-06-04,world-liberty-financial,wlfi,World Liberty Financial,,0.062494,1985671770.268797,41683504.17542044
2026-06-05,world-liberty-financial,wlfi,World Liberty Financial,,0.059962,1905217393.4227388,70772492.39008343
2026-06-06,world-liberty-financial,wlfi,World Liberty Financial,,0.056628,1799287271.7247467,74817355.80366568
2026-06-07,world-liberty-financial,wlfi,World Liberty Financial,,0.055837,1774145707.7119853,23303595.19571767
2026-06-08,world-liberty-financial,wlfi,World Liberty Financial,,0.057165,1816342216.5720775,29248052.957526162
2026-06-09,world-liberty-financial,wlfi,World Liberty Financial,,0.057782,1835935136.6258085,26278834.02026511
2026-06-10,world-liberty-financial,wlfi,World Liberty Financial,,0.054694,1737836529.4512074,28133657.958441455
2026-06-11,world-liberty-financial,wlfi,World Liberty Financial,,0.05881,1868606897.6913705,65403996.50004747
2026-06-12,world-liberty-financial,wlfi,World Liberty Financial,,0.05848,1858150919.811288,30986472.683528166
2026-06-13,world-liberty-financial,wlfi,World Liberty Financial,,0.057967,1841826680.4190176,71169159.54172397
2026-06-14,world-liberty-financial,wlfi,World Liberty Financial,,0.058878,1870773884.342421,29136228.212132294
2026-06-15,world-liberty-financial,wlfi,World Liberty Financial,,0.059781,1899470880.454151,39757643.53472566
2026-06-16,world-liberty-financial,wlfi,World Liberty Financial,,0.059818,1900664453.7785964,42923799.5366517
2026-06-17,world-liberty-financial,wlfi,World Liberty Financial,,0.060025,1907243043.0013273,45118517.17359893
2026-06-18,world-liberty-financial,wlfi,World Liberty Financial,,0.062639,1990284458.2468295,33956481.406887695
2026-06-19,world-liberty-financial,wlfi,World Liberty Financial,,0.059473,1889683343.3719058,27360980.96144525
2026-06-20,world-liberty-financial,wlfi,World Liberty Financial,,0.05901,1875001871.272546,24939881.39701074
2026-06-21,world-liberty-financial,wlfi,World Liberty Financial,,0.057969,1841897183.4652932,16332348.803962864
2026-06-22,world-liberty-financial,wlfi,World Liberty Financial,,0.059589,1893383742.3371058,20974416.135870364
2026-06-23,world-liberty-financial,wlfi,World Liberty Financial,,0.05876,1867054002.763897,18616170.781502195
2026-06-24,world-liberty-financial,wlfi,World Liberty Financial,,0.059507,1890773966.053753,27687208.84355511
2026-06-25,world-liberty-financial,wlfi,World Liberty Financial,,0.057489,1826671590.024031,35836021.64571371
2026-06-26,world-liberty-financial,wlfi,World Liberty Financial,,0.058256,1851042024.4472966,40180450.42134914
2026-06-27,world-liberty-financial,wlfi,World Liberty Financial,,0.057829,1837461947.1995316,34737788.32804844
2026-06-28,world-liberty-financial,wlfi,World Liberty Financial,,0.05754,1828283869.926019,24361145.43503582
2026-06-29,world-liberty-financial,wlfi,World Liberty Financial,,0.057953,1841397500.839904,19145921.206020545
2026-06-30,world-liberty-financial,wlfi,World Liberty Financial,,0.059287,1883790285.8973796,35120596.10870475
2026-07-01,world-liberty-financial,wlfi,World Liberty Financial,,0.057719,1833988539.4740818,32342624.229109056
2026-07-02,world-liberty-financial,wlfi,World Liberty Financial,,0.057372,1822952083.101463,24347365.865655474
2026-07-03,world-liberty-financial,wlfi,World Liberty Financial,,0.058171,1848327675.9906793,27348426.73030149
2026-07-04,world-liberty-financial,wlfi,World Liberty Financial,,0.056784,1804275818.1466682,34634366.157047
2026-07-05,world-liberty-financial,wlfi,World Liberty Financial,,0.057702,1833444966.585675,24913284.25361583
2026-07-06,world-liberty-financial,wlfi,World Liberty Financial,,0.058922,1872215042.9176548,36632539.661718614
2026-07-07,world-liberty-financial,wlfi,World Liberty Financial,,0.058159,1847943582.351152,24766105.73327264
2026-07-08,world-liberty-financial,wlfi,World Liberty Financial,,0.058295,1852271698.9552522,38919027.409509525
2026-07-09,world-liberty-financial,wlfi,World Liberty Financial,,0.058511,1859151370.1896613,31194590.934621967
2026-07-10,world-liberty-financial,wlfi,World Liberty Financial,,0.058199,1849238362.390776,19629934.499758154
2026-07-11,world-liberty-financial,wlfi,World Liberty Financial,,0.058125,1846896910.3987176,28746876.46678209
2026-07-12,world-liberty-financial,wlfi,World Liberty Financial,,0.058206,1849449134.1449277,16552316.877884464
2026-07-13,world-liberty-financial,wlfi,World Liberty Financial,,0.057533,1828080380.7680125,19410451.471849624
2026-07-14,world-liberty-financial,wlfi,World Liberty Financial,,0.057632,1831220985.8271954,21771191.123132225
2026-07-15,world-liberty-financial,wlfi,World Liberty Financial,,0.057394,1823672309.2036948,20347889.455759425
2026-07-16,world-liberty-financial,wlfi,World Liberty Financial,,0.057389,1823508027.6568222,29017758.765584987
2026-07-17,world-liberty-financial,wlfi,World Liberty Financial,,0.057535,1828151997.3171785,26746303.888237312
2026-07-18,world-liberty-financial,wlfi,World Liberty Financial,,0.057104,1814458497.235423,25343968.939932127
2026-07-19,world-liberty-financial,wlfi,World Liberty Financial,,0.05695,1809571202.7880335,22007369.298207037
2026-07-20,world-liberty-financial,wlfi,World Liberty Financial,,0.057589,1829848222.4157193,21159468.62734138
2026-07-21,world-liberty-financial,wlfi,World Liberty Financial,,0.056907,1808201461.8921456,24811477.291548293
2026-07-22,world-liberty-financial,wlfi,World Liberty Financial,,0.05698,1810516971.2546012,24778198.91044793
2026-07-23,world-liberty-financial,wlfi,World Liberty Financial,,0.056129,1783471073.3638952,30833210.660559535
2026-07-24,world-liberty-financial,wlfi,World Liberty Financial,,0.057469,1826045151.3486228,179987391.16047397
2026-07-25,world-liberty-financial,wlfi,World Liberty Financial,,0.057337,1821880108.3807392,61855678.160049565
2026-07-26,world-liberty-financial,wlfi,World Liberty Financial,,0.056145,1783981899.055769,25980807.55154065
2026-07-27,world-liberty-financial,wlfi,World Liberty Financial,,0.055271,1756238350.5379775,21141811.25131444
2026-07-28,world-liberty-financial,wlfi,World Liberty Financial,,0.054635,1736017298.7082965,26073622.57440959
2026-07-29,world-liberty-financial,wlfi,World Liberty Financial,,0.054594,1734726715.3655365,22429230.5700852
2026-07-30,world-liberty-financial,wlfi,World Liberty Financial,,0.055667,1768804204.4699647,26694514.6461434
2026-07-31,world-liberty-financial,wlfi,World Liberty Financial,,0.054951,1746058035.0495188,24384308.301350504
2026-08-01,world-liberty-financial,wlfi,World Liberty Financial,,0.054771,1740336762.4968026,26187572.86319348
2026-08-02,world-liberty-financial,wlfi,World Liberty Financial,,0.055108,1751054412.1322489,18426008.91470448
2026-08-03,world-liberty-financial,wlfi,World Liberty Financial,,0.05557,1765799268.421717,21425628.857956756
2026-08-04,world-liberty-financial,wlfi,World Liberty Financial,,0.055228,1754910215.676801,22120405.159971885
2026-08-05,world-liberty-financial,wlfi,World Liberty Financial,,0.054848,1742837331.3073113,20133130.497976337
2026-08-06,world-liberty-financial,wlfi,World Liberty Financial,,0.053434,1697905723.5869923,25060242.80422506
2026-08-07,world-liberty-financial,wlfi,World Liberty Financial,,0.052756,1676371666.6159582,25964033.01821335
2026-08-08,world-liberty-financial,wlfi,World Liberty Financial,,0.051923,1649906225.6364977,26271577.71324609
2026-08-09,world-liberty-financial,wlfi,World Liberty Financial,,0.051301,1630153585.2418838,17493832.893520992
2026-08-10,world-liberty-financial,wlfi,World Liberty Financial,,0.053117,1687843346.329538,27512518.899939317
2026-08-11,world-liberty-financial,wlfi,World Liberty Financial,,0.054885,1744020235.0314584,29334889.601630226
2026-08-12,world-liberty-financial,wlfi,World Liberty Financial,,0.05491,1744832680.4646668,35589611.85868345
2026-08-13,world-liberty-financial,wlfi,World Liberty Financial,,0.055001,1747716738.1163697,22839704.267739553
2026-08-14,world-liberty-financial,wlfi,World Liberty Financial,,0.055001,1747704258.6763077,17418126.36606481
2026-08-15,world-liberty-financial,wlfi,World Liberty Financial,,0.055528,1764459068.912079,71291677.90334214
2026-08-16,world-liberty-financial,wlfi,World Liberty Financial,,0.056995,1811093244.6870186,36387878.63486351
2026-08-17,world-liberty-financial,wlfi,World Liberty Financial,,0.059466,1889598390.686044,60617328.744765006
2026-08-18,world-liberty-financial,wlfi,World Liberty Financial,,0.060599,1925614463.3260472,35378866.7593016
2026-08-19,world-liberty-financial,wlfi,World Liberty Financial,,0.060551,1924077053.3960295,25632608.017163645
2026-08-20,world-liberty-financial,wlfi,World Liberty Financial,,0.061404,1951191501.5073497,42699811.09166864
2026-08-21,world-liberty-financial,wlfi,World Liberty Financial,,0.0599,1903414598.586933,54230792.767651126
2026-08-22,world-liberty-financial,wlfi,World Liberty Financial,,0.062548,1987550457.0065484,86815222.9109462
2026-08-23,world-liberty-financial,wlfi,World Liberty Financial,,0.058934,1872706317.2289608,205320590.84901902
2026-08-24,world-liberty-financial,wlfi,World Liberty Financial,,0.058982,1874240986.2602205,81901598.39778012
2026-08-25,world-liberty-financial,wlfi,World Liberty Financial,,0.057498,1827082809.2755718,63893637.02076331
2026-08-26,world-liberty-financial,wlfi,World Liberty Financial,,0.057864,1838720461.2727618,53059320.95752775
2026-08-27,world-liberty-financial,wlfi,World Liberty Financial,,0.058993,1874599366.3375528,44998587.61710973
2026-08-28,world-liberty-financial,wlfi,World Liberty Financial,,0.059342,1885696927.0907948,46344609.23317191
2026-05-31,ondo-finance,ondo,Ondo,,0.375232,1827130965.923756,230691830.47311768
2026-06-01,ondo-finance,ondo,Ondo,,0.363758,1771257140.5944881,184599194.03997168
2026-06-02,ondo-finance,ondo,Ondo,,0.356121,1734068715.3792186,160354528.9919452
2026-06-03,ondo-finance,ondo,Ondo,,0.388005,1889327012.730674,335367137.7260954
2026-06-04,ondo-finance,ondo,Ondo,,0.413704,2014461600.4840913,361793417.67499554
2026-06-05,ondo-finance,ondo,Ondo,,0.370222,1802732436.6916769,368245343.42811143
2026-06-06,ondo-finance,ondo,Ondo,,0.344025,1675171119.9706755,240822989.63522208
2026-06-07,ondo-finance,ondo,Ondo,,0.324549,1580334206.6294448,114662583.90514182
2026-06-08,ondo-finance,ondo,Ondo,,0.3496,1702318298.7412026,152072715.3062035
2026-06-09,ondo-finance,ondo,Ondo,,0.364631,1775508469.7858982,153493392.04132256
2026-06-10,ondo-finance,ondo,Ondo,,0.357374,1740174124.4632938,127844792.87673417
2026-06-11,ondo-finance,ondo,Ondo,,0.333313,1623011119.8813086,106118995.55615653
2026-06-12,ondo-finance,ondo,Ondo,,0.365377,1779140991.939727,101538123.80486919
2026-06-13,ondo-finance,ondo,Ondo,,0.353692,1722245482.8187087,110131383.59727295
2026-06-14,ondo-finance,ondo,Ondo,,0.364557,1775149976.497488,93261167.46610533
2026-06-15,ondo-finance,ondo,Ondo,,0.367544,1789693969.783968,125965893.95499353
2026-06-16,ondo-finance,ondo,Ondo,,0.369994,1801621796.105421,145545572.9727002
2026-06-17,ondo-finance,ondo,Ondo,,0.36947,1799071105.6334288,158859711.86716104
2026-06-18,ondo-finance,ondo,Ondo,,0.364628,1775492836.2411413,125861395.76895621
2026-06-19,ondo-finance,ondo,Ondo,,0.36602,1782274507.5797157,144662352.63336012
2026-06-20,ondo-finance,ondo,Ondo,,0.354807,1727673662.417154,100514911.42580539
2026-06-21,ondo-finance,ondo,Ondo,,0.342834,1669371319.4823055,84644962.80131696
2026-06-22,ondo-finance,ondo,Ondo,,0.329567,1604772913.0574079,58364555.0620251
2026-06-23,ondo-finance,ondo,Ondo,,0.32865,1600307833.207657,57745967.23249494
2026-06-24,ondo-finance,ondo,Ondo,,0.31448,1531306191.4184763,69716840.57447238
2026-06-25,ondo-finance,ondo,Ondo,,0.314299,1530427398.1938028,81005288.64705543
2026-06-26,ondo-finance,ondo,Ondo,,0.313782,1527906632.6771085,88100855.6730492
2026-06-27,ondo-finance,ondo,Ondo,,0.316111,1539248583.995745,82368347.06293993
2026-06-28,ondo-finance,ondo,Ondo,,0.310269,1510804000.776993,48672835.15780532
2026-06-29,ondo-finance,ondo,Ondo,,0.30895,1504378915.4784772,43354897.218947105
2026-06-30,ondo-finance,ondo,Ondo,,0.315854,1537998974.473132,74793058.28002873
2026-07-01,ondo-finance,ondo,Ondo,,0.307562,1497623144.697096,57116321.91707005
2026-07-02,ondo-finance,ondo,Ondo,,0.323242,1573971494.8814337,83997229.2474304
2026-07-03,ondo-finance,ondo,Ondo,,0.328238,1598300689.620776,70109329.78141862
2026-07-04,ondo-finance,ondo,Ondo,,0.333763,1625201999.9425945,47821909.84417214
2026-07-05,ondo-finance,ondo,Ondo,,0.335673,1634502939.9613373,49110726.57373167
2026-07-06,ondo-finance,ondo,Ondo,,0.332539,1619242130.2147224,50802413.45933624
2026-07-07,ondo-finance,ondo,Ondo,,0.332903,1621015295.1756816,74834925.16386752
2026-07-08,ondo-finance,ondo,Ondo,,0.327875,1596531745.4418106,52174493.696134605
2026-07-09,ondo-finance,ondo,Ondo,,0.315408,1535825449.5410628,67949081.4617238
2026-07-10,ondo-finance,ondo,Ondo,,0.316482,1541054637.808402,42357584.37348437
2026-07-11,ondo-finance,ondo,Ondo,,0.327996,1597119132.14613,52130786.792042136
2026-07-12,ondo-finance,ondo,Ondo,,0.323984,1577585504.5691528,44467859.71508073
2026-07-13,ondo-finance,ondo,Ondo,,0.322719,1571425702.8213012,29380683.05083072
2026-07-14,ondo-finance,ondo,Ondo,,0.310698,1512889975.6939602,42302014.56594073
2026-07-15,ondo-finance,ondo,Ondo,,0.314772,1532729264.6556334,56350223.038063645
2026-07-16,ondo-finance,ondo,Ondo,,0.365353,1779023675.84516,170955695.58684558
2026-07-17,ondo-finance,ondo,Ondo,,0.363492,1769962607.0647502,260516252.41773206
2026-07-18,ondo-finance,ondo,Ondo,,0.372534,1813992971.623764,143349803.3875959
2026-07-19,ondo-finance,ondo,Ondo,,0.346778,1688576135.186582,164292094.31396994
2026-07-20,ondo-finance,ondo,Ondo,,0.345325,1681502418.5141954,70764167.11138779
2026-07-21,ondo-finance,ondo,Ondo,,0.357559,1741072961.638954,85398543.38228841
2026-07-22,ondo-finance,ondo,Ondo,,0.400952,1952368553.689786,223388104.6452296
2026-07-23,ondo-finance,ondo,Ondo,,0.412753,2009833055.4472697,155136525.7482275
2026-07-24,ondo-finance,ondo,Ondo,,0.401184,1953499764.7215185,107901086.338503
2026-07-25,ondo-finance,ondo,Ondo,,0.383747,1868589257.065254,123184722.69228984
2026-07-26,ondo-finance,ondo,Ondo,,0.378193,1841547975.4215467,80215567.33557399
2026-07-27,ondo-finance,ondo,Ondo,,0.404446,1969381989.6643598,126010855.07604645
2026-07-28,ondo-finance,ondo,Ondo,,0.393877,1917915251.7396233,156133876.7927653
2026-07-29,ondo-finance,ondo,Ondo,,0.405901,1976467372.2349792,135921170.5582545
2026-07-30,ondo-finance,ondo,Ondo,,0.403074,1962698175.3887942,126059260.30178228
2026-07-31,ondo-finance,ondo,Ondo,,0.415597,2023680840.9866652,158168603.05569866
2026-08-01,ondo-finance,ondo,Ondo,,0.38963,1897238670.7009492,118506511.60505621
2026-08-02,ondo-finance,ondo,Ondo,,0.379818,1849457401.7035754,87626027.3583459
2026-08-03,ondo-finance,ondo,Ondo,,0.378986,1845409391.514961,100178634.2464854
2026-08-04,ondo-finance,ondo,Ondo,,0.371466,1808788740.168078,103452918.09977151
2026-08-05,ondo-finance,ondo,Ondo,,0.373635,1819350941.1640491,113221093.5712764
2026-08-06,ondo-finance,ondo,Ondo,,0.373475,1818572113.2648957,97993912.77663614
2026-08-07,ondo-finance,ondo,Ondo,,0.358652,1746396764.6888103,85059855.86180283
2026-08-08,ondo-finance,ondo,Ondo,,0.347704,1693087780.4454257,134703269.89032808
2026-08-09,ondo-finance,ondo,Ondo,,0.351773,1712899570.7525237,55952355.97524185
2026-08-10,ondo-finance,ondo,Ondo,,0.347984,1694447745.8366838,67276395.05308622
2026-08-11,ondo-finance,ondo,Ondo,,0.33956,1653427764.7869308,68023939.06779256
2026-08-12,ondo-finance,ondo,Ondo,,0.335412,1633230316.4368532,68996764.76567191
2026-08-13,ondo-finance,ondo,Ondo,,0.330173,1607722986.5744681,70598101.2658276
2026-08-14,ondo-finance,ondo,Ondo,,0.334513,1628852157.5581086,59692315.19892248
2026-08-15,ondo-finance,ondo,Ondo,,0.327173,1593112179.6037297,63882687.91802272
2026-08-16,ondo-finance,ondo,Ondo,,0.323382,1574652976.820691,40198077.745000675
2026-08-17,ondo-finance,ondo,Ondo,,0.330356,1608611675.1458564,45111622.689903505
2026-08-18,ondo-finance,ondo,Ondo,,0.33608,1636482458.0097435,68296987.10320294
2026-08-19,ondo-finance,ondo,Ondo,,0.326015,1587472824.673607,58020010.043235585
2026-08-20,ondo-finance,ondo,Ondo,,0.347036,1689833192.2392504,96444274.03597152
2026-08-21,ondo-finance,ondo,Ondo,,0.355663,1731839610.8964105,137559428.78653064
2026-08-22,ondo-finance,ondo,Ondo,,0.396948,1932868792.0230234,252574201.1661429
2026-08-23,ondo-finance,ondo,Ondo,,0.363995,1772412717.2068357,270114266.6813259
2026-08-24,ondo-finance,ondo,Ondo,,0.382719,1863585740.6450555,184102302.1361567
2026-08-25,ondo-finance,ondo,Ondo,,0.38165,1858379539.389909,197418150.85622817
2026-08-26,ondo-finance,ondo,Ondo,,0.363906,1771976297.0983717,135066892.88233894
2026-08-27,ondo-finance,ondo,Ondo,,0.375013,1826063601.2106578,101356914.68043639
2026-08-28,ondo-finance,ondo,Ondo,,0.377173,1836579620.3701284,129046124.09651397
2026-08-29,bitcoin,btc,Bitcoin,1,77566,1557294878495,31129625677
2026-08-29,ethereum,eth,Ethereum,2,2436.93,294099726659,13334115973
2026-08-29,tether,usdt,Tether,3,1.0,183421552497,56680896431
2026-08-29,binancecoin,bnb,BNB,4,688.72,91717574612,800207492
2026-08-29,ripple,xrp,XRP,5,1.38,86762709818,2621665903
2026-08-29,usd-coin,usdc,USDC,6,1.0,74108217442,16355251420
2026-08-29,solana,sol,Solana,7,103.6,60530500283,5161781003
2026-08-29,tron,trx,TRON,8,0.338867,32170944961,476805434
2026-08-29,figure-heloc,figr_heloc,Figure Heloc,9,1.04,22632451347,172610830
2026-08-29,hyperliquid,hype,Hyperliquid,10,81.42,18116587354,1338161727
2026-08-29,dogecoin,doge,Dogecoin,11,0.084837,14540919524,635091420
2026-08-29,zcash,zec,Zcash,12,799.84,13527978014,1106816287
2026-08-29,rain,rain,Rain,13,0.01764456,12513517902,39155730
2026-08-29,usds,usds,USDS,14,0.999978,9815479054,416898950
2026-08-29,leo-token,leo,LEO Token,15,9.69,8915030376,208447
2026-08-29,monero,xmr,Monero,16,464.76,8738324340,96568456
2026-08-29,chainlink,link,Chainlink,17,11.34,8486383497,347555273
2026-08-29,whitebit,wbt,WhiteBIT Coin,18,71.55,8439630132,103853515
2026-08-29,cardano,ada,Cardano,19,0.200555,7520861456,339568115
2026-08-29,stellar,xlm,Stellar,20,0.177729,6167351374,128670387
2026-08-29,bitcoin-cash,bch,Bitcoin Cash,21,245.73,4935373732,173920689
2026-08-29,dai,dai,Dai,22,1.0,4574496113,305127024
2026-08-29,canton-network,cc,Canton,23,0.110665,4365214443,10322655
2026-08-29,usd1-wlfi,usd1,USD1,24,0.999779,4143750976,1303330744
2026-08-29,ethena-usde,usde,Ethena USDe,25,0.999956,4081707285,42115669
2026-08-29,litecoin,ltc,Litecoin,26,49.15,3811369636,246352071
2026-08-29,the-open-network,gram,Gram (prev. Toncoin),27,1.36,3750623257,36571521
2026-08-29,global-dollar,usdg,Global Dollar,28,1.0,3340592824,468660274
2026-08-29,hedera-hashgraph,hbar,Hedera,29,0.075205,3296948590,81603512
2026-08-29,avalanche-2,avax,Avalanche,30,7.29,3146957054,174413355
2026-08-29,shiba-inu,shib,Shiba Inu,31,5.13e-06,3022359839,74266487
2026-08-29,sui,sui,Sui,32,0.740807,3019153596,385900615
2026-08-29,blackrock-usd-institutional-digital-liquidity-fund,buidl,BlackRock USD Institutional Digital Liquidity Fund,33,1.0,2810648662,0.0
2026-08-29,paypal-usd,pyusd,PayPal USD,34,0.99995,2806591262,115538535
2026-08-29,hashnote-usyc,usyc,Circle USYC,35,1.14,2777767194,0.0
2026-08-29,crypto-com-chain,cro,Cronos,36,0.057012,2766615907,6133086
2026-08-29,uniswap,uni,Uniswap,37,4.42,2757288949,281571611
2026-08-29,tether-gold,xaut,Tether Gold,38,4455.75,2730597108,336142992
2026-08-29,near,near,NEAR Protocol,39,1.81,2356485007,163025748
2026-08-29,memecore,m,MemeCore,40,1.033,2341931497,1527257
2026-08-29,okb,okb,OKB,41,110.94,2330615229,20917484
2026-08-29,ripple-usd,rlusd,Ripple USD,42,1.0,2320153012,441926674
2026-08-29,bittensor,tao,Bittensor,43,235.23,2257827543,160773392
2026-08-29,ondo-us-dollar-yield,usdy,Ondo US Dollar Yield,44,1.14,2173837824,1812057
2026-08-29,pax-gold,paxg,PAX Gold,45,4459.1,1923352398,187363144
2026-08-29,aster-2,aster,Aster,46,0.69862,1886621742,101319077
2026-08-29,aave,aave,Aave,47,121.47,1874006887,246497656
2026-08-29,world-liberty-financial,wlfi,World Liberty Financial,48,0.058024,1843630951,50397041
2026-08-29,pump-fun,pump,Pump.fun,49,0.00458959,1821942002,209446999
2026-08-29,ondo-finance,ondo,Ondo,50,0.35069,1707346902,91728473
2026-08-30,bitcoin,btc,Bitcoin,1,78114,1568329481214,14374999643
2026-08-30,ethereum,eth,Ethereum,2,2455.38,296322193222,5401904008
2026-08-30,tether,usdt,Tether,3,0.999974,183409647026,27382574034
2026-08-30,binancecoin,bnb,BNB,4,693.63,92374031190,484630737
2026-08-30,ripple,xrp,XRP,5,1.39,87470047289,1038105492
2026-08-30,usd-coin,usdc,USDC,6,0.999964,74029946202,6809925693
2026-08-30,solana,sol,Solana,7,104.97,61429502989,2093235580
2026-08-30,tron,trx,TRON,8,0.340817,32351720844,284746492
2026-08-30,figure-heloc,figr_heloc,Figure Heloc,9,1.0,21815005602,3820525
2026-08-30,hyperliquid,hype,Hyperliquid,9,83.02,18467951459,853099153
2026-08-30,zcash,zec,Zcash,10,832.33,14068192131,1116393825
2026-08-30,dogecoin,doge,Dogecoin,11,0.084941,13225277713,312305535
2026-08-30,rain,rain,Rain,12,0.01749769,12410123063,34149180
2026-08-30,usds,usds,USDS,13,0.999946,9836859176,206916250
2026-08-30,leo-token,leo,LEO Token,14,9.71,8931422268,229073
2026-08-30,monero,xmr,Monero,15,473.47,8900800920,67016369
2026-08-30,chainlink,link,Chainlink,16,11.4,8526056569,226100178
2026-08-30,whitebit,wbt,WhiteBIT Coin,17,71.94,8486088382,30599430
2026-08-30,cardano,ada,Cardano,18,0.200722,7528287969,186046646
2026-08-30,stellar,xlm,Stellar,19,0.180086,6246430440,66332871
2026-08-30,bitcoin-cash,bch,Bitcoin Cash,20,244.98,4920040797,84595087
2026-08-30,canton-network,cc,Canton,21,0.119171,4701475526,12144278
2026-08-30,dai,dai,Dai,22,0.999844,4605409371,115755208
2026-08-30,usd1-wlfi,usd1,USD1,23,0.999617,4158146195,570070516
2026-08-30,ethena-usde,usde,Ethena USDe,24,1.0,4075800661,28233457
2026-08-30,litecoin,ltc,Litecoin,25,48.91,3793251661,174513831
2026-08-30,the-open-network,gram,Gram (prev. Toncoin),26,1.36,3786189629,25251510
2026-08-30,global-dollar,usdg,Global Dollar,27,1.0,3326044480,494215087
2026-08-30,hedera-hashgraph,hbar,Hedera,28,0.074868,3281866467,41641179
2026-08-30,avalanche-2,avax,Avalanche,29,7.3,3153376528,96527487
2026-08-30,uniswap,uni,Uniswap,30,4.87,3038274708,374197036
2026-08-30,shiba-inu,shib,Shiba Inu,32,5.13e-06,3022574926,47975180
2026-08-30,sui,sui,Sui,31,0.741591,3021561297,223884563
2026-08-30,blackrock-usd-institutional-digital-liquidity-fund,buidl,BlackRock USD Institutional Digital Liquidity Fund,33,1.0,2810648662,0.0
2026-08-30,crypto-com-chain,cro,Cronos,34,0.057536,2792043413,4131710
2026-08-30,paypal-usd,pyusd,PayPal USD,35,0.99997,2792025335,34159524
2026-08-30,hashnote-usyc,usyc,Circle USYC,36,1.14,2777767194,0.0
2026-08-30,tether-gold,xaut,Tether Gold,37,4455.29,2730272498,114184987
2026-08-30,memecore,m,MemeCore,38,1.088,2466360909,1126866
2026-08-30,near,near,NEAR Protocol,39,1.88,2451402343,148860079
2026-08-30,okb,okb,OKB,40,114.59,2406444821,20962889
2026-08-30,ripple-usd,rlusd,Ripple USD,41,1.0,2353227835,230876920
2026-08-30,bittensor,tao,Bittensor,42,236.5,2270259911,74871521
2026-08-30,ondo-us-dollar-yield,usdy,Ondo US Dollar Yield,43,1.14,2185311052,498342
2026-08-30,pump-fun,pump,Pump.fun,44,0.00488284,1936334694,189804143
2026-08-30,aave,aave,Aave,45,125.38,1934997779,192969304
2026-08-30,pax-gold,paxg,PAX Gold,46,4462.62,1924682657,34429144
2026-08-30,aster-2,aster,Aster,47,0.697689,1883580958,79405632
2026-08-30,world-liberty-financial,wlfi,World Liberty Financial,48,0.057573,1829434730,20886129
2026-08-30,mantle,mnt,Mantle,49,0.522196,1724461515,15480600
2026-08-31,bitcoin,btc,Bitcoin,1,77957,1565175636568,22577462665
2026-08-31,ethereum,eth,Ethereum,2,2434.66,293817512211,12990116721
2026-08-31,tether,usdt,Tether,3,0.99985,183383895388,43984338412
2026-08-31,binancecoin,bnb,BNB,4,686.38,91399571776,736807578
2026-08-31,ripple,xrp,XRP,5,1.36,85513340034,2036189829
2026-08-31,usd-coin,usdc,USDC,6,0.999852,73878885971,11239510794
2026-08-31,solana,sol,Solana,7,102.55,60001356957,3445709494
2026-08-31,tron,trx,TRON,8,0.336557,31948728039,374107915
2026-08-31,figure-heloc,figr_heloc,Figure Heloc,9,1.0,21815005602,3820525
2026-08-31,hyperliquid,hype,Hyperliquid,9,80.88,17992440889,912764219
2026-08-31,zcash,zec,Zcash,10,831.1,14050468901,1131863015
2026-08-31,dogecoin,doge,Dogecoin,11,0.082762,12887528149,654863604
2026-08-31,rain,rain,Rain,12,0.01705533,12095523266,32083799
2026-08-31,usds,usds,USDS,13,0.999819,9817577113,57739143
2026-08-31,monero,xmr,Monero,14,514.56,9672971944,209976724
2026-08-31,leo-token,leo,LEO Token,15,9.66,8882169122,319127
2026-08-31,whitebit,wbt,WhiteBIT Coin,16,71.78,8468888503,93996112
2026-08-31,chainlink,link,Chainlink,17,11.26,8424345478,342749202
2026-08-31,cardano,ada,Cardano,18,0.195507,7331272154,348570023
2026-08-31,stellar,xlm,Stellar,19,0.176303,6115161187,122417765
2026-08-31,bitcoin-cash,bch,Bitcoin Cash,20,246.49,4950201507,130263640
2026-08-31,canton-network,cc,Canton,21,0.118548,4677429019,11130007
2026-08-31,dai,dai,Dai,22,0.999701,4586811106,177975998
2026-08-31,usd1-wlfi,usd1,USD1,23,0.999599,4181990372,1034756857
2026-08-31,ethena-usde,usde,Ethena USDe,24,0.999852,4082651928,36094397
2026-08-31,litecoin,ltc,Litecoin,25,48.57,3766845584,197597371
2026-08-31,the-open-network,gram,Gram (prev. Toncoin),26,1.35,3743643765,27768479
2026-08-31,global-dollar,usdg,Global Dollar,27,0.999981,3322991345,753197724
2026-08-31,hedera-hashgraph,hbar,Hedera,28,0.074226,3253451168,51541604
2026-08-31,uniswap,uni,Uniswap,29,5.12,3192169887,862628211
2026-08-31,avalanche-2,avax,Avalanche,30,7.21,3113133567,187790956
2026-08-31,shiba-inu,shib,Shiba Inu,31,5.04e-06,2970045844,79810200
2026-08-31,sui,sui,Sui,32,0.721451,2939586782,483056310
2026-08-31,blackrock-usd-institutional-digital-liquidity-fund,buidl,BlackRock USD Institutional Digital Liquidity Fund,33,1.0,2810648662,0.0
2026-08-31,paypal-usd,pyusd,PayPal USD,34,0.999782,2809992406,44475560
2026-08-31,hashnote-usyc,usyc,Circle USYC,35,1.14,2777767194,0.0
2026-08-31,crypto-com-chain,cro,Cronos,36,0.056572,2745129235,22004684
2026-08-31,tether-gold,xaut,Tether Gold,37,4426.64,2712762693,336246785
2026-08-31,memecore,m,MemeCore,38,1.08,2449606772,1464341
2026-08-31,near,near,NEAR Protocol,39,1.84,2405318523,222071864
2026-08-31,ripple-usd,rlusd,Ripple USD,40,1.0,2369420547,81528094
2026-08-31,okb,okb,OKB,41,111.52,2341826056,17958119
2026-08-31,bittensor,tao,Bittensor,42,229.56,2203182405,137877022
2026-08-31,ondo-us-dollar-yield,usdy,Ondo US Dollar Yield,43,1.14,2179545808,1761295
2026-08-31,pax-gold,paxg,PAX Gold,44,4432.03,1911602610,116287324
2026-08-31,aave,aave,Aave,45,123.11,1899004443,265981864
2026-08-31,aster-2,aster,Aster,46,0.696426,1880357982,106895334
2026-08-31,mantle,mnt,Mantle,47,0.567232,1873166297,43995135
2026-08-31,world-liberty-financial,wlfi,World Liberty Financial,48,0.057432,1825015401,36194426
2026-08-31,ondo-finance,ondo,Ondo,49,0.347797,1693537216,75413226
2026-09-01,bitcoin,btc,Bitcoin,1,78843,1583223633683,29608488119
2026-09-01,ethereum,eth,Ethereum,2,2473.71,298555584703,11231755085
2026-09-01,tether,usdt,Tether,3,0.99974,183331172266,50063663894
2026-09-01,binancecoin,bnb,BNB,4,690.76,91999613832,650923102
2026-09-01,ripple,xrp,XRP,5,1.39,86973397133,1770920866
2026-09-01,usd-coin,usdc,USDC,6,0.999842,73421014278,15460903095
2026-09-01,solana,sol,Solana,7,103.77,60738460423,2927713595
2026-09-01,tron,trx,TRON,8,0.331572,31475999467,417373985
2026-09-01,figure-heloc,figr_heloc,Figure Heloc,9,1.002,21871182001,657233037
2026-09-01,hyperliquid,hype,Hyperliquid,10,84.1,18710687360,1252843649
2026-09-01,zcash,zec,Zcash,11,860.12,14546275570,568124956
2026-09-01,dogecoin,doge,Dogecoin,12,0.083459,12999393111,445447913
2026-09-01,rain,rain,Rain,13,0.01673554,11860983499,28086696
2026-09-01,usds,usds,USDS,14,0.999905,9833590945,176173597
2026-09-01,monero,xmr,Monero,15,518.68,9750840758,194159108
2026-09-01,leo-token,leo,LEO Token,16,9.37,8620490464,353215
2026-09-01,whitebit,wbt,WhiteBIT Coin,17,72.66,8572085985,91112135
2026-09-01,chainlink,link,Chainlink,18,11.45,8569706896,410916178
2026-09-01,cardano,ada,Cardano,19,0.201366,7552061353,315618751
2026-09-01,stellar,xlm,Stellar,20,0.178261,6187711125,125461189
2026-09-01,bitcoin-cash,bch,Bitcoin Cash,21,249.7,5013897506,107412127
2026-09-01,canton-network,cc,Canton,22,0.123019,4855580307,13963634
2026-09-01,dai,dai,Dai,23,0.999906,4592602320,307721237
2026-09-01,usd1-wlfi,usd1,USD1,24,0.999467,4195474340,1322755426
2026-09-01,ethena-usde,usde,Ethena USDe,25,0.9996,4119192085,82043750
2026-09-01,the-open-network,gram,Gram (prev. Toncoin),26,1.38,3834935888,79420945
2026-09-01,litecoin,ltc,Litecoin,27,49.04,3803432640,203165499
2026-09-01,uniswap,uni,Uniswap,28,5.61,3498401277,532604143
2026-09-01,global-dollar,usdg,Global Dollar,29,0.999834,3313236561,1207697232
2026-09-01,hedera-hashgraph,hbar,Hedera,30,0.074866,3281692945,48708810
2026-09-01,avalanche-2,avax,Avalanche,31,7.28,3146590739,145072271
2026-09-01,shiba-inu,shib,Shiba Inu,32,5.17e-06,3045519824,62289424
2026-09-01,sui,sui,Sui,33,0.730506,2976777158,375958918
2026-09-01,paypal-usd,pyusd,PayPal USD,34,0.999865,2905354596,90966916
2026-09-01,blackrock-usd-institutional-digital-liquidity-fund,buidl,BlackRock USD Institutional Digital Liquidity Fund,35,1.0,2818581338,0.0
2026-09-01,hashnote-usyc,usyc,Circle USYC,36,1.14,2777985218,0.0
2026-09-01,crypto-com-chain,cro,Cronos,37,0.056462,2740080002,6685748
2026-09-01,tether-gold,xaut,Tether Gold,38,4425.75,2712289359,195459649
2026-09-01,near,near,NEAR Protocol,39,1.96,2553251599,233053096
2026-09-01,memecore,m,MemeCore,40,1.089,2469458418,1499694
2026-09-01,okb,okb,OKB,41,112.31,2359870583,13694926
2026-09-01,ripple-usd,rlusd,Ripple USD,42,1.0,2263433786,165659274
2026-09-01,bittensor,tao,Bittensor,43,229.6,2203998872,96122201
2026-09-01,ondo-us-dollar-yield,usdy,Ondo US Dollar Yield,44,1.14,2187317026,1683052
2026-09-01,aave,aave,Aave,45,126.44,1950461030,221671217
2026-09-01,pax-gold,paxg,PAX Gold,46,4433.23,1912027602,117007306
2026-09-01,aster-2,aster,Aster,47,0.698465,1885180847,70321802
2026-09-01,world-liberty-financial,wlfi,World Liberty Financial,48,0.057192,1817251267,26108277
2026-09-01,mantle,mnt,Mantle,49,0.546698,1805867441,28327524
2026-09-01,pump-fun,pump,Pump.fun,50,0.00450501,1785337733,175971218
2026-09-02,bitcoin,btc,Bitcoin,1,77609,1558018998332,30216383967
2026-09-02,ethereum,eth,Ethereum,2,2420.27,291998719581,13381379855
2026-09-02,tether,usdt,Tether,3,0.999615,183309354630,53877841366
2026-09-02,binancecoin,bnb,BNB,4,687.4,91520722391,833809720
2026-09-02,ripple,xrp,XRP,5,1.35,84509532127,2272303012
2026-09-02,usd-coin,usdc,USDC,6,0.999756,73630110187,16027991648
2026-09-02,solana,sol,Solana,7,100.02,58517556479,3539984564
2026-09-02,tron,trx,TRON,8,0.322664,30632312242,594743280
2026-09-02,figure-heloc,figr_heloc,Figure Heloc,9,1.034,22767345962,43684515
2026-09-02,hyperliquid,hype,Hyperliquid,10,83.21,18504445990,1393584129
2026-09-02,zcash,zec,Zcash,11,835.63,14127594598,533016454
2026-09-02,dogecoin,doge,Dogecoin,12,0.081869,12746828251,593941107
2026-09-02,rain,rain,Rain,13,0.01705664,12095821374,29318025
2026-09-02,usds,usds,USDS,14,0.999773,9838773990,152168612
2026-09-02,monero,xmr,Monero,15,521.85,9810072116,156581388
2026-09-02,leo-token,leo,LEO Token,16,9.31,8563527670,276201
2026-09-02,whitebit,wbt,WhiteBIT Coin,17,71.38,8417680512,90069764
2026-09-02,chainlink,link,Chainlink,18,11.24,8409706504,361489881
2026-09-02,cardano,ada,Cardano,19,0.197678,7413912198,332285727
2026-09-02,stellar,xlm,Stellar,20,0.175438,6086668180,121210800
2026-09-02,bitcoin-cash,bch,Bitcoin Cash,21,247.92,4977645810,127711319
2026-09-02,dai,dai,Dai,22,0.999868,4556580982,240120891
2026-09-02,canton-network,cc,Canton,23,0.113997,4499622686,11062760
2026-09-02,ethena-usde,usde,Ethena USDe,24,0.999423,4223931925,77135346
2026-09-02,usd1-wlfi,usd1,USD1,25,0.999302,4194927123,1357496718
2026-09-02,uniswap,uni,Uniswap,26,6.21,3872332388,1150302090
2026-09-02,litecoin,ltc,Litecoin,27,49.37,3829429734,292085127
2026-09-02,the-open-network,gram,Gram (prev. Toncoin),28,1.32,3678887758,52449962
2026-09-02,hedera-hashgraph,hbar,Hedera,29,0.074003,3243999622,58729210
2026-09-02,global-dollar,usdg,Global Dollar,30,0.999819,3224710222,1602234432
2026-09-02,avalanche-2,avax,Avalanche,31,7.23,3120205211,204028010
2026-09-02,shiba-inu,shib,Shiba Inu,32,5.18e-06,3051835132,75780369
2026-09-02,sui,sui,Sui,33,0.724083,2965350611,395480479
2026-09-02,paypal-usd,pyusd,PayPal USD,34,0.999705,2811738644,88628856
2026-09-02,blackrock-usd-institutional-digital-liquidity-fund,buidl,BlackRock USD Institutional Digital Liquidity Fund,35,1.0,2768852901,0.0
2026-09-02,hashnote-usyc,usyc,Circle USYC,36,1.14,2708043113,0.0
2026-09-02,crypto-com-chain,cro,Cronos,37,0.055155,2677023679,5444353
2026-09-02,tether-gold,xaut,Tether Gold,38,4326.72,2651530787,371612832
2026-09-02,near,near,NEAR Protocol,39,1.86,2424367768,304630713
2026-09-02,ripple-usd,rlusd,Ripple USD,40,1.0,2398124623,108960900
2026-09-02,memecore,m,MemeCore,41,1.048,2376124777,2736764
2026-09-02,okb,okb,OKB,42,110.1,2312083939,15151346
2026-09-02,ondo-us-dollar-yield,usdy,Ondo US Dollar Yield,43,1.14,2186517291,734039
2026-09-02,bittensor,tao,Bittensor,44,220.22,2113757816,122576592
2026-09-02,aave,aave,Aave,45,133.15,2053917288,352532838
2026-09-02,aster-2,aster,Aster,46,0.707228,1909823916,108088272
2026-09-02,pax-gold,paxg,PAX Gold,47,4335.47,1870038788,230167830
2026-09-02,world-liberty-financial,wlfi,World Liberty Financial,48,0.057181,1817196730,30259283
2026-09-02,mantle,mnt,Mantle,49,0.544547,1798282242,23891700
2026-09-02,morpho,morpho,Morpho,50,2.59,1783533578,39048489
2026-09-03,bitcoin,btc,Bitcoin,1,77726,1560876969010,27222911052
2026-09-03,ethereum,eth,Ethereum,2,2404.07,293382571757,12885611687
2026-09-03,tether,usdt,Tether,3,0.999617,183311797700,48852270827
2026-09-03,binancecoin,bnb,BNB,4,695.52,92619546378,694993666
2026-09-03,ripple,xrp,XRP,5,1.37,85766465643,2473243723
2026-09-03,usd-coin,usdc,USDC,6,0.999821,73693188898,13098206909
2026-09-03,solana,sol,Solana,7,100.74,58976716624,3134398239
2026-09-03,tron,trx,TRON,8,0.326332,30978479689,362095372
2026-09-03,figure-heloc,figr_heloc,Figure Heloc,9,1.013,22411313295,65144563
2026-09-03,hyperliquid,hype,Hyperliquid,10,82.16,18280470067,1070021940
2026-09-03,zcash,zec,Zcash,11,831.67,14066025658,487783721
2026-09-03,dogecoin,doge,Dogecoin,12,0.082861,12912580333,610393280
2026-09-03,rain,rain,Rain,13,0.01670489,11844235996,39979628
2026-09-03,usds,usds,USDS,14,0.999827,9824616671,172447642
2026-09-03,monero,xmr,Monero,15,513.59,9656987037,162217375
2026-09-03,leo-token,leo,LEO Token,16,9.25,8510321269,81169
2026-09-03,whitebit,wbt,WhiteBIT Coin,17,71.2,8400456346,90464621
2026-09-03,chainlink,link,Chainlink,18,11.2,8378517277,333796483
2026-09-03,cardano,ada,Cardano,19,0.205491,7709448717,393712796
2026-09-03,stellar,xlm,Stellar,20,0.177164,6149165596,111976145
2026-09-03,bitcoin-cash,bch,Bitcoin Cash,21,249.68,5014621118,107435221
2026-09-03,dai,dai,Dai,22,0.999925,4569711640,171777022
2026-09-03,canton-network,cc,Canton,23,0.109468,4321556542,12351079
2026-09-03,ethena-usde,usde,Ethena USDe,24,0.999484,4243422249,86627412
2026-09-03,usd1-wlfi,usd1,USD1,25,0.999374,4195099923,984196281
2026-09-03,litecoin,ltc,Litecoin,26,50.18,3892608938,260123171
2026-09-03,the-open-network,gram,Gram (prev. Toncoin),27,1.34,3724051075,26633663
2026-09-03,uniswap,uni,Uniswap,28,5.71,3562412942,890268018
2026-09-03,hedera-hashgraph,hbar,Hedera,29,0.075901,3327123927,47937377
2026-09-03,global-dollar,usdg,Global Dollar,30,1.0,3238431329,1717377684
2026-09-03,avalanche-2,avax,Avalanche,31,7.29,3146163378,193075743
2026-09-03,sui,sui,Sui,32,0.767354,3144383643,541877982
2026-09-03,shiba-inu,shib,Shiba Inu,33,5.22e-06,3074237715,63347272
2026-09-03,paypal-usd,pyusd,PayPal USD,34,0.999999,2915087968,98188672
2026-09-03,blackrock-usd-institutional-digital-liquidity-fund,buidl,BlackRock USD Institutional Digital Liquidity Fund,35,1.0,2772716754,0.0
2026-09-03,hashnote-usyc,usyc,Circle USYC,36,1.14,2705993138,0.0
2026-09-03,tether-gold,xaut,Tether Gold,37,4412.05,2704596608,254938286
2026-09-03,crypto-com-chain,cro,Cronos,38,0.055141,2675670100,4961614
2026-09-03,near,near,NEAR Protocol,39,1.9,2476638239,207435601
2026-09-03,memecore,m,MemeCore,40,1.061,2406257473,2413411
2026-09-03,ripple-usd,rlusd,Ripple USD,41,0.999965,2378574210,186018532
2026-09-03,okb,okb,OKB,42,105.79,2221721295,28468648
2026-09-03,ondo-us-dollar-yield,usdy,Ondo US Dollar Yield,43,1.14,2188304205,292216
2026-09-03,bittensor,tao,Bittensor,44,221.03,2122344876,95031698
2026-09-03,aave,aave,Aave,45,127.57,1968405401,278086290
2026-09-03,aster-2,aster,Aster,46,0.724509,1956966807,156706416
2026-09-03,pax-gold,paxg,PAX Gold,47,4425.53,1910905564,156343265
2026-09-03,mantle,mnt,Mantle,48,0.558162,1843352293,22547152
2026-09-03,world-liberty-financial,wlfi,World Liberty Financial,49,0.05611,1783024021,25199550
2026-09-03,morpho,morpho,Morpho,50,2.52,1735671257,34701254
2026-09-04,bitcoin,btc,Bitcoin,1,80924,1625028695241,40522810009
2026-09-04,ethereum,eth,Ethereum,2,2510.55,306367409213,17010656932
2026-09-04,tether,usdt,Tether,3,0.999933,183364887129,70980016779
2026-09-04,binancecoin,bnb,BNB,4,723.03,96286089800,1251430922
2026-09-04,ripple,xrp,XRP,5,1.45,90833502623,4019864365
2026-09-04,usd-coin,usdc,USDC,6,0.99988,74304639077,19990037199
2026-09-04,solana,sol,Solana,7,103.78,60754038023,4042310717
2026-09-04,tron,trx,TRON,8,0.328452,31178799581,415238898
2026-09-04,figure-heloc,figr_heloc,Figure Heloc,9,1.032,22912619599,354148015
2026-09-04,hyperliquid,hype,Hyperliquid,10,85.89,19098946574,1634212404
2026-09-04,zcash,zec,Zcash,11,953.81,16138384438,1014389013
2026-09-04,dogecoin,doge,Dogecoin,12,0.086927,13542403685,1014936753
2026-09-04,rain,rain,Rain,13,0.01706415,12099380678,39123457
2026-09-04,usds,usds,USDS,14,0.999892,9788066370,180801882
2026-09-04,monero,xmr,Monero,15,510.31,9610330329,138082212
2026-09-04,chainlink,link,Chainlink,16,11.86,8874123580,484912713
2026-09-04,whitebit,wbt,WhiteBIT Coin,17,73.87,8714658937,116851274
2026-09-04,leo-token,leo,LEO Token,18,9.24,8500883113,173955
2026-09-04,cardano,ada,Cardano,19,0.221331,8302294902,708434287
2026-09-04,stellar,xlm,Stellar,20,0.183141,6355733444,150692248
2026-09-04,bitcoin-cash,bch,Bitcoin Cash,21,254.89,5119628098,174473154
2026-09-04,dai,dai,Dai,22,0.999816,4599809744,364964932
2026-09-04,canton-network,cc,Canton,23,0.110032,4346137218,10252543
2026-09-04,ethena-usde,usde,Ethena USDe,24,0.999728,4285425942,86273640
2026-09-04,usd1-wlfi,usd1,USD1,25,0.999693,4219013879,1492900850
2026-09-04,litecoin,ltc,Litecoin,26,50.9,3947895629,253765623
2026-09-04,uniswap,uni,Uniswap,27,6.29,3920925064,1037182335
2026-09-04,the-open-network,gram,Gram (prev. Toncoin),28,1.36,3788352427,42083945
2026-09-04,hedera-hashgraph,hbar,Hedera,29,0.07789,3414057872,70703815
2026-09-04,global-dollar,usdg,Global Dollar,30,1.0,3247493933,1892127077
2026-09-04,avalanche-2,avax,Avalanche,31,7.46,3222577100,259774505
2026-09-04,sui,sui,Sui,32,0.768302,3146483845,571980777
2026-09-04,shiba-inu,shib,Shiba Inu,33,5.31e-06,3129968693,75558329
2026-09-04,paypal-usd,pyusd,PayPal USD,34,1.0,3026283784,125584815
2026-09-04,blackrock-usd-institutional-digital-liquidity-fund,buidl,BlackRock USD Institutional Digital Liquidity Fund,35,1.0,2795015724,0.0
2026-09-04,crypto-com-chain,cro,Cronos,36,0.057058,2768932542,9002940
2026-09-04,tether-gold,xaut,Tether Gold,37,4459.98,2734111269,256790564
2026-09-04,hashnote-usyc,usyc,Circle USYC,38,1.14,2689214373,0.0
2026-09-04,near,near,NEAR Protocol,39,1.92,2509255674,240189184
2026-09-04,ripple-usd,rlusd,Ripple USD,40,1.0,2395538944,203669822
2026-09-04,memecore,m,MemeCore,41,1.041,2363036870,1793249
2026-09-04,okb,okb,OKB,42,109.68,2302813926,25758867
2026-09-04,ondo-us-dollar-yield,usdy,Ondo US Dollar Yield,43,1.14,2194797993,697168
2026-09-04,bittensor,tao,Bittensor,44,227.49,2183701547,143968460
2026-09-04,aave,aave,Aave,45,133.41,2058375472,311766562
2026-09-04,aster-2,aster,Aster,46,0.717813,1939743737,136173190
2026-09-04,pax-gold,paxg,PAX Gold,47,4469.27,1931573354,156833776
2026-09-04,mantle,mnt,Mantle,48,0.566892,1871709526,23607914
2026-09-04,world-liberty-financial,wlfi,World Liberty Financial,49,0.058222,1848815893,38146740
2026-09-04,ondo-finance,ondo,Ondo,50,0.360026,1753756970,96701099
